-- MySQL dump 10.13  Distrib 8.0.25, for Win64 (x86_64)
--
-- Host: localhost    Database: store_tires_and_car_service_stations
-- ------------------------------------------------------
-- Server version	8.0.25

/*!40101 SET @OLD_CHARACTER_SET_CLIENT=@@CHARACTER_SET_CLIENT */;
/*!40101 SET @OLD_CHARACTER_SET_RESULTS=@@CHARACTER_SET_RESULTS */;
/*!40101 SET @OLD_COLLATION_CONNECTION=@@COLLATION_CONNECTION */;
/*!50503 SET NAMES utf8 */;
/*!40103 SET @OLD_TIME_ZONE=@@TIME_ZONE */;
/*!40103 SET TIME_ZONE='+00:00' */;
/*!40014 SET @OLD_UNIQUE_CHECKS=@@UNIQUE_CHECKS, UNIQUE_CHECKS=0 */;
/*!40014 SET @OLD_FOREIGN_KEY_CHECKS=@@FOREIGN_KEY_CHECKS, FOREIGN_KEY_CHECKS=0 */;
/*!40101 SET @OLD_SQL_MODE=@@SQL_MODE, SQL_MODE='NO_AUTO_VALUE_ON_ZERO' */;
/*!40111 SET @OLD_SQL_NOTES=@@SQL_NOTES, SQL_NOTES=0 */;

--
-- Table structure for table `диски`
--

DROP TABLE IF EXISTS `диски`;
/*!40101 SET @saved_cs_client     = @@character_set_client */;
/*!50503 SET character_set_client = utf8mb4 */;
CREATE TABLE `диски` (
  `idДиски` int NOT NULL AUTO_INCREMENT,
  `idsize` int NOT NULL,
  `idvendor` int NOT NULL,
  PRIMARY KEY (`idДиски`),
  KEY `fk_size_idx` (`idsize`),
  KEY `fk_vendor_idx` (`idvendor`),
  CONSTRAINT `fk_size_disk` FOREIGN KEY (`idsize`) REFERENCES `размер_дисков` (`idРазмер`),
  CONSTRAINT `fk_vendor_disk` FOREIGN KEY (`idvendor`) REFERENCES `производитель_дисков` (`id`)
) ENGINE=InnoDB AUTO_INCREMENT=50 DEFAULT CHARSET=utf8mb4 COLLATE=utf8mb4_0900_ai_ci;
/*!40101 SET character_set_client = @saved_cs_client */;

--
-- Dumping data for table `диски`
--

LOCK TABLES `диски` WRITE;
/*!40000 ALTER TABLE `диски` DISABLE KEYS */;
INSERT INTO `диски` VALUES (35,1,1),(36,2,2),(37,3,3),(38,4,4),(39,5,5),(40,6,6),(41,7,7),(42,8,8),(43,9,6),(44,10,7),(45,11,5),(46,12,6),(47,13,4),(48,14,1),(49,15,2);
/*!40000 ALTER TABLE `диски` ENABLE KEYS */;
UNLOCK TABLES;

--
-- Table structure for table `должность`
--

DROP TABLE IF EXISTS `должность`;
/*!40101 SET @saved_cs_client     = @@character_set_client */;
/*!50503 SET character_set_client = utf8mb4 */;
CREATE TABLE `должность` (
  `id` int NOT NULL AUTO_INCREMENT,
  `Имя` varchar(45) NOT NULL,
  PRIMARY KEY (`id`)
) ENGINE=InnoDB AUTO_INCREMENT=11 DEFAULT CHARSET=utf8mb4 COLLATE=utf8mb4_0900_ai_ci;
/*!40101 SET character_set_client = @saved_cs_client */;

--
-- Dumping data for table `должность`
--

LOCK TABLES `должность` WRITE;
/*!40000 ALTER TABLE `должность` DISABLE KEYS */;
INSERT INTO `должность` VALUES (5,'Автослесарь'),(6,'Кассир'),(7,'Продавец'),(8,'Шиномонтажник'),(9,'Менеджер'),(10,'Бухгалтер');
/*!40000 ALTER TABLE `должность` ENABLE KEYS */;
UNLOCK TABLES;

--
-- Table structure for table `заказ`
--

DROP TABLE IF EXISTS `заказ`;
/*!40101 SET @saved_cs_client     = @@character_set_client */;
/*!50503 SET character_set_client = utf8mb4 */;
CREATE TABLE `заказ` (
  `id_record` int NOT NULL AUTO_INCREMENT,
  `Date` date NOT NULL,
  `id_employer` int NOT NULL,
  `id_buyer` int NOT NULL,
  PRIMARY KEY (`id_record`),
  KEY `id_buyer` (`id_buyer`),
  KEY `fk_empl_idx` (`id_employer`),
  CONSTRAINT `fk_empl` FOREIGN KEY (`id_employer`) REFERENCES `сотрудники` (`id_employer`),
  CONSTRAINT `заказ_ibfk_1` FOREIGN KEY (`id_buyer`) REFERENCES `покупатель` (`id_buyer`)
) ENGINE=InnoDB AUTO_INCREMENT=1002 DEFAULT CHARSET=utf8mb4 COLLATE=utf8mb4_0900_ai_ci;
/*!40101 SET character_set_client = @saved_cs_client */;

--
-- Dumping data for table `заказ`
--

LOCK TABLES `заказ` WRITE;
/*!40000 ALTER TABLE `заказ` DISABLE KEYS */;
INSERT INTO `заказ` VALUES (2,'2021-05-29',52,28),(3,'2020-02-03',54,12),(4,'2020-03-03',54,47),(5,'2021-04-21',51,98),(6,'2020-08-06',55,96),(7,'2019-04-15',50,68),(8,'2018-06-28',56,67),(9,'2020-10-10',53,25),(10,'2019-12-22',56,27),(11,'2019-11-19',56,68),(12,'2019-09-29',56,37),(13,'2018-02-10',56,95),(14,'2021-01-30',53,44),(15,'2020-10-03',49,70),(16,'2018-09-30',52,10),(17,'2019-10-22',54,2),(18,'2020-02-12',52,95),(19,'2020-01-10',51,56),(20,'2020-05-13',51,92),(21,'2019-05-17',56,72),(22,'2020-07-19',55,29),(23,'2019-01-17',50,79),(24,'2019-12-07',50,38),(25,'2019-08-22',53,14),(26,'2019-08-12',56,59),(27,'2020-02-11',54,37),(28,'2019-08-30',55,74),(29,'2019-07-09',56,76),(30,'2019-01-26',51,45),(31,'2020-02-02',55,65),(32,'2019-12-13',50,1),(33,'2020-02-16',56,72),(34,'2019-06-05',53,95),(35,'2018-05-10',52,67),(36,'2019-07-11',51,73),(37,'2020-10-19',54,70),(38,'2018-12-02',53,25),(39,'2019-12-15',54,42),(40,'2018-08-10',56,37),(41,'2018-05-17',53,63),(42,'2020-05-04',51,78),(43,'2020-07-06',53,8),(44,'2020-02-17',51,43),(45,'2021-05-18',55,82),(46,'2019-04-01',56,88),(47,'2020-06-24',52,91),(48,'2020-08-29',55,11),(49,'2019-06-06',54,68),(50,'2019-04-23',52,11),(51,'2019-01-23',53,9),(52,'2018-09-04',54,38),(53,'2018-02-19',52,10),(54,'2018-12-08',52,51),(55,'2020-06-12',54,27),(56,'2018-09-14',50,62),(57,'2018-10-13',51,1),(58,'2018-08-17',55,25),(59,'2018-03-08',49,95),(60,'2020-09-25',55,40),(61,'2020-11-10',49,78),(62,'2019-04-15',54,89),(63,'2019-02-12',54,87),(64,'2019-01-02',56,14),(65,'2019-08-18',52,24),(66,'2021-03-09',51,19),(67,'2018-04-17',56,62),(68,'2018-07-29',56,32),(69,'2019-01-08',49,93),(70,'2018-08-12',52,14),(71,'2019-04-30',56,78),(72,'2020-11-27',49,7),(73,'2018-10-14',54,69),(74,'2021-05-01',51,26),(75,'2018-07-18',51,48),(76,'2018-03-20',50,52),(77,'2019-04-23',53,41),(78,'2018-02-25',54,66),(79,'2019-11-23',56,32),(80,'2018-05-14',52,16),(81,'2020-09-04',53,7),(82,'2019-08-22',52,1),(83,'2019-07-02',55,72),(84,'2018-08-08',54,41),(85,'2018-08-20',56,94),(86,'2020-02-16',50,45),(87,'2018-02-21',50,68),(88,'2019-11-26',51,7),(89,'2019-12-24',54,82),(90,'2018-08-07',55,100),(91,'2018-05-09',55,84),(92,'2020-05-13',52,91),(93,'2019-01-17',49,16),(94,'2021-01-14',50,44),(95,'2019-09-14',49,17),(96,'2020-03-16',56,74),(97,'2018-06-28',54,11),(98,'2019-03-05',56,5),(99,'2021-04-23',54,16),(100,'2018-10-01',50,18),(101,'2021-04-28',53,86),(102,'2019-04-07',55,34),(103,'2021-04-26',53,61),(104,'2019-08-03',49,14),(105,'2018-12-10',54,31),(106,'2019-05-23',54,35),(107,'2020-07-05',54,15),(108,'2020-02-22',52,69),(109,'2020-05-24',53,90),(110,'2020-11-26',53,37),(111,'2021-05-09',49,47),(112,'2018-03-17',55,95),(113,'2020-04-11',51,97),(114,'2020-03-18',51,82),(115,'2021-05-04',55,84),(116,'2020-02-02',50,1),(117,'2018-10-04',55,18),(118,'2021-03-21',53,61),(119,'2018-06-13',49,11),(120,'2019-10-05',54,70),(121,'2018-09-04',51,11),(122,'2021-03-21',55,38),(123,'2020-01-31',50,70),(124,'2018-04-12',54,68),(125,'2018-02-21',54,73),(126,'2018-05-08',49,22),(127,'2019-12-21',56,12),(128,'2021-05-27',50,78),(129,'2019-03-24',56,3),(130,'2018-03-15',54,33),(131,'2019-04-15',56,62),(132,'2021-04-04',54,81),(133,'2019-12-06',56,42),(134,'2020-10-17',52,59),(135,'2018-10-23',52,2),(136,'2019-07-06',50,57),(137,'2020-05-20',54,19),(138,'2021-03-29',56,99),(139,'2020-09-13',49,26),(140,'2020-09-22',52,100),(141,'2019-06-16',50,25),(142,'2020-03-18',49,80),(143,'2019-07-29',49,8),(144,'2018-02-10',53,36),(145,'2020-08-08',49,17),(146,'2018-11-27',50,78),(147,'2021-01-27',52,88),(148,'2018-09-07',54,50),(149,'2020-06-29',55,45),(150,'2019-03-29',51,59),(151,'2019-10-29',49,93),(152,'2021-05-01',53,85),(153,'2019-01-31',51,71),(154,'2019-02-23',50,93),(155,'2018-10-28',49,52),(156,'2020-01-25',51,84),(157,'2019-12-26',50,4),(158,'2019-04-19',54,19),(159,'2020-12-08',52,5),(160,'2018-07-21',55,73),(161,'2018-07-30',51,92),(162,'2018-07-11',55,65),(163,'2020-01-11',51,29),(164,'2020-12-04',53,70),(165,'2018-04-01',55,83),(166,'2018-11-23',56,50),(167,'2019-08-08',49,48),(168,'2020-09-21',51,38),(169,'2019-11-13',53,73),(170,'2021-05-13',56,80),(171,'2018-09-21',54,97),(172,'2019-07-20',53,40),(173,'2019-02-27',50,55),(174,'2018-05-28',55,39),(175,'2020-03-10',53,25),(176,'2018-05-04',55,17),(177,'2019-11-26',51,28),(178,'2018-08-03',54,92),(179,'2020-08-05',51,84),(180,'2020-11-15',50,28),(181,'2020-08-21',51,27),(182,'2020-08-31',53,86),(183,'2019-10-21',55,98),(184,'2018-02-28',49,96),(185,'2020-03-25',53,65),(186,'2019-04-20',55,87),(187,'2020-11-08',51,56),(188,'2018-10-28',52,8),(189,'2019-01-29',52,42),(190,'2018-04-29',55,20),(191,'2020-09-22',56,47),(192,'2021-02-04',50,22),(193,'2021-03-28',50,90),(194,'2020-09-07',56,88),(195,'2018-09-06',49,53),(196,'2019-04-09',52,12),(197,'2018-05-25',51,93),(198,'2020-03-16',55,31),(199,'2021-01-29',52,31),(200,'2020-12-29',54,92),(201,'2020-01-28',56,5),(202,'2019-06-26',54,55),(203,'2019-01-26',52,80),(204,'2019-10-02',55,45),(205,'2018-11-24',52,64),(206,'2020-03-31',55,36),(207,'2018-09-10',49,14),(208,'2020-05-17',54,68),(209,'2018-09-21',52,87),(210,'2018-12-18',52,40),(211,'2019-06-24',49,64),(212,'2020-05-12',53,98),(213,'2018-06-16',54,6),(214,'2020-01-23',53,89),(215,'2019-01-05',54,42),(216,'2020-09-25',53,16),(217,'2018-05-04',54,88),(218,'2019-12-08',55,61),(219,'2020-07-27',55,7),(220,'2019-03-28',52,25),(221,'2018-08-22',53,6),(222,'2020-05-27',51,33),(223,'2021-02-12',54,31),(224,'2018-04-23',55,42),(225,'2019-08-16',56,19),(226,'2020-01-29',50,24),(227,'2019-12-16',56,41),(228,'2020-04-05',56,10),(229,'2018-07-22',53,89),(230,'2018-07-08',49,65),(231,'2020-09-14',56,33),(232,'2020-05-04',50,70),(233,'2020-10-21',53,97),(234,'2021-03-07',50,81),(235,'2019-11-18',52,79),(236,'2018-02-06',53,72),(237,'2020-07-12',55,28),(238,'2019-03-26',51,20),(239,'2018-08-15',50,42),(240,'2021-05-01',54,54),(241,'2019-11-01',56,34),(242,'2020-11-28',54,68),(243,'2019-12-27',54,63),(244,'2020-11-26',51,26),(245,'2019-01-07',56,30),(246,'2020-09-04',51,9),(247,'2020-10-22',51,31),(248,'2020-07-12',49,83),(249,'2018-06-13',54,79),(250,'2018-09-21',49,26),(251,'2020-08-04',54,23),(252,'2019-05-01',52,12),(253,'2020-09-28',53,37),(254,'2020-04-08',50,83),(255,'2020-02-10',53,88),(256,'2020-07-07',54,49),(257,'2020-03-22',50,61),(258,'2019-09-23',55,25),(259,'2020-12-04',55,81),(260,'2018-06-11',54,47),(261,'2021-01-25',56,97),(262,'2020-07-08',54,44),(263,'2018-07-30',55,33),(264,'2018-12-12',51,66),(265,'2019-12-15',51,53),(266,'2018-10-29',50,71),(267,'2020-04-29',53,56),(268,'2019-08-14',51,38),(269,'2018-03-16',51,75),(270,'2020-03-29',49,81),(271,'2018-03-09',55,57),(272,'2021-02-03',53,57),(273,'2019-10-25',51,36),(274,'2021-02-17',56,100),(275,'2020-08-27',51,43),(276,'2020-02-09',51,4),(277,'2020-02-19',55,11),(278,'2020-02-02',55,87),(279,'2021-04-09',54,46),(280,'2019-06-27',56,61),(281,'2020-06-26',56,45),(282,'2019-09-13',51,44),(283,'2019-02-16',56,97),(284,'2019-12-05',54,5),(285,'2018-04-16',56,48),(286,'2020-03-13',52,6),(287,'2020-03-06',53,65),(288,'2020-04-01',52,65),(289,'2018-11-03',52,36),(290,'2021-03-09',51,48),(291,'2020-04-01',54,23),(292,'2019-12-31',50,65),(293,'2021-01-01',55,65),(294,'2018-06-08',50,21),(295,'2019-09-26',49,82),(296,'2021-02-28',53,10),(297,'2018-12-27',52,23),(298,'2020-06-25',55,68),(299,'2021-04-28',52,33),(300,'2018-02-24',51,36),(301,'2019-07-21',53,64),(302,'2019-08-19',51,9),(303,'2018-10-11',56,94),(304,'2019-07-13',54,61),(305,'2018-05-26',56,17),(306,'2019-01-07',55,69),(307,'2018-10-20',55,18),(308,'2019-07-10',54,10),(309,'2021-05-21',49,98),(310,'2020-05-16',51,5),(311,'2018-02-20',49,6),(312,'2018-02-19',54,22),(313,'2021-01-23',56,20),(314,'2020-10-14',54,35),(315,'2020-03-19',56,96),(316,'2019-03-29',49,29),(317,'2020-11-26',50,50),(318,'2020-11-16',54,50),(319,'2019-07-14',52,52),(320,'2021-05-15',56,84),(321,'2019-04-05',50,67),(322,'2020-09-27',51,69),(323,'2019-10-16',55,51),(324,'2018-07-07',53,92),(325,'2019-12-17',53,15),(326,'2019-12-14',54,40),(327,'2019-01-27',54,69),(328,'2019-10-22',53,78),(329,'2019-07-04',51,68),(330,'2021-04-23',49,48),(331,'2018-05-09',50,47),(332,'2018-06-07',51,13),(333,'2021-04-23',55,83),(334,'2020-12-23',53,14),(335,'2021-05-14',53,66),(336,'2018-07-28',56,42),(337,'2018-07-31',52,73),(338,'2018-09-01',49,20),(339,'2020-08-25',51,9),(340,'2020-07-30',52,72),(341,'2018-12-10',56,39),(342,'2020-10-14',56,66),(343,'2020-03-28',53,90),(344,'2018-05-24',52,86),(345,'2019-07-15',53,80),(346,'2021-01-23',55,86),(347,'2019-04-09',52,74),(348,'2020-08-25',52,48),(349,'2020-03-23',55,89),(350,'2018-12-23',49,53),(351,'2019-05-02',53,59),(352,'2018-05-02',49,57),(353,'2019-08-14',52,43),(354,'2019-02-05',49,60),(355,'2019-10-25',53,29),(356,'2020-12-02',54,64),(357,'2018-09-06',49,86),(358,'2020-01-20',56,69),(359,'2021-03-01',53,71),(360,'2021-01-04',55,100),(361,'2020-05-04',56,80),(362,'2019-10-18',50,23),(363,'2020-10-11',52,13),(364,'2020-10-05',53,99),(365,'2020-07-26',53,90),(366,'2019-10-28',50,71),(367,'2020-07-13',54,38),(368,'2021-04-15',56,27),(369,'2021-03-16',50,93),(370,'2020-01-11',53,40),(371,'2019-04-05',49,1),(372,'2019-07-19',52,21),(373,'2018-05-26',53,16),(374,'2020-09-16',49,48),(375,'2021-01-28',51,32),(376,'2020-03-21',53,72),(377,'2018-05-02',49,88),(378,'2020-01-22',51,8),(379,'2018-04-29',49,40),(380,'2019-06-27',50,80),(381,'2018-06-18',55,17),(382,'2019-03-28',55,8),(383,'2019-08-27',54,47),(384,'2019-12-20',51,90),(385,'2020-01-11',49,13),(386,'2020-07-24',49,5),(387,'2018-03-10',54,74),(388,'2018-09-23',55,72),(389,'2019-04-11',53,61),(390,'2019-11-22',49,43),(391,'2020-08-08',49,9),(392,'2020-09-08',50,87),(393,'2018-04-03',51,47),(394,'2018-02-12',51,10),(395,'2021-01-21',52,81),(396,'2019-08-01',50,17),(397,'2020-06-29',52,90),(398,'2019-02-05',53,52),(399,'2019-07-22',53,45),(400,'2019-06-05',50,52),(401,'2019-11-24',52,23),(402,'2019-11-26',49,81),(403,'2018-09-28',50,33),(404,'2019-10-26',53,95),(405,'2019-03-19',53,1),(406,'2020-07-10',50,51),(407,'2018-09-15',53,50),(408,'2018-05-30',53,76),(409,'2019-12-18',54,13),(410,'2019-05-18',52,46),(411,'2018-08-16',53,21),(412,'2020-11-08',50,33),(413,'2019-09-09',55,30),(414,'2020-06-25',49,10),(415,'2019-06-29',49,64),(416,'2020-04-10',53,40),(417,'2019-02-24',53,24),(418,'2020-06-16',49,58),(419,'2018-02-23',56,84),(420,'2020-08-09',52,9),(421,'2019-05-12',51,44),(422,'2018-04-14',50,5),(423,'2020-12-08',55,31),(424,'2018-12-22',51,96),(425,'2018-03-31',49,49),(426,'2019-08-02',52,10),(427,'2019-01-13',56,36),(428,'2020-05-31',54,47),(429,'2021-03-19',51,6),(430,'2019-06-01',56,61),(431,'2020-01-29',53,72),(432,'2020-05-20',56,69),(433,'2018-06-28',51,85),(434,'2021-01-18',50,43),(435,'2019-02-02',52,79),(436,'2019-03-08',53,5),(437,'2020-12-04',53,16),(438,'2018-06-17',54,8),(439,'2021-01-07',53,36),(440,'2018-07-30',52,70),(441,'2019-11-04',50,93),(442,'2019-06-23',50,33),(443,'2020-01-25',49,70),(444,'2018-06-15',50,68),(445,'2021-04-19',49,53),(446,'2020-09-03',54,47),(447,'2019-11-21',49,59),(448,'2020-04-09',52,89),(449,'2018-05-31',52,33),(450,'2020-12-01',54,28),(451,'2019-11-30',49,12),(452,'2020-03-16',51,66),(453,'2018-04-09',56,97),(454,'2021-02-01',56,76),(455,'2020-08-08',55,81),(456,'2020-01-17',52,79),(457,'2020-01-05',49,69),(458,'2020-02-01',49,42),(459,'2020-01-30',54,99),(460,'2020-02-06',54,59),(461,'2019-06-10',54,91),(462,'2018-07-12',49,20),(463,'2019-07-11',56,90),(464,'2020-04-01',52,85),(465,'2019-02-24',52,33),(466,'2018-03-04',51,70),(467,'2018-11-18',54,53),(468,'2019-10-14',51,85),(469,'2020-03-29',56,16),(470,'2018-05-26',52,19),(471,'2021-05-07',51,42),(472,'2018-11-11',54,7),(473,'2018-04-05',50,96),(474,'2019-09-27',50,33),(475,'2020-12-29',55,42),(476,'2018-03-12',56,87),(477,'2020-03-04',53,21),(478,'2019-08-05',56,91),(479,'2018-10-24',52,7),(480,'2018-11-14',55,65),(481,'2019-04-10',54,15),(482,'2018-10-14',50,20),(483,'2018-07-15',52,66),(484,'2020-10-28',50,38),(485,'2019-01-02',54,33),(486,'2020-08-04',50,61),(487,'2019-12-27',49,38),(488,'2021-02-09',50,3),(489,'2019-06-30',52,25),(490,'2020-11-05',55,23),(491,'2018-08-12',51,23),(492,'2019-08-25',50,89),(493,'2021-02-13',54,65),(494,'2021-05-21',51,9),(495,'2020-08-27',50,70),(496,'2018-05-05',49,38),(497,'2019-02-25',50,29),(498,'2019-02-21',54,33),(499,'2021-01-04',55,9),(500,'2020-10-10',54,100),(501,'2018-10-08',50,62),(502,'2018-03-28',56,31),(503,'2020-07-25',55,26),(504,'2020-11-28',51,69),(505,'2020-08-05',55,73),(506,'2019-11-01',51,73),(507,'2019-02-25',51,45),(508,'2018-12-17',55,12),(509,'2019-03-03',51,61),(510,'2021-02-15',50,18),(511,'2019-02-24',51,32),(512,'2018-03-18',54,20),(513,'2019-10-12',53,30),(514,'2020-11-12',54,84),(515,'2019-12-01',53,25),(516,'2020-11-09',51,49),(517,'2021-02-12',56,2),(518,'2019-01-01',49,58),(519,'2020-06-23',55,76),(520,'2020-02-07',51,13),(521,'2019-03-07',53,70),(522,'2019-02-27',55,32),(523,'2020-05-10',52,65),(524,'2020-10-07',51,60),(525,'2021-03-07',56,99),(526,'2018-03-13',52,95),(527,'2020-08-09',50,50),(528,'2018-04-16',55,86),(529,'2021-01-01',51,59),(530,'2020-11-20',53,65),(531,'2018-07-10',49,45),(532,'2020-04-05',56,71),(533,'2021-03-19',53,9),(534,'2018-12-30',49,94),(535,'2018-05-07',52,26),(536,'2020-05-05',49,9),(537,'2019-06-30',56,15),(538,'2020-12-27',55,50),(539,'2020-08-05',52,39),(540,'2020-01-12',52,94),(541,'2020-06-01',53,6),(542,'2020-06-06',51,36),(543,'2018-05-06',49,28),(544,'2020-01-01',51,21),(545,'2018-03-21',50,52),(546,'2019-08-03',54,76),(547,'2018-10-08',51,82),(548,'2019-06-15',50,29),(549,'2021-05-09',50,100),(550,'2020-01-02',49,3),(551,'2018-07-22',51,90),(552,'2019-05-06',53,38),(553,'2018-11-19',55,91),(554,'2021-05-08',56,18),(555,'2020-10-20',55,15),(556,'2021-05-05',55,99),(557,'2019-05-06',50,89),(558,'2019-11-18',53,40),(559,'2018-12-09',55,58),(560,'2020-06-21',54,92),(561,'2020-08-07',50,45),(562,'2019-11-15',49,11),(563,'2018-07-18',54,6),(564,'2020-09-11',56,15),(565,'2018-09-11',51,35),(566,'2020-12-24',54,46),(567,'2020-10-21',55,51),(568,'2020-05-28',56,95),(569,'2021-04-29',52,19),(570,'2018-12-19',50,71),(571,'2018-04-28',52,49),(572,'2019-02-14',49,37),(573,'2020-11-11',49,43),(574,'2020-06-27',56,18),(575,'2018-10-29',55,44),(576,'2018-09-09',55,80),(577,'2018-08-06',49,9),(578,'2019-07-03',56,4),(579,'2021-01-11',55,11),(580,'2019-10-20',49,60),(581,'2020-03-31',53,1),(582,'2020-12-07',54,45),(583,'2020-12-09',50,69),(584,'2020-11-30',51,60),(585,'2019-08-26',52,92),(586,'2018-05-25',53,14),(587,'2018-09-17',54,54),(588,'2018-11-28',56,39),(589,'2018-08-14',56,90),(590,'2020-06-08',53,44),(591,'2021-02-16',51,75),(592,'2020-04-11',50,56),(593,'2021-04-22',50,5),(594,'2019-10-27',55,83),(595,'2019-07-22',50,15),(596,'2020-12-24',55,63),(597,'2020-11-11',55,44),(598,'2020-04-11',51,71),(599,'2019-01-21',49,39),(600,'2021-02-14',53,29),(601,'2019-09-18',53,74),(602,'2019-07-30',49,77),(603,'2021-02-22',53,10),(604,'2019-06-28',52,38),(605,'2020-12-12',50,79),(606,'2021-04-17',54,25),(607,'2020-09-04',49,90),(608,'2018-04-06',49,21),(609,'2021-02-04',53,67),(610,'2018-11-03',52,14),(611,'2018-12-29',51,49),(612,'2020-04-24',50,6),(613,'2020-10-12',56,61),(614,'2020-09-09',54,89),(615,'2019-04-29',51,30),(616,'2019-03-06',50,12),(617,'2019-06-09',53,22),(618,'2018-05-06',51,42),(619,'2019-07-26',53,41),(620,'2021-04-04',52,7),(621,'2019-10-21',49,84),(622,'2020-07-10',49,88),(623,'2021-01-23',54,68),(624,'2019-01-13',56,84),(625,'2019-03-09',51,46),(626,'2018-02-05',52,94),(627,'2019-02-12',56,92),(628,'2018-05-26',52,7),(629,'2018-02-17',55,34),(630,'2018-12-04',50,45),(631,'2020-08-06',52,84),(632,'2018-11-12',49,99),(633,'2019-01-09',54,55),(634,'2021-01-01',52,62),(635,'2020-04-19',55,4),(636,'2018-05-14',56,95),(637,'2018-12-26',55,66),(638,'2018-07-14',54,70),(639,'2020-12-09',52,19),(640,'2018-04-23',54,2),(641,'2020-02-04',53,37),(642,'2020-11-16',52,20),(643,'2018-04-06',49,66),(644,'2018-08-03',52,75),(645,'2018-12-12',51,30),(646,'2020-08-25',50,13),(647,'2020-10-08',55,89),(648,'2020-06-12',54,53),(649,'2019-10-16',56,89),(650,'2018-05-01',54,48),(651,'2020-04-22',50,55),(652,'2018-11-24',54,36),(653,'2019-07-08',51,64),(654,'2019-06-05',56,43),(655,'2021-05-11',55,12),(656,'2020-05-08',52,48),(657,'2019-08-28',50,11),(658,'2020-03-23',50,66),(659,'2018-05-23',49,86),(660,'2021-03-22',55,54),(661,'2019-09-05',54,85),(662,'2020-09-28',56,53),(663,'2019-09-03',49,61),(664,'2018-10-30',51,73),(665,'2018-12-11',55,99),(666,'2018-06-14',49,92),(667,'2020-08-26',52,2),(668,'2018-07-27',52,39),(669,'2018-04-12',56,12),(670,'2020-03-22',52,78),(671,'2018-07-04',50,53),(672,'2019-12-19',49,38),(673,'2020-03-31',51,84),(674,'2019-06-18',53,48),(675,'2020-04-14',55,82),(676,'2019-07-31',56,79),(677,'2020-02-25',55,1),(678,'2020-08-13',55,7),(679,'2018-09-20',55,70),(680,'2021-02-05',51,90),(681,'2021-05-06',54,78),(682,'2018-09-04',51,9),(683,'2020-03-16',56,30),(684,'2020-02-24',51,47),(685,'2019-05-26',54,81),(686,'2018-11-29',52,49),(687,'2020-04-04',54,80),(688,'2020-11-18',53,2),(689,'2020-04-22',55,82),(690,'2019-03-31',54,9),(691,'2020-01-10',53,37),(692,'2020-08-26',49,21),(693,'2020-02-01',54,70),(694,'2020-01-18',52,68),(695,'2021-04-07',55,7),(696,'2019-12-26',49,44),(697,'2019-12-28',56,63),(698,'2018-10-23',54,25),(699,'2019-04-13',54,1),(700,'2021-01-28',50,93),(701,'2020-07-25',49,91),(702,'2021-05-21',53,34),(703,'2020-05-05',51,100),(704,'2019-07-27',52,80),(705,'2020-09-24',50,49),(706,'2020-01-23',51,38),(707,'2018-02-27',55,6),(708,'2019-08-05',56,44),(709,'2020-04-14',52,88),(710,'2020-02-20',49,82),(711,'2018-08-19',50,37),(712,'2021-05-12',49,97),(713,'2019-07-25',51,44),(714,'2018-11-09',49,7),(715,'2018-08-01',52,36),(716,'2018-07-19',55,29),(717,'2020-11-08',51,1),(718,'2019-11-10',49,57),(719,'2019-12-31',54,60),(720,'2018-04-01',53,86),(721,'2018-12-02',56,98),(722,'2019-12-21',51,39),(723,'2019-03-12',55,81),(724,'2019-10-29',56,86),(725,'2019-11-28',53,89),(726,'2020-01-16',52,60),(727,'2019-03-09',50,58),(728,'2019-07-30',52,27),(729,'2018-10-07',53,36),(730,'2019-05-04',55,32),(731,'2019-01-13',53,20),(732,'2021-05-17',51,66),(733,'2019-07-28',51,43),(734,'2019-12-04',55,67),(735,'2021-04-12',50,67),(736,'2021-01-03',54,64),(737,'2018-03-15',50,53),(738,'2019-01-29',51,59),(739,'2020-11-18',53,65),(740,'2018-08-26',53,86),(741,'2019-01-10',53,47),(742,'2020-05-22',55,34),(743,'2019-03-24',55,95),(744,'2021-01-23',54,78),(745,'2020-03-20',49,64),(746,'2018-04-21',56,83),(747,'2020-03-28',51,35),(748,'2019-12-27',54,27),(749,'2020-07-27',51,4),(750,'2019-09-26',52,95),(751,'2020-12-09',51,20),(752,'2018-04-24',50,56),(753,'2019-10-07',52,87),(754,'2018-06-25',56,18),(755,'2020-09-12',51,51),(756,'2018-10-27',55,69),(757,'2018-09-03',53,85),(758,'2020-05-22',50,4),(759,'2021-02-28',54,53),(760,'2019-07-01',53,7),(761,'2018-09-10',51,39),(762,'2019-02-11',49,35),(763,'2019-06-02',55,57),(764,'2020-02-20',51,18),(765,'2019-08-12',52,41),(766,'2020-06-06',54,6),(767,'2018-06-16',49,97),(768,'2018-02-12',49,79),(769,'2018-02-24',55,15),(770,'2020-02-09',51,33),(771,'2021-06-02',53,14),(772,'2021-03-31',52,30),(773,'2019-01-12',52,57),(774,'2018-09-26',50,34),(775,'2019-03-24',49,74),(776,'2018-06-22',51,59),(777,'2021-04-06',54,83),(778,'2020-10-03',51,25),(779,'2020-02-08',50,86),(780,'2020-05-14',50,84),(781,'2018-12-02',53,91),(782,'2018-11-21',56,51),(783,'2019-03-25',51,95),(784,'2018-05-25',53,96),(785,'2020-04-12',52,8),(786,'2020-01-29',49,86),(787,'2020-12-09',54,98),(788,'2019-05-20',54,64),(789,'2018-03-22',52,45),(790,'2018-10-14',49,57),(791,'2021-02-09',52,4),(792,'2019-02-15',49,82),(793,'2019-09-30',50,15),(794,'2020-10-28',52,12),(795,'2019-07-07',51,19),(796,'2020-12-10',55,16),(797,'2018-07-29',53,52),(798,'2018-12-25',50,22),(799,'2020-09-01',56,62),(800,'2019-12-28',56,37),(801,'2021-04-08',55,75),(802,'2018-09-20',54,93),(803,'2020-02-12',52,25),(804,'2020-05-18',51,71),(805,'2018-12-09',49,4),(806,'2020-04-26',49,60),(807,'2020-09-15',49,51),(808,'2019-04-22',52,38),(809,'2019-12-12',53,28),(810,'2020-01-14',56,81),(811,'2020-05-11',56,48),(812,'2019-03-29',52,98),(813,'2021-03-16',52,83),(814,'2018-03-31',53,81),(815,'2019-10-13',50,24),(816,'2019-08-31',50,19),(817,'2021-02-15',54,47),(818,'2019-03-17',56,70),(819,'2018-06-11',50,77),(820,'2021-02-28',56,84),(821,'2019-11-30',49,21),(822,'2019-02-20',51,66),(823,'2019-11-05',55,77),(824,'2018-04-19',52,56),(825,'2020-08-16',53,48),(826,'2020-11-11',56,55),(827,'2018-04-05',53,48),(828,'2018-05-02',49,71),(829,'2019-07-04',55,3),(830,'2021-05-06',50,30),(831,'2018-03-21',54,3),(832,'2019-05-28',51,63),(833,'2019-01-12',52,91),(834,'2020-12-31',55,5),(835,'2020-11-11',55,3),(836,'2018-12-31',50,25),(837,'2019-08-19',51,10),(838,'2019-04-24',49,75),(839,'2018-03-19',51,42),(840,'2019-06-03',53,25),(841,'2019-04-25',53,15),(842,'2020-07-26',53,74),(843,'2021-01-08',49,1),(844,'2020-08-01',55,44),(845,'2018-04-19',49,76),(846,'2019-02-11',55,99),(847,'2020-01-14',51,1),(848,'2019-04-24',56,92),(849,'2019-08-23',54,98),(850,'2018-08-11',50,100),(851,'2018-02-06',50,12),(852,'2019-04-10',49,24),(853,'2020-02-25',51,47),(854,'2018-05-05',50,3),(855,'2018-04-27',56,55),(856,'2021-05-02',49,75),(857,'2020-10-05',50,22),(858,'2018-09-29',52,22),(859,'2019-05-17',49,47),(860,'2019-06-11',49,42),(861,'2019-06-02',50,88),(862,'2018-11-10',52,43),(863,'2021-05-08',55,67),(864,'2019-01-01',56,94),(865,'2021-01-24',53,2),(866,'2019-09-18',56,29),(867,'2020-04-24',55,84),(868,'2019-02-10',55,77),(869,'2019-07-12',54,37),(870,'2018-04-27',53,19),(871,'2021-03-26',53,29),(872,'2020-07-16',55,49),(873,'2019-01-24',56,12),(874,'2019-02-20',55,89),(875,'2018-06-15',49,64),(876,'2020-10-07',51,98),(877,'2020-11-24',54,15),(878,'2018-12-29',56,74),(879,'2020-03-16',50,49),(880,'2020-04-20',55,71),(881,'2021-01-07',54,40),(882,'2019-04-01',49,7),(883,'2018-09-01',50,84),(884,'2020-03-11',52,85),(885,'2018-10-27',55,23),(886,'2019-06-14',52,73),(887,'2021-03-13',54,30),(888,'2019-06-08',53,82),(889,'2018-11-28',51,91),(890,'2020-04-03',52,100),(891,'2021-01-14',53,36),(892,'2019-03-26',54,98),(893,'2018-12-06',53,59),(894,'2019-11-12',56,83),(895,'2019-02-11',53,75),(896,'2019-09-26',54,28),(897,'2019-07-30',55,11),(898,'2020-08-23',50,29),(899,'2021-02-24',54,31),(900,'2020-10-27',49,20),(901,'2018-04-24',56,96),(902,'2018-12-01',52,84),(903,'2018-10-03',49,72),(904,'2018-07-21',55,4),(905,'2019-09-17',56,73),(906,'2020-10-08',55,8),(907,'2019-05-02',49,4),(908,'2020-02-05',50,15),(909,'2021-02-18',54,46),(910,'2018-08-08',51,42),(911,'2018-12-21',54,12),(912,'2020-08-25',54,20),(913,'2019-03-01',50,63),(914,'2021-04-23',54,94),(915,'2018-05-31',53,18),(916,'2018-08-17',53,26),(917,'2019-10-21',53,8),(918,'2020-07-22',50,28),(919,'2018-08-12',55,8),(920,'2020-07-20',51,9),(921,'2018-04-12',50,77),(922,'2020-07-13',54,65),(923,'2019-02-09',51,52),(924,'2019-08-16',55,61),(925,'2018-06-11',56,28),(926,'2020-08-31',53,48),(927,'2020-11-24',55,82),(928,'2019-08-21',49,98),(929,'2021-02-08',52,17),(930,'2018-12-10',54,6),(931,'2018-11-23',55,92),(932,'2019-11-26',53,8),(933,'2021-05-14',52,70),(934,'2020-02-10',53,36),(935,'2018-03-27',56,31),(936,'2018-04-24',52,13),(937,'2021-02-18',52,6),(938,'2020-10-02',54,78),(939,'2019-08-10',56,67),(940,'2019-11-21',53,95),(941,'2019-03-09',55,17),(942,'2020-12-27',49,43),(943,'2019-11-01',53,16),(944,'2021-01-01',50,92),(945,'2019-05-19',52,34),(946,'2020-02-16',56,53),(947,'2021-03-11',51,71),(948,'2020-04-16',56,63),(949,'2018-06-17',53,21),(950,'2020-10-13',50,32),(951,'2018-02-07',56,94),(952,'2018-11-28',49,82),(953,'2020-10-20',55,65),(954,'2020-01-31',49,37),(955,'2018-07-20',52,56),(956,'2021-02-21',54,35),(957,'2019-10-24',52,66),(958,'2019-05-08',49,57),(959,'2019-09-17',56,26),(960,'2019-02-15',56,65),(961,'2020-09-15',50,9),(962,'2020-06-11',49,92),(963,'2018-11-30',53,6),(964,'2019-03-12',53,7),(965,'2018-05-27',50,55),(966,'2020-11-09',52,22),(967,'2020-03-10',53,9),(968,'2020-03-19',50,1),(969,'2020-03-21',50,83),(970,'2018-03-23',53,22),(971,'2021-01-03',56,4),(972,'2018-03-26',52,47),(973,'2020-07-13',50,85),(974,'2019-12-21',52,24),(975,'2018-09-21',55,46),(976,'2019-03-17',53,87),(977,'2020-07-10',52,11),(978,'2021-01-20',53,14),(979,'2019-06-22',52,30),(980,'2019-06-29',50,7),(981,'2018-09-21',51,55),(982,'2019-08-28',51,14),(983,'2018-02-09',54,55),(984,'2021-01-17',49,56),(985,'2019-09-22',49,89),(986,'2021-05-26',56,25),(987,'2018-02-12',53,99),(988,'2020-11-12',56,52),(989,'2018-09-09',51,78),(990,'2019-08-30',49,93),(991,'2019-04-07',56,54),(992,'2020-10-19',49,4),(993,'2020-05-19',56,100),(994,'2018-10-10',53,61),(995,'2020-05-09',55,59),(996,'2018-04-05',53,9),(997,'2018-08-30',54,21),(998,'2021-01-17',50,57),(999,'2020-09-26',54,60),(1000,'2019-06-29',52,6),(1001,'2020-07-29',50,16);
/*!40000 ALTER TABLE `заказ` ENABLE KEYS */;
UNLOCK TABLES;

--
-- Table structure for table `заказ_товар`
--

DROP TABLE IF EXISTS `заказ_товар`;
/*!40101 SET @saved_cs_client     = @@character_set_client */;
/*!50503 SET character_set_client = utf8mb4 */;
CREATE TABLE `заказ_товар` (
  `id_booking` int NOT NULL,
  `id_product` int NOT NULL,
  `Count_` int NOT NULL,
  PRIMARY KEY (`id_booking`,`id_product`),
  KEY `fk_booking_idx` (`id_booking`),
  KEY `fk_product_idx` (`id_product`),
  CONSTRAINT `fk_book` FOREIGN KEY (`id_booking`) REFERENCES `заказ` (`id_record`),
  CONSTRAINT `fk_pr` FOREIGN KEY (`id_product`) REFERENCES `товар` (`idТовар`)
) ENGINE=InnoDB DEFAULT CHARSET=utf8mb4 COLLATE=utf8mb4_0900_ai_ci;
/*!40101 SET character_set_client = @saved_cs_client */;

--
-- Dumping data for table `заказ_товар`
--

LOCK TABLES `заказ_товар` WRITE;
/*!40000 ALTER TABLE `заказ_товар` DISABLE KEYS */;
INSERT INTO `заказ_товар` VALUES (2,1,1),(3,3,2),(4,4,2),(5,5,1),(6,6,2),(7,7,2),(8,8,1),(9,9,2),(10,10,2),(11,11,4),(12,12,4),(13,13,1),(14,14,1),(15,15,2),(16,16,1),(17,17,1),(18,18,1),(19,19,4),(20,20,2),(21,21,3),(22,22,2),(23,23,4),(24,24,3),(25,25,2),(26,26,4),(27,27,4),(28,28,3),(29,29,1),(30,30,4),(31,31,1),(32,32,2),(33,33,4),(34,34,2),(35,35,2),(36,36,1),(37,37,1),(38,38,4),(39,39,2),(40,40,1),(41,41,1),(42,42,1),(43,43,3),(44,44,3),(45,45,4),(46,46,4),(47,47,4),(48,48,1),(49,49,2),(50,50,3),(51,51,4),(52,52,2),(53,53,1),(54,54,2),(55,55,2),(56,56,2),(57,57,3),(58,58,1),(59,59,1),(60,60,3),(61,61,2),(62,62,1),(63,63,2),(64,64,2),(65,65,3),(66,66,2),(67,67,1),(68,68,4),(69,69,3),(70,70,1),(71,71,4),(72,72,1),(73,73,4),(74,74,4),(75,75,1),(76,76,4),(77,77,3),(78,78,2),(79,79,2),(80,80,4),(81,81,1),(82,82,4),(83,83,3),(84,84,3),(85,85,1),(86,86,4),(87,87,3),(88,88,2),(89,89,3),(90,90,1),(91,91,1),(92,92,4),(93,93,4),(94,94,4),(95,95,2),(96,96,1),(97,97,3),(98,98,2),(99,99,1),(100,100,2),(101,101,3),(102,102,4),(103,103,3),(104,104,2),(105,105,4),(106,106,3),(107,107,4),(108,108,2),(109,109,4),(110,110,1),(111,111,3),(112,112,3),(113,113,4),(114,114,3),(115,115,3),(116,116,2),(117,117,2),(118,118,2),(119,119,4),(120,120,1),(121,121,3),(122,122,4),(123,123,3),(124,124,3),(125,125,1),(126,126,3),(127,127,4),(128,128,3),(129,129,3),(130,130,4),(131,131,4),(132,132,1),(133,133,3),(134,134,2),(135,135,4),(136,136,3),(137,137,2),(138,138,1),(139,139,3),(140,140,3),(141,141,4),(142,142,3),(143,143,4),(144,144,3),(145,145,1),(146,146,3),(147,147,4),(148,148,2),(149,149,2),(150,150,2),(151,151,4),(152,152,3),(153,153,2),(154,154,3),(155,155,3),(156,156,3),(157,157,3),(158,158,1),(159,159,1),(160,160,4),(161,161,2),(162,162,4),(163,163,3),(164,164,4),(165,165,4),(166,166,4),(167,167,2),(168,168,2),(169,169,1),(170,170,4),(171,171,4),(172,172,3),(173,173,2),(174,174,1),(175,175,4),(176,176,2),(177,177,1),(178,178,1),(179,179,1),(180,180,1),(181,181,2),(182,182,4),(183,183,3),(184,184,1),(185,185,3),(186,186,1),(187,187,1),(188,188,4),(189,189,1),(190,190,2),(191,191,1),(192,192,4),(193,193,1),(194,194,3),(195,195,3),(196,196,2),(197,197,4),(198,198,4),(199,199,1),(200,200,4),(201,201,2),(202,202,4),(203,203,2),(204,204,4),(205,205,4),(206,206,4),(207,207,4),(208,208,1),(209,209,1),(210,210,2),(211,211,1),(212,212,4),(213,213,3),(214,214,4),(215,215,3),(216,216,3),(217,217,1),(218,218,1),(219,219,4),(220,220,3),(221,221,3),(222,222,2),(223,223,3),(224,224,3),(225,225,1),(226,226,1),(227,227,1),(228,228,1),(229,229,1),(230,230,3),(231,231,1),(232,232,4),(233,233,4),(234,234,2),(235,235,3),(236,236,1),(237,237,1),(238,238,2),(239,239,4),(240,240,2),(241,241,4),(242,242,1),(243,243,2),(244,244,4),(245,245,2),(246,246,1),(247,247,3),(248,248,3),(249,249,2),(250,250,2),(251,251,3),(252,252,2),(253,253,2),(254,254,1),(255,255,3),(256,256,2),(257,257,3),(258,258,2),(259,259,3),(260,260,2),(261,261,4),(262,262,1),(263,263,3),(264,264,3),(265,265,4),(266,266,3),(267,267,2),(268,268,2),(269,269,4),(270,270,2),(271,271,3),(272,272,3),(273,273,3),(274,274,2),(275,275,3),(276,276,4),(277,277,3),(278,278,4),(279,279,1),(280,280,1),(281,281,3),(282,282,4),(283,283,1),(284,284,2),(285,285,1),(286,286,1),(287,287,3),(288,288,2),(289,289,1),(290,290,3),(291,291,2),(292,292,3),(293,293,1),(294,294,1),(295,295,1),(296,296,1),(297,297,2),(298,298,2),(299,299,3),(300,300,4),(301,301,3),(302,302,2),(303,303,2),(304,304,4),(305,305,1),(306,306,1),(307,307,4),(308,308,3),(309,309,1),(310,310,2),(311,311,4),(312,312,2),(313,313,2),(314,314,4),(315,315,2),(316,316,1),(317,317,3),(318,318,3),(319,319,3),(320,320,2),(321,321,1),(322,322,4),(323,323,1),(324,324,2),(325,325,2),(326,326,1),(327,327,1),(328,328,3),(329,329,1),(330,330,1),(331,331,4),(332,332,3),(333,333,2),(334,334,4),(335,335,1),(336,336,4),(337,337,3),(338,338,2),(339,339,2),(340,340,4),(341,341,4),(342,342,1),(343,343,1),(344,344,2),(345,345,1),(346,346,3),(347,347,1),(348,348,2),(349,349,2),(350,350,2),(351,351,4),(352,352,4),(353,353,1),(354,354,1),(355,355,3),(356,356,2),(357,357,4),(358,358,4),(359,359,4),(360,360,4),(361,361,2),(362,362,2),(363,363,2),(364,364,3),(365,365,4),(366,366,1),(367,367,3),(368,368,1),(369,369,3),(370,370,1),(371,371,3),(372,372,2),(373,373,4),(374,374,1),(375,375,1),(376,376,2),(377,377,2),(378,378,4),(379,379,1),(380,380,3),(381,381,1),(382,382,2),(383,383,1),(384,384,2),(385,385,3),(386,386,2),(387,387,3),(388,388,3),(389,389,4),(390,390,1),(391,391,1),(392,392,2),(393,393,4),(394,394,1),(395,395,2),(396,396,1),(397,397,4),(398,398,2),(399,399,3),(400,400,4),(401,401,3),(402,402,1),(403,403,2),(404,404,1),(405,405,3),(406,406,1),(407,407,3),(408,408,1),(409,409,3),(410,410,2),(411,411,1),(412,412,1),(413,413,4),(414,414,4),(415,415,1),(416,416,3),(417,417,2),(418,418,2),(419,419,3),(420,420,4),(421,421,3),(422,422,4),(423,423,1),(424,424,3),(425,425,3),(426,426,4),(427,427,3),(428,428,3),(429,429,3),(430,430,3),(431,431,1),(432,432,4),(433,433,4),(434,434,1),(435,435,3),(436,436,1),(437,437,1),(438,438,2),(439,439,4),(440,440,2),(441,441,3),(442,442,4),(443,443,2),(444,444,1),(445,445,3),(446,446,2),(447,447,2),(448,448,3),(449,449,2),(450,450,2),(451,451,3),(452,452,1),(453,453,2),(454,454,4),(455,455,1),(456,456,3),(457,457,3),(458,458,4),(459,459,3),(460,460,4),(461,461,2),(462,462,1),(463,463,2),(464,464,2),(465,465,1),(466,466,4),(467,467,3),(468,468,3),(469,469,3),(470,470,1),(471,471,4),(472,472,2),(473,473,4),(474,474,3),(475,475,3),(476,476,1),(477,477,3),(478,478,4),(479,479,1),(480,480,2),(481,481,3),(482,482,3),(483,483,2),(484,484,3),(485,485,2),(486,486,4),(487,487,1),(488,488,2),(489,489,2),(490,490,3),(491,491,2),(492,492,3),(493,493,2),(494,494,1),(495,495,1),(496,496,4),(497,497,4),(498,498,3),(499,499,4),(500,500,4),(501,501,3),(502,502,3),(503,503,4),(504,504,4),(505,505,1),(506,506,1),(507,507,4),(508,508,4),(509,509,3),(510,510,2),(511,511,4),(512,512,4),(513,513,2),(514,514,3),(515,515,4),(516,516,4),(517,517,4),(518,518,3),(519,519,2),(520,520,2),(521,521,1),(522,522,1),(523,523,3),(524,524,4),(525,525,2),(526,526,1),(527,527,2),(528,528,1),(529,529,1),(530,530,4),(531,531,4),(532,532,3),(533,533,1),(534,534,4),(535,535,2),(536,536,4),(537,537,4),(538,538,3),(539,539,4),(540,540,4),(541,541,3),(542,542,2),(543,543,1),(544,544,2),(545,545,4),(546,546,3),(547,547,2),(548,548,2),(549,549,3),(550,550,2),(551,551,1),(552,552,3),(553,553,1),(554,554,4),(555,555,4),(556,556,4),(557,557,3),(558,558,2),(559,559,3),(560,560,3),(561,561,2),(562,562,2),(563,563,3),(564,564,4),(565,565,4),(566,566,2),(567,567,3),(568,568,4),(569,569,2),(570,570,2),(571,571,4),(572,572,2),(573,573,3),(574,574,3),(575,575,3),(576,576,2),(577,577,1),(578,578,4),(579,579,1),(580,580,4),(581,581,1),(582,582,3),(583,583,1),(584,584,3),(585,585,2),(586,586,3),(587,587,2),(588,588,1),(589,589,1),(590,590,1),(591,591,2),(592,592,2),(593,593,2),(594,594,3),(595,595,3),(596,596,3),(597,597,3),(598,598,3),(599,599,1),(600,600,4),(601,601,1),(602,602,1),(603,603,2),(604,604,3),(605,605,4),(606,606,3),(607,607,4),(608,608,1),(609,609,4),(610,610,2),(611,611,1),(612,612,2),(613,613,1),(614,614,4),(615,615,3),(616,616,1),(617,617,3),(618,618,3),(619,619,3),(620,620,1),(621,621,3),(622,622,1),(623,623,3),(624,624,3),(625,625,3),(626,626,2),(627,627,1),(628,628,2),(629,629,3),(630,630,3),(631,631,4),(632,632,3),(633,633,1),(634,634,3),(635,635,2),(636,636,4),(637,637,2),(638,638,2),(639,639,3),(640,640,4),(641,641,1),(642,642,4),(643,643,2),(644,644,4),(645,645,3),(646,646,3),(647,647,1),(648,648,3),(649,649,1),(650,650,4),(651,651,2),(652,652,3),(653,653,2),(654,654,3),(655,655,2),(656,656,3),(657,657,2),(658,658,2),(659,659,1),(660,660,2),(661,661,2),(662,662,4),(663,663,3),(664,664,1),(665,665,2),(666,666,2),(667,667,2),(668,668,3),(669,669,1),(670,670,2),(671,671,4),(672,672,2),(673,673,1),(674,674,3),(675,675,3),(676,676,3),(677,677,4),(678,678,4),(679,679,1),(680,680,4),(681,681,2),(682,682,1),(683,683,2),(684,684,2),(685,685,1),(686,686,4),(687,687,3),(688,688,4),(689,689,1),(690,690,4),(691,691,2),(692,692,2),(693,693,2),(694,694,4),(695,695,4),(696,696,2),(697,697,1),(698,698,2),(699,699,2),(700,700,3),(701,701,1),(702,702,2),(703,703,2),(704,704,4),(705,705,4),(706,706,3),(707,707,3),(708,708,1),(709,709,2),(710,710,2),(711,711,2),(712,712,2),(713,713,2),(714,714,2),(715,715,4),(716,716,2),(717,717,4),(718,718,4),(719,719,2),(720,720,3),(721,721,3),(722,722,2),(723,723,1),(724,724,1),(725,725,4),(726,726,3),(727,727,3),(728,728,1),(729,729,1),(730,730,3),(731,731,3),(732,732,2),(733,733,3),(734,734,3),(735,735,2),(736,736,3),(737,737,1),(738,738,3),(739,739,3),(740,740,3),(741,741,2),(742,742,1),(743,743,2),(744,744,3),(745,745,4),(746,746,2),(747,747,2),(748,748,1),(749,749,3),(750,750,3),(751,751,2),(752,752,2),(753,753,4),(754,754,1),(755,755,2),(756,756,4),(757,757,4),(758,758,4),(759,759,1),(760,760,4),(761,761,1),(762,762,4),(763,763,3),(764,764,3),(765,765,1),(766,766,2),(767,767,3),(768,768,1),(769,769,3),(770,770,4),(771,771,4),(772,772,4),(773,773,1),(774,774,1),(775,775,4),(776,776,1),(777,777,1),(778,778,2),(779,779,4),(780,780,2),(781,781,2),(782,782,3),(783,783,2),(784,784,2),(785,785,4),(786,786,2),(787,787,4),(788,788,3),(789,789,3),(790,790,4),(791,791,2),(792,792,2),(793,793,4),(794,794,2),(795,795,1),(796,796,2),(797,797,2),(798,798,3),(799,799,1),(800,800,1),(801,801,4),(802,802,2),(803,803,4),(804,804,1),(805,805,1),(806,806,4),(807,807,1),(808,808,2),(809,809,1),(810,810,4),(811,811,1),(812,812,1),(813,813,3),(814,814,3),(815,815,4),(816,816,4),(817,817,3),(818,818,3),(819,819,4),(820,820,2),(821,821,3),(822,822,4),(823,823,2),(824,824,2),(825,825,2),(826,826,4),(827,827,1),(828,828,2),(829,829,4),(830,830,1),(831,831,2),(832,832,4),(833,833,4),(834,834,2),(835,835,1),(836,836,3),(837,837,1),(838,838,2),(839,839,4),(840,840,4),(841,841,2),(842,842,1),(843,843,1),(844,844,2),(845,845,2),(846,846,3),(847,847,2),(848,848,4),(849,849,2),(850,850,3),(851,851,3),(852,852,1),(853,853,4),(854,854,2),(855,855,2),(856,856,1),(857,857,1),(858,858,4),(859,859,3),(860,860,3),(861,861,4),(862,862,3),(863,863,1),(864,864,4),(865,865,1),(866,866,2),(867,867,3),(868,868,3),(869,869,3),(870,870,3),(871,871,2),(872,872,4),(873,873,2),(874,874,4),(875,875,4),(876,876,2),(877,877,3),(878,878,4),(879,879,3),(880,880,3),(881,881,4),(882,882,3),(883,883,3),(884,884,3),(885,885,3),(886,886,1),(887,887,1),(888,888,3),(889,889,2),(890,890,2),(891,891,2),(892,892,2),(893,893,1),(894,894,4),(895,895,1),(896,896,4),(897,897,3),(898,898,4),(899,899,3),(900,900,4),(901,901,2),(902,902,3),(903,903,4),(904,904,3),(905,905,3),(906,906,2),(907,907,3),(908,908,1),(909,909,2),(910,910,2),(911,911,4),(912,912,2),(913,913,2),(914,914,1),(915,915,3),(916,916,1),(917,917,2),(918,918,2),(919,919,4),(920,920,4),(921,921,1),(922,922,3),(923,923,2),(924,924,3),(925,925,2),(926,926,4),(927,927,2),(928,928,1),(929,929,2),(930,930,4),(931,931,3),(932,932,4),(933,933,1),(934,934,1),(935,935,3),(936,936,3),(937,937,4),(938,938,4),(939,939,3),(940,940,3),(941,941,3),(942,942,1),(943,943,2),(944,944,1),(945,945,1),(946,946,2),(947,947,1),(948,948,3),(949,949,3),(950,950,4),(951,951,3),(952,952,2),(953,953,1),(954,954,1),(955,955,3),(956,956,2),(957,957,2),(958,958,1),(959,959,1),(960,960,1),(961,961,2),(962,962,2),(963,963,3),(964,964,2),(965,965,3),(966,966,2),(967,967,1),(968,968,4),(969,969,1),(970,970,4),(971,971,4),(972,972,4),(973,973,1),(974,974,3),(975,975,4),(976,976,3),(977,977,4),(978,978,1),(979,979,3),(980,980,4),(981,981,1),(982,982,4),(983,983,2),(984,984,3),(985,985,4),(986,986,1),(987,987,2),(988,988,3),(989,989,3),(990,990,3),(991,991,3),(992,992,3),(993,993,2),(994,994,3),(995,995,3),(996,996,3),(997,997,3),(998,998,3),(999,999,1),(1000,1000,2),(1001,1001,1);
/*!40000 ALTER TABLE `заказ_товар` ENABLE KEYS */;
UNLOCK TABLES;

--
-- Table structure for table `запись`
--

DROP TABLE IF EXISTS `запись`;
/*!40101 SET @saved_cs_client     = @@character_set_client */;
/*!50503 SET character_set_client = utf8mb4 */;
CREATE TABLE `запись` (
  `id_record` int NOT NULL AUTO_INCREMENT,
  `Date` date NOT NULL,
  `id_buyer` int NOT NULL,
  `id_employer` int NOT NULL,
  PRIMARY KEY (`id_record`),
  KEY `id_employer` (`id_employer`),
  KEY `fk_buyer_idx` (`id_buyer`),
  CONSTRAINT `fk_records_buyer` FOREIGN KEY (`id_buyer`) REFERENCES `покупатель` (`id_buyer`),
  CONSTRAINT `запись_ibfk_1` FOREIGN KEY (`id_employer`) REFERENCES `сотрудники` (`id_employer`)
) ENGINE=InnoDB AUTO_INCREMENT=1002 DEFAULT CHARSET=utf8mb4 COLLATE=utf8mb4_0900_ai_ci;
/*!40101 SET character_set_client = @saved_cs_client */;

--
-- Dumping data for table `запись`
--

LOCK TABLES `запись` WRITE;
/*!40000 ALTER TABLE `запись` DISABLE KEYS */;
INSERT INTO `запись` VALUES (1,'2021-05-29',28,555),(2,'2020-02-03',12,54),(3,'2020-03-03',47,54),(4,'2021-04-21',98,51),(5,'2020-08-06',96,55),(6,'2019-04-15',68,50),(7,'2018-06-28',67,56),(8,'2020-10-10',25,53),(9,'2019-12-22',27,56),(10,'2019-11-19',68,56),(11,'2019-09-29',37,56),(12,'2018-02-10',95,56),(13,'2021-01-30',44,53),(14,'2020-10-03',70,49),(15,'2018-09-30',10,52),(16,'2019-10-22',2,54),(17,'2020-02-12',95,52),(18,'2020-01-10',56,51),(19,'2020-05-13',92,51),(20,'2019-05-17',72,60),(21,'2020-07-19',29,70),(22,'2019-01-17',79,80),(23,'2019-12-07',38,100),(24,'2019-08-22',14,555),(25,'2019-08-12',59,555),(26,'2020-02-11',37,265),(27,'2019-08-30',74,548),(28,'2019-07-09',76,215),(29,'2019-01-26',45,254),(30,'2020-02-02',65,254),(31,'2019-12-13',1,254),(32,'2020-02-16',72,356),(33,'2019-06-05',95,69),(34,'2018-05-10',67,699),(35,'2019-07-11',73,465),(36,'2020-10-19',70,313),(37,'2018-12-02',25,879),(38,'2019-12-15',42,351),(39,'2018-08-10',37,313),(40,'2018-05-17',63,233),(41,'2020-05-04',78,789),(42,'2020-07-06',8,987),(43,'2020-02-17',43,456),(44,'2021-05-18',82,654),(45,'2019-04-01',88,123),(46,'2020-06-24',91,321),(47,'2020-08-29',11,147),(48,'2019-06-06',68,258),(49,'2019-04-23',11,369),(50,'2019-01-23',9,741),(51,'2018-09-04',38,852),(52,'2018-02-19',10,963),(53,'2018-12-08',51,159),(54,'2020-06-12',27,753),(55,'2018-09-14',62,852),(56,'2018-10-13',1,456),(57,'2018-08-17',25,951),(58,'2018-03-08',95,753),(59,'2020-09-25',40,357),(60,'2020-11-10',78,159),(61,'2019-04-15',89,789),(62,'2019-02-12',87,654),(63,'2019-01-02',14,78),(64,'2019-08-18',24,98),(65,'2021-03-09',19,74),(66,'2018-04-17',62,555),(67,'2018-07-29',32,555),(68,'2019-01-08',93,555),(69,'2018-08-12',14,555),(70,'2019-04-30',78,555),(71,'2020-11-27',7,555),(72,'2018-10-14',69,555),(73,'2021-05-01',26,555),(74,'2018-07-18',48,555),(75,'2018-03-20',52,555),(76,'2019-04-23',41,555),(77,'2018-02-25',66,555),(78,'2019-11-23',32,555),(79,'2018-05-14',16,555),(80,'2020-09-04',7,555),(81,'2019-08-22',1,555),(82,'2019-07-02',72,555),(83,'2018-08-08',41,54),(84,'2018-08-20',94,56),(85,'2020-02-16',45,50),(86,'2018-02-21',68,50),(87,'2019-11-26',7,51),(88,'2019-12-24',82,54),(89,'2018-08-07',100,55),(90,'2018-05-09',84,55),(91,'2020-05-13',91,52),(92,'2019-01-17',16,49),(93,'2021-01-14',44,50),(94,'2019-09-14',17,49),(95,'2020-03-16',74,56),(96,'2018-06-28',11,54),(97,'2019-03-05',5,56),(98,'2021-04-23',16,54),(99,'2018-10-01',18,50),(100,'2021-04-28',86,53),(101,'2019-04-07',34,55),(102,'2021-04-26',61,53),(103,'2019-08-03',14,49),(104,'2018-12-10',31,54),(105,'2019-05-23',35,54),(106,'2020-07-05',15,569),(107,'2020-02-22',69,358),(108,'2020-05-24',90,558),(109,'2020-11-26',37,53),(110,'2021-05-09',47,49),(111,'2018-03-17',95,555),(112,'2020-04-11',97,555),(113,'2020-03-18',82,555),(114,'2021-05-04',84,555),(115,'2020-02-02',1,555),(116,'2018-10-04',18,555),(117,'2021-03-21',61,555),(118,'2018-06-13',11,555),(119,'2019-10-05',70,555),(120,'2018-09-04',11,555),(121,'2021-03-21',38,555),(122,'2020-01-31',70,555),(123,'2018-04-12',68,555),(124,'2018-02-21',73,555),(125,'2018-05-08',22,555),(126,'2019-12-21',12,555),(127,'2021-05-27',78,555),(128,'2019-03-24',3,555),(129,'2018-03-15',33,555),(130,'2019-04-15',62,555),(131,'2021-04-04',81,555),(132,'2019-12-06',42,555),(133,'2020-10-17',59,555),(134,'2018-10-23',2,555),(135,'2019-07-06',57,50),(136,'2020-05-20',19,54),(137,'2021-03-29',99,56),(138,'2020-09-13',26,49),(139,'2020-09-22',100,555),(140,'2019-06-16',25,555),(141,'2020-03-18',80,49),(142,'2019-07-29',8,49),(143,'2018-02-10',36,53),(144,'2020-08-08',17,49),(145,'2018-11-27',78,50),(146,'2021-01-27',88,52),(147,'2018-09-07',50,54),(148,'2020-06-29',45,55),(149,'2019-03-29',59,51),(150,'2019-10-29',93,49),(151,'2021-05-01',85,53),(152,'2019-01-31',71,51),(153,'2019-02-23',93,50),(154,'2018-10-28',52,49),(155,'2020-01-25',84,51),(156,'2019-12-26',4,50),(157,'2019-04-19',19,54),(158,'2020-12-08',5,52),(159,'2018-07-21',73,55),(160,'2018-07-30',92,51),(161,'2018-07-11',65,55),(162,'2020-01-11',29,51),(163,'2020-12-04',70,53),(164,'2018-04-01',83,55),(165,'2018-11-23',50,56),(166,'2019-08-08',48,49),(167,'2020-09-21',38,51),(168,'2019-11-13',73,53),(169,'2021-05-13',80,56),(170,'2018-09-21',97,54),(171,'2019-07-20',40,53),(172,'2019-02-27',55,50),(173,'2018-05-28',39,55),(174,'2020-03-10',25,53),(175,'2018-05-04',17,55),(176,'2019-11-26',28,51),(177,'2018-08-03',92,54),(178,'2020-08-05',84,51),(179,'2020-11-15',28,50),(180,'2020-08-21',27,51),(181,'2020-08-31',86,53),(182,'2019-10-21',98,55),(183,'2018-02-28',96,49),(184,'2020-03-25',65,53),(185,'2019-04-20',87,55),(186,'2020-11-08',56,51),(187,'2018-10-28',8,52),(188,'2019-01-29',42,52),(189,'2018-04-29',20,55),(190,'2020-09-22',47,56),(191,'2021-02-04',22,50),(192,'2021-03-28',90,50),(193,'2020-09-07',88,56),(194,'2018-09-06',53,49),(195,'2019-04-09',12,52),(196,'2018-05-25',93,51),(197,'2020-03-16',31,55),(198,'2021-01-29',31,52),(199,'2020-12-29',92,54),(200,'2020-01-28',5,56),(201,'2019-06-26',55,54),(202,'2019-01-26',80,52),(203,'2019-10-02',45,55),(204,'2018-11-24',64,52),(205,'2020-03-31',36,55),(206,'2018-09-10',14,49),(207,'2020-05-17',68,54),(208,'2018-09-21',87,52),(209,'2018-12-18',40,52),(210,'2019-06-24',64,49),(211,'2020-05-12',98,53),(212,'2018-06-16',6,54),(213,'2020-01-23',89,53),(214,'2019-01-05',42,54),(215,'2020-09-25',16,53),(216,'2018-05-04',88,54),(217,'2019-12-08',61,55),(218,'2020-07-27',7,55),(219,'2019-03-28',25,52),(220,'2018-08-22',6,53),(221,'2020-05-27',33,51),(222,'2021-02-12',31,54),(223,'2018-04-23',42,55),(224,'2019-08-16',19,56),(225,'2020-01-29',24,50),(226,'2019-12-16',41,56),(227,'2020-04-05',10,56),(228,'2018-07-22',89,53),(229,'2018-07-08',65,49),(230,'2020-09-14',33,56),(231,'2020-05-04',70,50),(232,'2020-10-21',97,53),(233,'2021-03-07',81,50),(234,'2019-11-18',79,52),(235,'2018-02-06',72,53),(236,'2020-07-12',28,55),(237,'2019-03-26',20,51),(238,'2018-08-15',42,50),(239,'2021-05-01',54,54),(240,'2019-11-01',34,56),(241,'2020-11-28',68,54),(242,'2019-12-27',63,54),(243,'2020-11-26',26,51),(244,'2019-01-07',30,56),(245,'2020-09-04',9,51),(246,'2020-10-22',31,51),(247,'2020-07-12',83,49),(248,'2018-06-13',79,54),(249,'2018-09-21',26,49),(250,'2020-08-04',23,54),(251,'2019-05-01',12,52),(252,'2020-09-28',37,53),(253,'2020-04-08',83,50),(254,'2020-02-10',88,53),(255,'2020-07-07',49,54),(256,'2020-03-22',61,50),(257,'2019-09-23',25,55),(258,'2020-12-04',81,55),(259,'2018-06-11',47,54),(260,'2021-01-25',97,56),(261,'2020-07-08',44,54),(262,'2018-07-30',33,55),(263,'2018-12-12',66,51),(264,'2019-12-15',53,51),(265,'2018-10-29',71,50),(266,'2020-04-29',56,53),(267,'2019-08-14',38,51),(268,'2018-03-16',75,51),(269,'2020-03-29',81,49),(270,'2018-03-09',57,55),(271,'2021-02-03',57,53),(272,'2019-10-25',36,51),(273,'2021-02-17',100,56),(274,'2020-08-27',43,51),(275,'2020-02-09',4,51),(276,'2020-02-19',11,55),(277,'2020-02-02',87,55),(278,'2021-04-09',46,54),(279,'2019-06-27',61,56),(280,'2020-06-26',45,56),(281,'2019-09-13',44,51),(282,'2019-02-16',97,56),(283,'2019-12-05',5,54),(284,'2018-04-16',48,56),(285,'2020-03-13',6,52),(286,'2020-03-06',65,53),(287,'2020-04-01',65,52),(288,'2018-11-03',36,52),(289,'2021-03-09',48,51),(290,'2020-04-01',23,54),(291,'2019-12-31',65,50),(292,'2021-01-01',65,55),(293,'2018-06-08',21,50),(294,'2019-09-26',82,49),(295,'2021-02-28',10,53),(296,'2018-12-27',23,52),(297,'2020-06-25',68,55),(298,'2021-04-28',33,52),(299,'2018-02-24',36,51),(300,'2019-07-21',64,53),(301,'2019-08-19',9,51),(302,'2018-10-11',94,56),(303,'2019-07-13',61,54),(304,'2018-05-26',17,56),(305,'2019-01-07',69,55),(306,'2018-10-20',18,55),(307,'2019-07-10',10,54),(308,'2021-05-21',98,49),(309,'2020-05-16',5,51),(310,'2018-02-20',6,49),(311,'2018-02-19',22,54),(312,'2021-01-23',20,56),(313,'2020-10-14',35,54),(314,'2020-03-19',96,56),(315,'2019-03-29',29,49),(316,'2020-11-26',50,50),(317,'2020-11-16',50,54),(318,'2019-07-14',52,52),(319,'2021-05-15',84,56),(320,'2019-04-05',67,50),(321,'2020-09-27',69,51),(322,'2019-10-16',51,55),(323,'2018-07-07',92,53),(324,'2019-12-17',15,53),(325,'2019-12-14',40,54),(326,'2019-01-27',69,54),(327,'2019-10-22',78,53),(328,'2019-07-04',68,51),(329,'2021-04-23',48,49),(330,'2018-05-09',47,50),(331,'2018-06-07',13,51),(332,'2021-04-23',83,55),(333,'2020-12-23',14,53),(334,'2021-05-14',66,53),(335,'2018-07-28',42,56),(336,'2018-07-31',73,52),(337,'2018-09-01',20,49),(338,'2020-08-25',9,51),(339,'2020-07-30',72,52),(340,'2018-12-10',39,56),(341,'2020-10-14',66,56),(342,'2020-03-28',90,53),(343,'2018-05-24',86,52),(344,'2019-07-15',80,53),(345,'2021-01-23',86,55),(346,'2019-04-09',74,52),(347,'2020-08-25',48,52),(348,'2020-03-23',89,55),(349,'2018-12-23',53,49),(350,'2019-05-02',59,53),(351,'2018-05-02',57,49),(352,'2019-08-14',43,52),(353,'2019-02-05',60,49),(354,'2019-10-25',29,53),(355,'2020-12-02',64,54),(356,'2018-09-06',86,49),(357,'2020-01-20',69,56),(358,'2021-03-01',71,53),(359,'2021-01-04',100,55),(360,'2020-05-04',80,56),(361,'2019-10-18',23,50),(362,'2020-10-11',13,52),(363,'2020-10-05',99,53),(364,'2020-07-26',90,53),(365,'2019-10-28',71,50),(366,'2020-07-13',38,54),(367,'2021-04-15',27,56),(368,'2021-03-16',93,50),(369,'2020-01-11',40,53),(370,'2019-04-05',1,49),(371,'2019-07-19',21,52),(372,'2018-05-26',16,53),(373,'2020-09-16',48,49),(374,'2021-01-28',32,51),(375,'2020-03-21',72,53),(376,'2018-05-02',88,49),(377,'2020-01-22',8,51),(378,'2018-04-29',40,49),(379,'2019-06-27',80,50),(380,'2018-06-18',17,55),(381,'2019-03-28',8,55),(382,'2019-08-27',47,54),(383,'2019-12-20',90,51),(384,'2020-01-11',13,49),(385,'2020-07-24',5,49),(386,'2018-03-10',74,54),(387,'2018-09-23',72,55),(388,'2019-04-11',61,53),(389,'2019-11-22',43,49),(390,'2020-08-08',9,49),(391,'2020-09-08',87,50),(392,'2018-04-03',47,51),(393,'2018-02-12',10,51),(394,'2021-01-21',81,52),(395,'2019-08-01',17,50),(396,'2020-06-29',90,52),(397,'2019-02-05',52,53),(398,'2019-07-22',45,53),(399,'2019-06-05',52,50),(400,'2019-11-24',23,52),(401,'2019-11-26',81,49),(402,'2018-09-28',33,50),(403,'2019-10-26',95,53),(404,'2019-03-19',1,53),(405,'2020-07-10',51,50),(406,'2018-09-15',50,53),(407,'2018-05-30',76,53),(408,'2019-12-18',13,54),(409,'2019-05-18',46,52),(410,'2018-08-16',21,53),(411,'2020-11-08',33,50),(412,'2019-09-09',30,55),(413,'2020-06-25',10,49),(414,'2019-06-29',64,49),(415,'2020-04-10',40,53),(416,'2019-02-24',24,53),(417,'2020-06-16',58,49),(418,'2018-02-23',84,56),(419,'2020-08-09',9,52),(420,'2019-05-12',44,51),(421,'2018-04-14',5,50),(422,'2020-12-08',31,55),(423,'2018-12-22',96,51),(424,'2018-03-31',49,49),(425,'2019-08-02',10,52),(426,'2019-01-13',36,56),(427,'2020-05-31',47,54),(428,'2021-03-19',6,51),(429,'2019-06-01',61,56),(430,'2020-01-29',72,53),(431,'2020-05-20',69,56),(432,'2018-06-28',85,51),(433,'2021-01-18',43,50),(434,'2019-02-02',79,52),(435,'2019-03-08',5,53),(436,'2020-12-04',16,53),(437,'2018-06-17',8,54),(438,'2021-01-07',36,53),(439,'2018-07-30',70,52),(440,'2019-11-04',93,50),(441,'2019-06-23',33,50),(442,'2020-01-25',70,49),(443,'2018-06-15',68,50),(444,'2021-04-19',53,49),(445,'2020-09-03',47,54),(446,'2019-11-21',59,49),(447,'2020-04-09',89,52),(448,'2018-05-31',33,52),(449,'2020-12-01',28,54),(450,'2019-11-30',12,49),(451,'2020-03-16',66,51),(452,'2018-04-09',97,56),(453,'2021-02-01',76,56),(454,'2020-08-08',81,55),(455,'2020-01-17',79,52),(456,'2020-01-05',69,49),(457,'2020-02-01',42,49),(458,'2020-01-30',99,54),(459,'2020-02-06',59,54),(460,'2019-06-10',91,54),(461,'2018-07-12',20,49),(462,'2019-07-11',90,56),(463,'2020-04-01',85,52),(464,'2019-02-24',33,52),(465,'2018-03-04',70,51),(466,'2018-11-18',53,54),(467,'2019-10-14',85,51),(468,'2020-03-29',16,56),(469,'2018-05-26',19,52),(470,'2021-05-07',42,51),(471,'2018-11-11',7,54),(472,'2018-04-05',96,50),(473,'2019-09-27',33,50),(474,'2020-12-29',42,55),(475,'2018-03-12',87,56),(476,'2020-03-04',21,53),(477,'2019-08-05',91,56),(478,'2018-10-24',7,52),(479,'2018-11-14',65,55),(480,'2019-04-10',15,54),(481,'2018-10-14',20,50),(482,'2018-07-15',66,52),(483,'2020-10-28',38,50),(484,'2019-01-02',33,54),(485,'2020-08-04',61,50),(486,'2019-12-27',38,49),(487,'2021-02-09',3,50),(488,'2019-06-30',25,52),(489,'2020-11-05',23,55),(490,'2018-08-12',23,51),(491,'2019-08-25',89,50),(492,'2021-02-13',65,54),(493,'2021-05-21',9,51),(494,'2020-08-27',70,50),(495,'2018-05-05',38,49),(496,'2019-02-25',29,50),(497,'2019-02-21',33,54),(498,'2021-01-04',9,55),(499,'2020-10-10',100,54),(500,'2018-10-08',62,50),(501,'2018-03-28',31,56),(502,'2020-07-25',26,55),(503,'2020-11-28',69,51),(504,'2020-08-05',73,55),(505,'2019-11-01',73,51),(506,'2019-02-25',45,51),(507,'2018-12-17',12,55),(508,'2019-03-03',61,51),(509,'2021-02-15',18,50),(510,'2019-02-24',32,51),(511,'2018-03-18',20,54),(512,'2019-10-12',30,53),(513,'2020-11-12',84,54),(514,'2019-12-01',25,53),(515,'2020-11-09',49,51),(516,'2021-02-12',2,56),(517,'2019-01-01',58,49),(518,'2020-06-23',76,55),(519,'2020-02-07',13,51),(520,'2019-03-07',70,53),(521,'2019-02-27',32,55),(522,'2020-05-10',65,52),(523,'2020-10-07',60,51),(524,'2021-03-07',99,56),(525,'2018-03-13',95,52),(526,'2020-08-09',50,50),(527,'2018-04-16',86,55),(528,'2021-01-01',59,51),(529,'2020-11-20',65,53),(530,'2018-07-10',45,49),(531,'2020-04-05',71,56),(532,'2021-03-19',9,53),(533,'2018-12-30',94,49),(534,'2018-05-07',26,52),(535,'2020-05-05',9,49),(536,'2019-06-30',15,56),(537,'2020-12-27',50,55),(538,'2020-08-05',39,52),(539,'2020-01-12',94,52),(540,'2020-06-01',6,53),(541,'2020-06-06',36,51),(542,'2018-05-06',28,49),(543,'2020-01-01',21,51),(544,'2018-03-21',52,50),(545,'2019-08-03',76,54),(546,'2018-10-08',82,51),(547,'2019-06-15',29,50),(548,'2021-05-09',100,50),(549,'2020-01-02',3,49),(550,'2018-07-22',90,51),(551,'2019-05-06',38,53),(552,'2018-11-19',91,55),(553,'2021-05-08',18,56),(554,'2020-10-20',15,55),(555,'2021-05-05',99,55),(556,'2019-05-06',89,50),(557,'2019-11-18',40,53),(558,'2018-12-09',58,55),(559,'2020-06-21',92,54),(560,'2020-08-07',45,50),(561,'2019-11-15',11,49),(562,'2018-07-18',6,54),(563,'2020-09-11',15,56),(564,'2018-09-11',35,51),(565,'2020-12-24',46,54),(566,'2020-10-21',51,55),(567,'2020-05-28',95,56),(568,'2021-04-29',19,52),(569,'2018-12-19',71,50),(570,'2018-04-28',49,52),(571,'2019-02-14',37,49),(572,'2020-11-11',43,49),(573,'2020-06-27',18,56),(574,'2018-10-29',44,55),(575,'2018-09-09',80,55),(576,'2018-08-06',9,49),(577,'2019-07-03',4,56),(578,'2021-01-11',11,55),(579,'2019-10-20',60,49),(580,'2020-03-31',1,53),(581,'2020-12-07',45,54),(582,'2020-12-09',69,50),(583,'2020-11-30',60,51),(584,'2019-08-26',92,52),(585,'2018-05-25',14,53),(586,'2018-09-17',54,54),(587,'2018-11-28',39,56),(588,'2018-08-14',90,56),(589,'2020-06-08',44,53),(590,'2021-02-16',75,51),(591,'2020-04-11',56,50),(592,'2021-04-22',5,50),(593,'2019-10-27',83,55),(594,'2019-07-22',15,50),(595,'2020-12-24',63,55),(596,'2020-11-11',44,55),(597,'2020-04-11',71,51),(598,'2019-01-21',39,49),(599,'2021-02-14',29,53),(600,'2019-09-18',74,53),(601,'2019-07-30',77,49),(602,'2021-02-22',10,53),(603,'2019-06-28',38,52),(604,'2020-12-12',79,50),(605,'2021-04-17',25,54),(606,'2020-09-04',90,49),(607,'2018-04-06',21,49),(608,'2021-02-04',67,53),(609,'2018-11-03',14,52),(610,'2018-12-29',49,51),(611,'2020-04-24',6,50),(612,'2020-10-12',61,56),(613,'2020-09-09',89,54),(614,'2019-04-29',30,51),(615,'2019-03-06',12,50),(616,'2019-06-09',22,53),(617,'2018-05-06',42,51),(618,'2019-07-26',41,53),(619,'2021-04-04',7,52),(620,'2019-10-21',84,49),(621,'2020-07-10',88,49),(622,'2021-01-23',68,54),(623,'2019-01-13',84,56),(624,'2019-03-09',46,51),(625,'2018-02-05',94,52),(626,'2019-02-12',92,56),(627,'2018-05-26',7,52),(628,'2018-02-17',34,55),(629,'2018-12-04',45,50),(630,'2020-08-06',84,52),(631,'2018-11-12',99,49),(632,'2019-01-09',55,54),(633,'2021-01-01',62,52),(634,'2020-04-19',4,55),(635,'2018-05-14',95,56),(636,'2018-12-26',66,55),(637,'2018-07-14',70,54),(638,'2020-12-09',19,52),(639,'2018-04-23',2,54),(640,'2020-02-04',37,53),(641,'2020-11-16',20,52),(642,'2018-04-06',66,49),(643,'2018-08-03',75,52),(644,'2018-12-12',30,51),(645,'2020-08-25',13,50),(646,'2020-10-08',89,55),(647,'2020-06-12',53,54),(648,'2019-10-16',89,56),(649,'2018-05-01',48,54),(650,'2020-04-22',55,50),(651,'2018-11-24',36,54),(652,'2019-07-08',64,51),(653,'2019-06-05',43,56),(654,'2021-05-11',12,55),(655,'2020-05-08',48,52),(656,'2019-08-28',11,50),(657,'2020-03-23',66,50),(658,'2018-05-23',86,49),(659,'2021-03-22',54,55),(660,'2019-09-05',85,54),(661,'2020-09-28',53,56),(662,'2019-09-03',61,49),(663,'2018-10-30',73,51),(664,'2018-12-11',99,55),(665,'2018-06-14',92,49),(666,'2020-08-26',2,52),(667,'2018-07-27',39,52),(668,'2018-04-12',12,56),(669,'2020-03-22',78,52),(670,'2018-07-04',53,50),(671,'2019-12-19',38,49),(672,'2020-03-31',84,51),(673,'2019-06-18',48,53),(674,'2020-04-14',82,55),(675,'2019-07-31',79,56),(676,'2020-02-25',1,55),(677,'2020-08-13',7,55),(678,'2018-09-20',70,55),(679,'2021-02-05',90,51),(680,'2021-05-06',78,54),(681,'2018-09-04',9,51),(682,'2020-03-16',30,56),(683,'2020-02-24',47,51),(684,'2019-05-26',81,54),(685,'2018-11-29',49,52),(686,'2020-04-04',80,54),(687,'2020-11-18',2,53),(688,'2020-04-22',82,55),(689,'2019-03-31',9,54),(690,'2020-01-10',37,53),(691,'2020-08-26',21,49),(692,'2020-02-01',70,54),(693,'2020-01-18',68,52),(694,'2021-04-07',7,55),(695,'2019-12-26',44,49),(696,'2019-12-28',63,56),(697,'2018-10-23',25,54),(698,'2019-04-13',1,54),(699,'2021-01-28',93,50),(700,'2020-07-25',91,49),(701,'2021-05-21',34,53),(702,'2020-05-05',100,51),(703,'2019-07-27',80,52),(704,'2020-09-24',49,50),(705,'2020-01-23',38,51),(706,'2018-02-27',6,55),(707,'2019-08-05',44,56),(708,'2020-04-14',88,52),(709,'2020-02-20',82,49),(710,'2018-08-19',37,50),(711,'2021-05-12',97,49),(712,'2019-07-25',44,51),(713,'2018-11-09',7,49),(714,'2018-08-01',36,52),(715,'2018-07-19',29,55),(716,'2020-11-08',1,51),(717,'2019-11-10',57,49),(718,'2019-12-31',60,54),(719,'2018-04-01',86,53),(720,'2018-12-02',98,56),(721,'2019-12-21',39,51),(722,'2019-03-12',81,55),(723,'2019-10-29',86,56),(724,'2019-11-28',89,53),(725,'2020-01-16',60,52),(726,'2019-03-09',58,50),(727,'2019-07-30',27,52),(728,'2018-10-07',36,53),(729,'2019-05-04',32,55),(730,'2019-01-13',20,53),(731,'2021-05-17',66,51),(732,'2019-07-28',43,51),(733,'2019-12-04',67,55),(734,'2021-04-12',67,50),(735,'2021-01-03',64,54),(736,'2018-03-15',53,50),(737,'2019-01-29',59,51),(738,'2020-11-18',65,53),(739,'2018-08-26',86,53),(740,'2019-01-10',47,53),(741,'2020-05-22',34,55),(742,'2019-03-24',95,55),(743,'2021-01-23',78,54),(744,'2020-03-20',64,49),(745,'2018-04-21',83,56),(746,'2020-03-28',35,51),(747,'2019-12-27',27,54),(748,'2020-07-27',4,51),(749,'2019-09-26',95,52),(750,'2020-12-09',20,51),(751,'2018-04-24',56,50),(752,'2019-10-07',87,52),(753,'2018-06-25',18,56),(754,'2020-09-12',51,51),(755,'2018-10-27',69,55),(756,'2018-09-03',85,53),(757,'2020-05-22',4,50),(758,'2021-02-28',53,54),(759,'2019-07-01',7,53),(760,'2018-09-10',39,51),(761,'2019-02-11',35,49),(762,'2019-06-02',57,55),(763,'2020-02-20',18,51),(764,'2019-08-12',41,52),(765,'2020-06-06',6,54),(766,'2018-06-16',97,49),(767,'2018-02-12',79,49),(768,'2018-02-24',15,55),(769,'2020-02-09',33,51),(770,'2021-06-02',14,53),(771,'2021-03-31',30,52),(772,'2019-01-12',57,52),(773,'2018-09-26',34,50),(774,'2019-03-24',74,49),(775,'2018-06-22',59,51),(776,'2021-04-06',83,54),(777,'2020-10-03',25,51),(778,'2020-02-08',86,50),(779,'2020-05-14',84,50),(780,'2018-12-02',91,53),(781,'2018-11-21',51,56),(782,'2019-03-25',95,51),(783,'2018-05-25',96,53),(784,'2020-04-12',8,52),(785,'2020-01-29',86,49),(786,'2020-12-09',98,54),(787,'2019-05-20',64,54),(788,'2018-03-22',45,52),(789,'2018-10-14',57,49),(790,'2021-02-09',4,52),(791,'2019-02-15',82,49),(792,'2019-09-30',15,50),(793,'2020-10-28',12,52),(794,'2019-07-07',19,51),(795,'2020-12-10',16,55),(796,'2018-07-29',52,53),(797,'2018-12-25',22,50),(798,'2020-09-01',62,56),(799,'2019-12-28',37,56),(800,'2021-04-08',75,55),(801,'2018-09-20',93,54),(802,'2020-02-12',25,52),(803,'2020-05-18',71,51),(804,'2018-12-09',4,49),(805,'2020-04-26',60,49),(806,'2020-09-15',51,49),(807,'2019-04-22',38,52),(808,'2019-12-12',28,53),(809,'2020-01-14',81,56),(810,'2020-05-11',48,56),(811,'2019-03-29',98,52),(812,'2021-03-16',83,52),(813,'2018-03-31',81,53),(814,'2019-10-13',24,50),(815,'2019-08-31',19,50),(816,'2021-02-15',47,54),(817,'2019-03-17',70,56),(818,'2018-06-11',77,50),(819,'2021-02-28',84,56),(820,'2019-11-30',21,49),(821,'2019-02-20',66,51),(822,'2019-11-05',77,55),(823,'2018-04-19',56,52),(824,'2020-08-16',48,53),(825,'2020-11-11',55,56),(826,'2018-04-05',48,53),(827,'2018-05-02',71,49),(828,'2019-07-04',3,55),(829,'2021-05-06',30,50),(830,'2018-03-21',3,54),(831,'2019-05-28',63,51),(832,'2019-01-12',91,52),(833,'2020-12-31',5,55),(834,'2020-11-11',3,55),(835,'2018-12-31',25,50),(836,'2019-08-19',10,51),(837,'2019-04-24',75,49),(838,'2018-03-19',42,51),(839,'2019-06-03',25,53),(840,'2019-04-25',15,53),(841,'2020-07-26',74,53),(842,'2021-01-08',1,49),(843,'2020-08-01',44,55),(844,'2018-04-19',76,49),(845,'2019-02-11',99,55),(846,'2020-01-14',1,51),(847,'2019-04-24',92,56),(848,'2019-08-23',98,54),(849,'2018-08-11',100,50),(850,'2018-02-06',12,50),(851,'2019-04-10',24,49),(852,'2020-02-25',47,51),(853,'2018-05-05',3,50),(854,'2018-04-27',55,56),(855,'2021-05-02',75,49),(856,'2020-10-05',22,50),(857,'2018-09-29',22,52),(858,'2019-05-17',47,49),(859,'2019-06-11',42,49),(860,'2019-06-02',88,50),(861,'2018-11-10',43,52),(862,'2021-05-08',67,55),(863,'2019-01-01',94,56),(864,'2021-01-24',2,53),(865,'2019-09-18',29,56),(866,'2020-04-24',84,55),(867,'2019-02-10',77,55),(868,'2019-07-12',37,54),(869,'2018-04-27',19,53),(870,'2021-03-26',29,53),(871,'2020-07-16',49,55),(872,'2019-01-24',12,56),(873,'2019-02-20',89,55),(874,'2018-06-15',64,49),(875,'2020-10-07',98,51),(876,'2020-11-24',15,54),(877,'2018-12-29',74,56),(878,'2020-03-16',49,50),(879,'2020-04-20',71,55),(880,'2021-01-07',40,54),(881,'2019-04-01',7,49),(882,'2018-09-01',84,50),(883,'2020-03-11',85,52),(884,'2018-10-27',23,55),(885,'2019-06-14',73,52),(886,'2021-03-13',30,54),(887,'2019-06-08',82,53),(888,'2018-11-28',91,51),(889,'2020-04-03',100,52),(890,'2021-01-14',36,53),(891,'2019-03-26',98,54),(892,'2018-12-06',59,53),(893,'2019-11-12',83,56),(894,'2019-02-11',75,53),(895,'2019-09-26',28,54),(896,'2019-07-30',11,55),(897,'2020-08-23',29,50),(898,'2021-02-24',31,54),(899,'2020-10-27',20,49),(900,'2018-04-24',96,56),(901,'2018-12-01',84,52),(902,'2018-10-03',72,49),(903,'2018-07-21',4,55),(904,'2019-09-17',73,56),(905,'2020-10-08',8,55),(906,'2019-05-02',4,49),(907,'2020-02-05',15,50),(908,'2021-02-18',46,54),(909,'2018-08-08',42,51),(910,'2018-12-21',12,54),(911,'2020-08-25',20,54),(912,'2019-03-01',63,50),(913,'2021-04-23',94,54),(914,'2018-05-31',18,53),(915,'2018-08-17',26,53),(916,'2019-10-21',8,53),(917,'2020-07-22',28,50),(918,'2018-08-12',8,55),(919,'2020-07-20',9,51),(920,'2018-04-12',77,50),(921,'2020-07-13',65,54),(922,'2019-02-09',52,51),(923,'2019-08-16',61,55),(924,'2018-06-11',28,56),(925,'2020-08-31',48,53),(926,'2020-11-24',82,55),(927,'2019-08-21',98,49),(928,'2021-02-08',17,52),(929,'2018-12-10',6,54),(930,'2018-11-23',92,55),(931,'2019-11-26',8,53),(932,'2021-05-14',70,52),(933,'2020-02-10',36,53),(934,'2018-03-27',31,56),(935,'2018-04-24',13,52),(936,'2021-02-18',6,52),(937,'2020-10-02',78,54),(938,'2019-08-10',67,56),(939,'2019-11-21',95,53),(940,'2019-03-09',17,55),(941,'2020-12-27',43,49),(942,'2019-11-01',16,53),(943,'2021-01-01',92,50),(944,'2019-05-19',34,52),(945,'2020-02-16',53,56),(946,'2021-03-11',71,51),(947,'2020-04-16',63,56),(948,'2018-06-17',21,53),(949,'2020-10-13',32,50),(950,'2018-02-07',94,56),(951,'2018-11-28',82,49),(952,'2020-10-20',65,55),(953,'2020-01-31',37,49),(954,'2018-07-20',56,52),(955,'2021-02-21',35,54),(956,'2019-10-24',66,52),(957,'2019-05-08',57,49),(958,'2019-09-17',26,56),(959,'2019-02-15',65,56),(960,'2020-09-15',9,50),(961,'2020-06-11',92,49),(962,'2018-11-30',6,53),(963,'2019-03-12',7,53),(964,'2018-05-27',55,50),(965,'2020-11-09',22,52),(966,'2020-03-10',9,53),(967,'2020-03-19',1,50),(968,'2020-03-21',83,50),(969,'2018-03-23',22,53),(970,'2021-01-03',4,56),(971,'2018-03-26',47,52),(972,'2020-07-13',85,50),(973,'2019-12-21',24,52),(974,'2018-09-21',46,55),(975,'2019-03-17',87,53),(976,'2020-07-10',11,52),(977,'2021-01-20',14,53),(978,'2019-06-22',30,52),(979,'2019-06-29',7,50),(980,'2018-09-21',55,51),(981,'2019-08-28',14,555),(982,'2018-02-09',55,555),(983,'2021-01-17',56,49),(984,'2019-09-22',89,49),(985,'2021-05-26',25,56),(986,'2018-02-12',99,53),(987,'2020-11-12',52,56),(988,'2018-09-09',78,51),(989,'2019-08-30',93,555),(990,'2019-04-07',54,555),(991,'2020-10-19',4,555),(992,'2020-05-19',100,555),(993,'2018-10-10',61,555),(994,'2020-05-09',59,555),(995,'2018-04-05',9,54),(996,'2018-08-30',21,54),(997,'2021-01-17',57,555),(998,'2020-09-26',60,54),(999,'2019-06-29',6,555),(1000,'2020-07-29',16,555);
/*!40000 ALTER TABLE `запись` ENABLE KEYS */;
UNLOCK TABLES;

--
-- Table structure for table `магазин`
--

DROP TABLE IF EXISTS `магазин`;
/*!40101 SET @saved_cs_client     = @@character_set_client */;
/*!50503 SET character_set_client = utf8mb4 */;
CREATE TABLE `магазин` (
  `idstore` int NOT NULL AUTO_INCREMENT,
  `address` varchar(40) NOT NULL,
  PRIMARY KEY (`idstore`)
) ENGINE=InnoDB AUTO_INCREMENT=7 DEFAULT CHARSET=utf8mb4 COLLATE=utf8mb4_0900_ai_ci;
/*!40101 SET character_set_client = @saved_cs_client */;

--
-- Dumping data for table `магазин`
--

LOCK TABLES `магазин` WRITE;
/*!40000 ALTER TABLE `магазин` DISABLE KEYS */;
INSERT INTO `магазин` VALUES (1,'улица Хиросимы, 16'),(2,'Пражская улица, 17'),(3,'Коммунистическая улица, 54'),(4,'улица Ткачёва, 5'),(5,'Двинская улица, 13'),(6,'улица Рокоссовского, 58');
/*!40000 ALTER TABLE `магазин` ENABLE KEYS */;
UNLOCK TABLES;

--
-- Table structure for table `отзывы`
--

DROP TABLE IF EXISTS `отзывы`;
/*!40101 SET @saved_cs_client     = @@character_set_client */;
/*!50503 SET character_set_client = utf8mb4 */;
CREATE TABLE `отзывы` (
  `id_comment` int NOT NULL AUTO_INCREMENT,
  `Достоинства` varchar(500) NOT NULL,
  `Недостатки` varchar(500) NOT NULL,
  `Оценка` int NOT NULL,
  `Комментарий` varchar(500) NOT NULL,
  `id_товара` int NOT NULL,
  `id_покупателя` int NOT NULL,
  PRIMARY KEY (`id_comment`),
  KEY `fk_product_idx` (`id_товара`),
  KEY `fk_buyer_idx` (`id_покупателя`),
  CONSTRAINT `fk_buyer` FOREIGN KEY (`id_покупателя`) REFERENCES `покупатель` (`id_buyer`),
  CONSTRAINT `fk_product` FOREIGN KEY (`id_товара`) REFERENCES `товар` (`idТовар`)
) ENGINE=InnoDB AUTO_INCREMENT=3303 DEFAULT CHARSET=utf8mb4 COLLATE=utf8mb4_0900_ai_ci;
/*!40101 SET character_set_client = @saved_cs_client */;

--
-- Dumping data for table `отзывы`
--

LOCK TABLES `отзывы` WRITE;
/*!40000 ALTER TABLE `отзывы` DISABLE KEYS */;
INSERT INTO `отзывы` VALUES (1279,'Все супер','нет',5,'классные шины',1,1),(2303,'rhoncus aliquam lacus','cras',4,'et eros vestibulum ac est lacinia',926,432),(2304,'vestibulum vestibulum','dapibus',3,'aenean sit amet justo',865,310),(2305,'quisque erat eros','turpis nec',3,'ut volutpat sapien arcu sed augue',553,355),(2306,'porta volutpat erat quisque','potenti in eleifend quam',5,'nibh quisque id justo sit amet sapien dignissim vestibulum',841,929),(2307,'nunc rhoncus dui','ante ipsum primis in',3,'nulla mollis molestie lorem quisque ut',12,789),(2308,'nisl ut volutpat sapien','morbi vestibulum',4,'quam suspendisse',719,753),(2309,'ut suscipit a','massa quis augue',1,'ultrices vel augue',667,480),(2310,'eu mi nulla ac','turpis nec euismod',5,'mauris laoreet',714,973),(2311,'a','vivamus',2,'id sapien',18,136),(2312,'amet eleifend','cum sociis natoque penatibus',3,'nunc proin at turpis a pede posuere',563,456),(2313,'dui','leo odio condimentum id',4,'nulla dapibus dolor vel est donec odio',890,402),(2314,'tincidunt lacus','vel augue vestibulum ante',5,'nulla suspendisse',972,834),(2315,'in blandit ultrices enim','nulla dapibus dolor',2,'suspendisse accumsan tortor quis turpis sed ante vivamus tortor',730,689),(2316,'consequat in consequat ut','eu tincidunt in leo maecenas',5,'maecenas pulvinar lobortis est phasellus sit amet erat',131,500),(2317,'vestibulum sagittis sapien','nullam orci pede venenatis',1,'augue vel accumsan tellus nisi eu orci mauris lacinia',866,715),(2318,'mauris enim leo rhoncus sed','tincidunt ante vel ipsum',3,'platea dictumst maecenas ut',791,916),(2319,'praesent blandit nam nulla integer','vestibulum',3,'quis odio consequat varius integer ac',66,895),(2320,'nonummy maecenas tincidunt lacus','luctus',2,'et eros vestibulum ac',27,806),(2321,'convallis nunc proin at','proin eu mi',1,'eu nibh',799,54),(2322,'suscipit','quis odio consequat',5,'eget tempus vel pede morbi porttitor lorem',83,500),(2323,'convallis','rutrum',5,'sit amet sem fusce consequat nulla nisl nunc',569,321),(2324,'pellentesque','eleifend quam a',3,'volutpat quam pede lobortis ligula sit amet eleifend pede',990,528),(2325,'eleifend','posuere',4,'enim leo rhoncus sed',725,313),(2326,'ipsum integer a','nullam',3,'aliquet maecenas leo odio condimentum',455,256),(2327,'velit nec nisi','etiam faucibus',2,'aliquam',257,410),(2328,'id ligula','velit eu est congue elementum',4,'potenti in eleifend quam a odio in',379,758),(2329,'gravida nisi at nibh in','iaculis diam erat fermentum justo',3,'dui vel nisl duis ac',72,716),(2330,'odio elementum eu','porttitor lorem id',4,'sit',670,493),(2331,'metus aenean','in',5,'posuere metus vitae ipsum aliquam non',809,203),(2332,'convallis nunc','dis parturient montes',4,'sed vestibulum sit',803,131),(2333,'est donec','libero rutrum ac lobortis',3,'platea dictumst',70,63),(2334,'sed ante','ipsum primis',5,'tincidunt eu felis fusce posuere felis sed',758,340),(2335,'in hac habitasse platea','quam',1,'augue aliquam erat volutpat',891,52),(2336,'odio justo','accumsan',3,'morbi sem',932,650),(2337,'magna ac','at',5,'mattis nibh ligula nec sem duis aliquam',915,557),(2338,'neque vestibulum','integer ac leo pellentesque ultrices',5,'nulla pede ullamcorper augue',207,610),(2339,'lectus','rhoncus dui vel sem',1,'eu interdum',772,434),(2340,'vestibulum ac','mauris ullamcorper purus',2,'nisl aenean lectus pellentesque eget nunc donec quis',234,917),(2341,'eu tincidunt','etiam justo etiam pretium iaculis',3,'eleifend pede libero quis',404,765),(2342,'nam dui proin','nulla ac enim in',1,'vel nulla eget eros',921,524),(2343,'nisl nunc nisl duis','enim sit amet nunc',1,'est et tempus semper',888,565),(2344,'vulputate luctus cum sociis','dis parturient montes',1,'rutrum nulla',696,949),(2345,'nibh in quis justo','vel augue vestibulum',1,'justo eu',703,764),(2346,'posuere cubilia','donec',3,'enim leo rhoncus sed vestibulum sit amet cursus',23,766),(2347,'amet justo','dui vel sem sed',4,'posuere cubilia curae duis faucibus accumsan odio',993,947),(2348,'scelerisque quam','luctus ultricies eu nibh quisque',5,'integer',548,936),(2349,'imperdiet et commodo vulputate justo','morbi sem mauris laoreet ut',2,'pulvinar sed nisl nunc',909,211),(2350,'ac nibh fusce lacus','faucibus cursus urna ut',5,'massa tempor convallis nulla',719,936),(2351,'quisque ut erat curabitur','nascetur',1,'interdum in ante vestibulum',890,846),(2352,'sociis natoque','mattis nibh ligula nec sem',1,'nullam molestie nibh in lectus pellentesque at',959,611),(2353,'in','faucibus orci luctus et',2,'amet justo morbi ut odio',185,212),(2354,'suspendisse','a libero',2,'etiam vel augue vestibulum rutrum rutrum neque aenean',785,35),(2355,'ac neque duis','rhoncus sed',1,'sit amet eros suspendisse accumsan tortor quis turpis',945,89),(2356,'quisque id justo sit amet','pellentesque',2,'et magnis dis parturient montes nascetur ridiculus',840,888),(2357,'lacinia nisi','ipsum aliquam non',2,'dolor vel est donec odio justo sollicitudin ut suscipit',240,82),(2358,'donec','lobortis vel',2,'ac enim in',550,224),(2359,'aenean','nibh fusce lacus purus',2,'nec nisi volutpat eleifend donec ut dolor',464,284),(2360,'rhoncus aliquet pulvinar sed nisl','lacinia eget tincidunt',1,'at nunc commodo',408,487),(2361,'quis turpis eget','augue vel accumsan tellus',5,'tortor sollicitudin',83,215),(2362,'in leo maecenas pulvinar lobortis','semper interdum mauris ullamcorper',3,'suspendisse potenti nullam porttitor lacus',341,580),(2363,'lacinia','etiam justo',1,'vel sem sed',473,517),(2364,'id pretium iaculis diam erat','amet nunc',4,'posuere cubilia curae',382,931),(2365,'vestibulum ante','velit eu',4,'mus vivamus vestibulum',857,584),(2366,'parturient montes nascetur ridiculus mus','praesent',4,'natoque penatibus et',839,551),(2367,'proin','sapien varius ut blandit non',4,'tincidunt eu',579,741),(2368,'lectus in quam fringilla rhoncus','habitasse platea dictumst etiam',5,'ligula sit amet eleifend pede libero',350,961),(2369,'vestibulum velit id pretium iaculis','nulla sed vel',4,'sapien iaculis congue vivamus metus arcu',798,676),(2370,'habitasse platea','blandit ultrices enim',2,'in magna bibendum',883,979),(2371,'sem','ipsum',5,'tortor duis mattis egestas metus aenean',961,340),(2372,'justo sollicitudin ut','quam fringilla rhoncus mauris',1,'ac nibh fusce lacus purus aliquet at',84,848),(2373,'orci vehicula','cum sociis natoque penatibus et',3,'urna ut tellus nulla',747,981),(2374,'volutpat erat quisque erat','nunc vestibulum ante',2,'congue etiam justo etiam pretium iaculis justo in hac',67,807),(2375,'mauris','sapien',3,'accumsan odio curabitur convallis duis',310,8),(2376,'tincidunt eu felis fusce','vestibulum sagittis sapien cum',2,'at nulla suspendisse potenti cras in',184,753),(2377,'phasellus sit amet','a ipsum integer',3,'est lacinia nisi venenatis tristique',815,627),(2378,'non sodales sed','ridiculus mus etiam vel',5,'sapien placerat ante nulla justo',258,594),(2379,'ipsum primis in faucibus orci','egestas metus aenean fermentum donec',5,'curae donec pharetra magna vestibulum',836,363),(2380,'aliquam quis turpis','nulla elit',2,'odio donec vitae nisi nam ultrices',426,63),(2381,'accumsan','venenatis turpis enim blandit',5,'sed tristique in tempus sit amet sem fusce',424,683),(2382,'id ornare','bibendum',5,'odio in',72,126),(2383,'rutrum at lorem','potenti nullam porttitor lacus',4,'massa',168,49),(2384,'nec','in faucibus orci',1,'sem mauris laoreet ut rhoncus aliquet',363,775),(2385,'faucibus orci','vel sem sed sagittis nam',4,'arcu adipiscing molestie hendrerit at vulputate vitae nisl',785,668),(2386,'amet eros suspendisse accumsan','dui vel nisl duis',2,'at dolor quis odio consequat varius',780,411),(2387,'erat','accumsan odio',1,'nunc purus phasellus in felis',189,128),(2388,'maecenas ut','diam in magna bibendum',1,'blandit lacinia erat vestibulum sed magna at',92,868),(2389,'consequat in consequat','vulputate ut',5,'tempus',22,264),(2390,'habitasse platea dictumst morbi','eget tincidunt eget tempus',5,'sapien non mi integer ac neque duis',517,182),(2391,'viverra eget congue eget','orci',3,'nisi eu orci mauris lacinia sapien',954,623),(2392,'proin risus praesent lectus vestibulum','vulputate',2,'cubilia curae nulla dapibus dolor',876,728),(2393,'ligula sit amet','morbi',2,'faucibus orci luctus et ultrices posuere cubilia curae mauris',591,815),(2394,'nulla nunc purus phasellus','tincidunt nulla mollis molestie lorem',4,'feugiat non pretium quis lectus suspendisse potenti in eleifend',424,350),(2395,'accumsan odio curabitur convallis duis','nec sem duis aliquam convallis',4,'nonummy',169,179),(2396,'eleifend pede libero quis','vitae ipsum aliquam non',4,'sit amet lobortis sapien sapien non mi integer ac',515,455),(2397,'eu massa donec dapibus','montes nascetur ridiculus mus vivamus',5,'sociis natoque penatibus et',405,807),(2398,'vel pede morbi','rhoncus dui vel',5,'odio donec vitae nisi nam',327,23),(2399,'dapibus nulla suscipit','volutpat',3,'arcu libero rutrum ac',388,625),(2400,'sem praesent id massa','lobortis ligula',1,'ut',594,202),(2401,'in consequat ut nulla sed','augue',4,'amet sem fusce consequat nulla nisl nunc',892,86),(2402,'auctor gravida','ultrices phasellus id',4,'mi nulla ac enim',332,722),(2403,'in sapien iaculis congue','proin risus praesent',5,'imperdiet sapien urna pretium nisl ut volutpat sapien',644,319),(2404,'scelerisque quam turpis adipiscing lorem','aenean sit amet',4,'eleifend quam a odio in hac habitasse',898,621),(2405,'neque','at dolor',3,'vivamus metus arcu adipiscing molestie hendrerit',708,490),(2406,'et eros vestibulum','convallis',2,'sit amet lobortis sapien sapien non mi integer',692,131),(2407,'nulla suscipit ligula in lacus','risus',5,'dignissim vestibulum vestibulum ante ipsum primis',146,894),(2408,'sapien dignissim','accumsan',3,'eget rutrum at lorem integer tincidunt ante vel',147,451),(2409,'praesent blandit','diam vitae quam suspendisse',4,'eu nibh quisque id justo sit amet sapien dignissim',351,130),(2410,'pede justo eu massa donec','dui vel nisl duis ac',3,'volutpat quam pede lobortis ligula sit amet',771,434),(2411,'id luctus','eu',2,'orci vehicula condimentum',134,962),(2412,'nulla','suspendisse potenti in',4,'ipsum dolor sit amet consectetuer adipiscing elit',907,815),(2413,'nunc proin at','aliquet maecenas leo',1,'cubilia curae donec pharetra magna vestibulum aliquet ultrices',963,207),(2414,'ac nulla sed','blandit mi in',3,'tempus vivamus in felis eu',500,771),(2415,'justo','lacinia sapien quis',1,'odio in hac habitasse platea dictumst maecenas ut',803,535),(2416,'vehicula','quisque id',4,'neque vestibulum',143,392),(2417,'primis in','amet eleifend pede libero',4,'interdum venenatis turpis enim blandit mi in',405,203),(2418,'augue','convallis',3,'lorem id',701,37),(2419,'sociis natoque','fermentum donec',5,'odio odio',581,711),(2420,'amet sem','consequat',1,'egestas metus aenean fermentum donec ut mauris',468,988),(2421,'quam sapien varius ut blandit','purus eu magna vulputate',5,'lacinia sapien quis libero nullam sit amet turpis elementum',860,233),(2422,'erat volutpat in congue etiam','in quis',1,'eget eros elementum pellentesque quisque porta volutpat erat quisque',538,19),(2423,'accumsan tellus','ut',2,'vivamus in felis eu sapien',647,810),(2424,'bibendum felis sed interdum venenatis','felis',4,'lorem id ligula suspendisse ornare consequat lectus in',842,618),(2425,'nunc vestibulum ante ipsum','mus',5,'sapien cum sociis natoque penatibus et magnis',33,736),(2426,'morbi vel lectus','pellentesque',4,'dui maecenas',574,740),(2427,'convallis nunc proin at turpis','urna ut',1,'a',97,924),(2428,'blandit','primis in faucibus orci luctus',2,'rutrum nulla tellus in sagittis dui vel nisl duis',604,913),(2429,'quisque erat eros viverra eget','in',4,'hac habitasse platea dictumst',396,996),(2430,'aliquet pulvinar','sapien urna pretium nisl ut',2,'lacinia eget tincidunt eget tempus vel pede morbi',806,535),(2431,'et magnis dis parturient montes','primis',1,'duis',998,320),(2432,'convallis','at velit',5,'fusce posuere felis sed lacus morbi',197,321),(2433,'a','aliquam lacus morbi quis tortor',5,'luctus',458,936),(2434,'phasellus id sapien in','habitasse',4,'ut odio cras mi',291,123),(2435,'vel est donec','sit amet',5,'sit amet nunc viverra dapibus',863,554),(2436,'imperdiet sapien urna pretium','tincidunt eu',1,'quam turpis',92,472),(2437,'morbi a ipsum integer','iaculis',5,'nibh ligula',404,341),(2438,'ipsum dolor sit amet','odio donec vitae',3,'dictumst morbi',910,7),(2439,'sollicitudin vitae','phasellus sit amet erat',3,'aenean lectus pellentesque eget nunc',815,595),(2440,'at velit eu','ipsum praesent blandit lacinia erat',4,'eleifend quam',375,876),(2441,'donec pharetra magna vestibulum','aliquet at feugiat non',4,'lacus morbi',114,341),(2442,'diam','justo morbi ut',4,'amet eros suspendisse accumsan tortor',182,353),(2443,'orci mauris','in',5,'congue risus semper porta',105,910),(2444,'tincidunt','nunc vestibulum ante ipsum primis',5,'rutrum rutrum neque aenean auctor gravida sem praesent id',513,705),(2445,'curabitur at ipsum ac tellus','etiam pretium iaculis justo in',1,'nibh quisque',886,842),(2446,'imperdiet et','elementum nullam varius',3,'et magnis dis',123,75),(2447,'morbi a','sed vel enim',2,'dolor quis odio consequat varius integer ac leo',385,302),(2448,'fermentum donec ut mauris eget','turpis enim blandit',2,'arcu sed augue aliquam',524,343),(2449,'ante ipsum primis','diam erat fermentum',3,'nunc purus phasellus',74,962),(2450,'in imperdiet','molestie hendrerit at vulputate',4,'dictumst morbi vestibulum velit id',323,405),(2451,'luctus nec molestie sed','integer tincidunt ante',4,'ligula nec sem duis aliquam convallis nunc proin at',310,855),(2452,'primis in faucibus orci','magna',5,'tincidunt nulla mollis molestie',696,615),(2453,'posuere nonummy integer non velit','rhoncus aliquam',4,'ligula pellentesque ultrices phasellus id sapien in',613,780),(2454,'est donec odio justo','commodo placerat praesent blandit nam',2,'nullam porttitor',437,687),(2455,'curabitur in libero ut massa','nisl ut',1,'amet',30,203),(2456,'aliquam augue quam','luctus ultricies eu nibh quisque',3,'dolor quis',118,610),(2457,'elementum nullam varius nulla','sociis natoque penatibus et magnis',2,'ut dolor morbi vel',805,925),(2458,'ut mauris eget massa tempor','convallis duis consequat dui',2,'in hac habitasse',540,155),(2459,'adipiscing elit','nam nulla integer',1,'metus vitae ipsum aliquam non mauris morbi non lectus',759,632),(2460,'in eleifend','id luctus nec molestie sed',2,'quis tortor',852,17),(2461,'nam','morbi odio odio elementum',2,'sed sagittis nam congue risus semper',360,654),(2462,'nulla facilisi cras','pede ac',2,'nibh in lectus pellentesque at nulla',988,479),(2463,'quis','ut',2,'eros',568,308),(2464,'varius ut blandit','molestie',3,'pellentesque quisque porta volutpat',299,58),(2465,'vel','aliquam non',4,'eros suspendisse',580,955),(2466,'odio porttitor id','eget',4,'quisque porta volutpat erat quisque erat eros viverra',20,982),(2467,'tempus sit amet sem','justo nec condimentum neque',5,'semper sapien a libero nam dui proin leo',272,939),(2468,'ante vivamus tortor duis mattis','nulla eget eros elementum',4,'tortor duis mattis',426,346),(2469,'nulla tempus vivamus in','quisque erat',5,'nulla mollis',291,637),(2470,'vestibulum aliquet','vestibulum rutrum rutrum neque aenean',5,'molestie lorem quisque ut erat curabitur',410,162),(2471,'gravida nisi at nibh in','platea dictumst etiam',5,'convallis morbi odio odio elementum eu interdum',478,38),(2472,'eget','rutrum',4,'duis ac nibh fusce lacus purus aliquet at feugiat',579,75),(2473,'nullam porttitor lacus at turpis','aliquam',2,'nulla eget eros elementum pellentesque',331,136),(2474,'pellentesque','dictumst',5,'pede malesuada in imperdiet',404,665),(2475,'lacus purus aliquet at feugiat','pede ac diam cras',2,'pede',526,205),(2476,'duis','tempus sit',4,'dui nec nisi volutpat eleifend donec ut dolor',382,73),(2477,'integer non','rutrum rutrum neque',4,'egestas',678,743),(2478,'pede morbi porttitor','nullam',3,'vulputate justo in blandit ultrices enim lorem',823,647),(2479,'pellentesque at nulla suspendisse potenti','id ligula suspendisse',5,'enim sit amet nunc viverra dapibus nulla',13,637),(2480,'cursus vestibulum proin eu','duis bibendum',5,'leo maecenas pulvinar lobortis',838,772),(2481,'eget','ante ipsum primis',5,'libero nam dui proin leo odio porttitor id',285,586),(2482,'eu mi nulla ac','nulla elit ac nulla sed',5,'nunc viverra dapibus',265,766),(2483,'non','est lacinia nisi venenatis tristique',3,'a libero nam dui proin leo odio porttitor',192,93),(2484,'eget rutrum at lorem','et ultrices',4,'odio odio elementum eu',19,573),(2485,'metus arcu','pellentesque',3,'magna vulputate',927,786),(2486,'quam sollicitudin vitae consectetuer','aenean auctor',2,'eleifend donec ut dolor',283,725),(2487,'eu nibh','mauris vulputate',5,'sit amet',67,155),(2488,'vestibulum ante ipsum primis','id lobortis',5,'lectus vestibulum quam sapien varius',780,798),(2489,'blandit lacinia erat','sit',1,'adipiscing elit',851,754),(2490,'sem duis aliquam convallis','vel',2,'consequat nulla nisl nunc nisl duis bibendum felis sed',189,204),(2491,'sit amet nunc viverra','morbi quis',2,'faucibus',652,937),(2492,'commodo placerat praesent blandit','vivamus vestibulum sagittis',5,'id',64,763),(2493,'vulputate nonummy maecenas tincidunt','sapien placerat',2,'enim',497,71),(2494,'et','libero nam dui',4,'tortor risus dapibus augue vel accumsan tellus',678,539),(2495,'sed magna','vivamus vel nulla eget eros',5,'duis at velit',81,826),(2496,'etiam pretium iaculis justo in','nisl',2,'ut massa volutpat convallis morbi odio odio elementum eu',731,316),(2497,'suspendisse accumsan','volutpat',2,'non lectus aliquam sit amet diam in magna bibendum',520,172),(2498,'tempus vivamus','odio cras mi pede',1,'eget congue eget semper',729,92),(2499,'sit amet','morbi sem',1,'neque libero convallis eget eleifend',867,673),(2500,'scelerisque quam turpis adipiscing lorem','sapien dignissim vestibulum vestibulum',4,'faucibus orci luctus et ultrices posuere',622,914),(2501,'ultrices phasellus id','ipsum dolor sit amet consectetuer',5,'eget elit sodales scelerisque mauris sit',477,730),(2502,'in tempor','suscipit a feugiat et',4,'et eros vestibulum',62,17),(2503,'sapien dignissim vestibulum vestibulum ante','sem sed sagittis nam congue',2,'sapien arcu sed',47,887),(2504,'eget eleifend luctus','imperdiet sapien urna',1,'dignissim vestibulum vestibulum ante ipsum primis in faucibus orci',310,827),(2505,'interdum mauris non ligula pellentesque','dictumst',5,'libero nullam sit',293,514),(2506,'tristique fusce congue diam id','massa donec dapibus duis at',4,'ultrices mattis odio donec vitae nisi nam ultrices',743,123),(2507,'quam','elementum eu interdum',2,'lectus vestibulum quam sapien varius',59,937),(2508,'in faucibus orci luctus','semper sapien a libero nam',1,'consequat morbi a',93,485),(2509,'nulla eget eros elementum','adipiscing elit proin interdum mauris',4,'consequat in consequat ut',965,342),(2510,'in felis eu sapien','nisi',5,'ligula pellentesque ultrices phasellus id sapien in sapien',256,827),(2511,'ultrices enim lorem','sapien',1,'maecenas leo',639,675),(2512,'lobortis est phasellus sit','feugiat non',5,'tortor id nulla ultrices aliquet maecenas leo',741,360),(2513,'ante ipsum primis in faucibus','donec diam neque vestibulum eget',5,'auctor sed tristique in tempus',266,765),(2514,'nisl ut volutpat','sed magna at',2,'ultrices erat tortor sollicitudin mi sit amet',568,407),(2515,'eros vestibulum ac','at nulla suspendisse potenti',4,'ac nulla sed',205,662),(2516,'maecenas leo odio condimentum','eu',2,'nunc viverra dapibus nulla suscipit ligula',294,917),(2517,'at vulputate','integer aliquet massa',2,'sapien iaculis',733,901),(2518,'platea dictumst aliquam augue quam','nisi',5,'pellentesque volutpat dui maecenas',881,754),(2519,'bibendum morbi non','tempor turpis nec euismod scelerisque',4,'est quam pharetra',250,660),(2520,'interdum in ante','ut nulla sed accumsan felis',2,'in est risus auctor sed tristique in',304,396),(2521,'erat fermentum','lorem ipsum dolor sit',4,'et magnis dis parturient montes nascetur',872,535),(2522,'pede','felis donec semper sapien a',3,'rutrum',189,85),(2523,'ut nunc vestibulum ante','fusce',2,'praesent lectus vestibulum quam sapien varius ut blandit',207,793),(2524,'suspendisse potenti','nulla sed accumsan felis',5,'purus phasellus in felis donec semper sapien a libero',227,459),(2525,'neque duis','ut',3,'in libero ut massa volutpat',745,284),(2526,'purus sit','nec condimentum neque sapien',3,'justo sit amet sapien dignissim vestibulum vestibulum ante ipsum',145,377),(2527,'ipsum aliquam','ante nulla justo aliquam quis',2,'tellus in sagittis dui vel',473,615),(2528,'eget','justo pellentesque viverra',4,'urna pretium',489,966),(2529,'donec quis orci eget orci','ac diam cras',3,'id nisl venenatis lacinia aenean sit amet justo morbi',962,141),(2530,'nulla neque libero convallis eget','id nisl venenatis lacinia',5,'pellentesque quisque porta volutpat erat quisque',705,293),(2531,'tincidunt ante vel ipsum','morbi sem mauris laoreet ut',2,'turpis elementum',737,759),(2532,'vestibulum','mus vivamus vestibulum sagittis sapien',1,'aliquet pulvinar sed',998,461),(2533,'risus auctor sed tristique','nisi nam ultrices',2,'rutrum nulla tellus in sagittis',752,303),(2534,'sit','enim in',5,'felis sed',999,539),(2535,'commodo placerat praesent','at nibh in',1,'arcu adipiscing molestie hendrerit',683,320),(2536,'ipsum','amet',1,'semper interdum mauris ullamcorper purus sit amet nulla quisque',442,386),(2537,'suspendisse potenti in eleifend quam','iaculis justo in hac habitasse',1,'fringilla rhoncus mauris enim leo rhoncus sed vestibulum sit',980,915),(2538,'eleifend donec ut','vitae mattis nibh',2,'diam vitae quam suspendisse potenti nullam',741,535),(2539,'nec','consectetuer',3,'vel ipsum praesent blandit lacinia',580,990),(2540,'nunc vestibulum ante ipsum primis','interdum venenatis turpis',1,'mi nulla',42,738),(2541,'lectus suspendisse','ac diam',1,'nulla integer pede justo lacinia',443,98),(2542,'est et tempus semper','donec ut mauris eget',5,'orci luctus et ultrices posuere cubilia',368,415),(2543,'cubilia curae','ut',2,'proin interdum mauris non ligula pellentesque ultrices phasellus id',760,434),(2544,'tellus','lorem integer tincidunt ante',4,'est lacinia nisi venenatis tristique fusce congue diam',79,224),(2545,'sem sed sagittis nam','tristique tortor eu',1,'cubilia curae mauris viverra diam vitae quam suspendisse',893,928),(2546,'aliquet','erat tortor',1,'convallis nulla neque libero convallis eget eleifend luctus ultricies',893,331),(2547,'sit amet diam in','quis augue luctus tincidunt',4,'laoreet ut rhoncus aliquet pulvinar sed',445,158),(2548,'ipsum primis in faucibus orci','eget elit sodales scelerisque',4,'erat quisque erat eros viverra eget congue eget',860,731),(2549,'at velit','et',2,'aenean auctor',850,322),(2550,'aliquam non mauris','molestie sed justo',2,'aenean sit amet justo morbi ut odio',991,264),(2551,'aliquet at','integer ac',1,'quis orci',212,160),(2552,'erat nulla tempus vivamus in','luctus rutrum nulla tellus',3,'sociis natoque penatibus et magnis dis parturient montes nascetur',629,934),(2553,'vulputate justo','felis',4,'pellentesque ultrices mattis odio donec vitae nisi',839,549),(2554,'nulla sed accumsan','lorem id',5,'sed',822,584),(2555,'quisque ut erat curabitur gravida','pellentesque',1,'ullamcorper augue a suscipit nulla elit ac',861,233),(2556,'platea','rhoncus',4,'adipiscing',208,556),(2557,'ante','augue vestibulum ante',2,'mus vivamus vestibulum sagittis sapien cum sociis natoque',494,140),(2558,'pharetra magna vestibulum aliquet ultrices','vestibulum ac est lacinia',2,'sapien cum sociis natoque penatibus et',798,127),(2559,'sagittis dui','maecenas tincidunt lacus',3,'ultrices mattis odio donec vitae nisi nam',441,581),(2560,'tristique est','vitae',1,'cum',407,213),(2561,'vulputate','eu est congue',2,'adipiscing elit proin',61,587),(2562,'augue','turpis nec',2,'dictumst morbi vestibulum velit id pretium iaculis diam',651,583),(2563,'mattis pulvinar nulla','convallis',4,'curae donec',574,729),(2564,'faucibus accumsan odio','faucibus',4,'magna vestibulum aliquet',832,954),(2565,'tristique in','neque duis',2,'fusce lacus',240,982),(2566,'eleifend','sollicitudin ut suscipit a',2,'etiam vel augue vestibulum rutrum',162,530),(2567,'dictumst maecenas ut massa','lacus',2,'augue luctus tincidunt nulla',884,667),(2568,'pulvinar','porttitor lacus at turpis donec',2,'venenatis tristique',80,825),(2569,'ut ultrices vel augue','ut massa quis augue',4,'felis eu sapien cursus vestibulum proin',701,771),(2570,'volutpat eleifend donec','vulputate justo in blandit ultrices',2,'tristique fusce congue diam id ornare imperdiet',860,422),(2571,'nunc viverra dapibus','sem duis aliquam convallis',4,'mi sit amet lobortis sapien sapien',440,99),(2572,'neque','sapien',3,'potenti in eleifend quam a odio',121,687),(2573,'sed','curabitur convallis',5,'posuere nonummy integer non velit donec',32,216),(2574,'in eleifend quam a','luctus ultricies',4,'sit amet turpis elementum',705,736),(2575,'mauris enim leo rhoncus','ipsum praesent blandit',4,'pretium iaculis diam erat fermentum justo',330,935),(2576,'lobortis','at vulputate',5,'erat fermentum justo nec condimentum neque sapien',190,137),(2577,'augue quam sollicitudin','sapien',1,'pulvinar nulla pede',802,138),(2578,'sapien sapien non mi','pellentesque quisque porta',2,'vel pede morbi porttitor lorem id',877,175),(2579,'ac diam cras pellentesque','justo',5,'ridiculus',287,917),(2580,'suspendisse potenti','amet turpis elementum ligula',3,'non pretium',607,810),(2581,'aliquam convallis nunc proin at','est congue elementum',2,'risus praesent lectus vestibulum quam',808,884),(2582,'consequat ut nulla sed accumsan','tristique in',1,'lectus in est risus auctor sed tristique in',758,983),(2583,'montes','ultrices mattis odio donec vitae',2,'dis parturient montes nascetur ridiculus mus etiam vel',815,465),(2584,'amet consectetuer adipiscing','purus aliquet at feugiat',3,'auctor sed tristique in tempus sit amet sem fusce',989,299),(2585,'sit amet lobortis sapien sapien','tincidunt eu felis fusce posuere',4,'in tempus sit amet sem fusce consequat nulla',484,195),(2586,'suscipit','libero rutrum ac',3,'ridiculus mus etiam vel augue vestibulum rutrum rutrum neque',661,73),(2587,'tortor sollicitudin mi','ac leo',4,'montes nascetur ridiculus mus vivamus vestibulum sagittis',477,778),(2588,'pellentesque at nulla suspendisse','amet',1,'diam',938,886),(2589,'ac','morbi porttitor lorem',5,'placerat praesent blandit',15,844),(2590,'potenti','vitae consectetuer',1,'mauris sit amet',849,309),(2591,'ridiculus','vitae ipsum aliquam non',2,'tellus nulla ut erat id mauris vulputate elementum nullam',226,632),(2592,'consequat in consequat ut','vestibulum',1,'penatibus et magnis dis parturient',997,416),(2593,'duis','mauris laoreet ut rhoncus',3,'consectetuer eget rutrum at lorem integer',814,462),(2594,'luctus et ultrices posuere','proin leo',5,'eget massa tempor',924,391),(2595,'sit amet erat nulla tempus','dapibus duis at velit',4,'sit amet',420,233),(2596,'neque libero','luctus et ultrices',3,'aenean lectus',897,972),(2597,'quisque','blandit lacinia erat vestibulum',5,'at feugiat non pretium quis lectus suspendisse',43,414),(2598,'ante','quisque',3,'quis lectus suspendisse potenti in eleifend quam',377,568),(2599,'donec dapibus','hac habitasse platea dictumst',5,'massa tempor convallis nulla',580,733),(2600,'varius','sagittis nam congue risus',3,'a feugiat et eros vestibulum ac est',158,898),(2601,'suspendisse potenti nullam porttitor','eu massa',3,'diam neque vestibulum eget vulputate ut ultrices',229,119),(2602,'felis','faucibus',5,'aliquet ultrices',100,154),(2603,'vestibulum ante ipsum primis in','accumsan felis ut at',5,'nunc proin',806,915),(2604,'cras mi pede malesuada in','amet cursus id turpis',5,'pede lobortis ligula sit amet eleifend pede',524,149),(2605,'proin at turpis','id lobortis',5,'erat volutpat',643,193),(2606,'volutpat in','in faucibus orci',2,'lectus',28,845),(2607,'justo sollicitudin','in sapien iaculis',4,'integer ac leo pellentesque ultrices mattis',329,647),(2608,'posuere cubilia curae nulla dapibus','nec molestie sed justo',2,'condimentum id luctus nec molestie sed justo',365,717),(2609,'nec nisi vulputate','id mauris vulputate elementum',4,'at nulla suspendisse potenti cras in',286,304),(2610,'at nunc','mauris lacinia',4,'convallis morbi odio odio elementum eu interdum',715,337),(2611,'tortor quis turpis sed ante','libero rutrum ac',3,'duis bibendum morbi non quam nec dui',198,586),(2612,'vitae quam suspendisse potenti nullam','diam erat',5,'consequat in consequat ut nulla',853,400),(2613,'et magnis dis','pulvinar',5,'mollis molestie lorem',870,252),(2614,'mauris viverra','diam nam',3,'magna ac consequat',168,127),(2615,'in faucibus orci luctus et','tortor id nulla',5,'habitasse platea dictumst maecenas ut massa quis augue luctus',139,577),(2616,'tellus','ipsum primis in',5,'ridiculus mus vivamus vestibulum sagittis sapien',412,319),(2617,'eros suspendisse accumsan tortor quis','tortor sollicitudin',3,'est lacinia nisi venenatis tristique',701,964),(2618,'massa tempor convallis nulla','amet nulla quisque arcu',1,'habitasse platea dictumst morbi vestibulum velit id pretium',656,337),(2619,'adipiscing lorem vitae mattis nibh','ligula pellentesque',4,'purus',681,852),(2620,'varius ut blandit non','velit',1,'rhoncus',852,70),(2621,'aenean','sit amet lobortis sapien',1,'aliquet massa id lobortis convallis tortor risus',74,755),(2622,'feugiat non pretium quis','pellentesque at',2,'condimentum curabitur in libero ut massa',409,26),(2623,'nisl duis ac nibh fusce','quam turpis adipiscing',5,'eros elementum pellentesque quisque porta volutpat',535,979),(2624,'odio','magna bibendum',3,'ut tellus nulla',648,151),(2625,'nunc rhoncus dui','vel augue vestibulum rutrum rutrum',1,'ante vestibulum',600,413),(2626,'vivamus vel nulla eget','sit amet cursus',2,'rhoncus dui vel sem sed sagittis nam',444,196),(2627,'faucibus orci','interdum in ante',5,'id sapien in sapien iaculis congue vivamus',858,813),(2628,'ut','sem fusce consequat nulla',3,'accumsan odio curabitur convallis duis consequat dui nec nisi',478,173),(2629,'lobortis vel dapibus at','nec nisi volutpat eleifend donec',1,'hac habitasse platea dictumst etiam faucibus',691,202),(2630,'nunc','etiam justo etiam',4,'malesuada in imperdiet et commodo vulputate',658,86),(2631,'pulvinar sed nisl nunc','donec ut',5,'pede justo lacinia eget',37,423),(2632,'diam nam tristique tortor','elit proin',2,'aliquet massa id',326,570),(2633,'nulla ultrices','volutpat',4,'semper interdum mauris ullamcorper purus sit amet nulla quisque',662,700),(2634,'risus dapibus','quam nec dui',2,'tortor duis mattis',539,151),(2635,'morbi non quam nec dui','nisl duis ac nibh fusce',3,'ultrices enim lorem',108,176),(2636,'amet justo morbi ut odio','integer non velit donec diam',4,'vestibulum vestibulum ante ipsum primis in faucibus orci luctus',712,802),(2637,'justo morbi ut odio cras','commodo placerat praesent',4,'lectus in quam fringilla rhoncus',345,972),(2638,'dapibus at','sit amet',5,'feugiat et eros vestibulum ac',732,745),(2639,'massa tempor convallis nulla neque','dolor',2,'rutrum rutrum neque aenean',452,718),(2640,'eleifend quam a odio','pellentesque',4,'eu',801,552),(2641,'metus vitae','justo sit amet sapien',1,'nulla pede',113,558),(2642,'vestibulum aliquet ultrices','turpis a pede',4,'pede libero quis',299,284),(2643,'vehicula consequat','purus',1,'nisl duis bibendum felis sed',812,385),(2644,'condimentum neque','pretium quis lectus suspendisse',3,'nunc commodo placerat',438,902),(2645,'tortor eu','congue',3,'turpis donec',634,115),(2646,'quam fringilla','in congue',4,'lacinia aenean sit amet justo morbi',507,438),(2647,'luctus','nunc nisl',4,'hac habitasse platea dictumst etiam faucibus',972,816),(2648,'nunc purus phasellus','luctus nec molestie sed justo',1,'cras in purus eu',140,263),(2649,'aliquam erat volutpat in','consequat in',4,'penatibus',910,845),(2650,'eleifend','consectetuer eget rutrum',2,'id justo sit amet sapien',945,952),(2651,'ut mauris eget','nisi',5,'vehicula consequat morbi a ipsum integer a nibh',134,973),(2652,'quis turpis eget elit sodales','consequat lectus in',3,'suspendisse potenti nullam porttitor lacus at turpis',13,46),(2653,'nibh quisque','purus phasellus',2,'volutpat dui maecenas tristique est et tempus semper est',745,236),(2654,'eget vulputate ut ultrices vel','ut erat curabitur gravida nisi',1,'vestibulum proin eu mi nulla ac enim',790,233),(2655,'lacinia eget tincidunt eget tempus','integer non velit donec',5,'a pede posuere nonummy integer non velit',18,747),(2656,'dolor sit amet consectetuer','in faucibus orci',3,'magnis dis parturient',307,997),(2657,'orci nullam molestie','duis ac nibh fusce',1,'est risus auctor sed tristique',48,931),(2658,'vitae nisi nam ultrices','primis in',5,'convallis eget eleifend luctus ultricies eu nibh quisque id',437,258),(2659,'turpis','eleifend luctus ultricies eu nibh',2,'id',574,3),(2660,'a','ante ipsum primis in',4,'velit donec diam neque vestibulum eget vulputate',378,896),(2661,'elit sodales','primis in faucibus',3,'at lorem integer',185,485),(2662,'natoque','turpis enim blandit mi in',2,'sociis natoque penatibus',233,227),(2663,'in tempus sit amet sem','convallis nulla neque libero',2,'mattis odio donec vitae nisi nam ultrices libero non',79,542),(2664,'tellus nisi','lobortis sapien sapien',1,'quis tortor id nulla ultrices aliquet maecenas leo',169,588),(2665,'diam','aliquet at',1,'odio curabitur convallis duis',544,120),(2666,'at','iaculis justo',1,'erat nulla',494,298),(2667,'vel nisl duis','eu orci',3,'fusce congue diam id',215,161),(2668,'fusce consequat','pede ullamcorper augue a',3,'rutrum neque aenean auctor gravida sem praesent id',811,568),(2669,'neque duis bibendum morbi non','pellentesque eget nunc',1,'nunc purus phasellus in felis donec semper sapien a',931,729),(2670,'id turpis integer aliquet','nisl',4,'lectus vestibulum quam sapien varius ut blandit',893,439),(2671,'congue eget semper rutrum','varius',2,'gravida nisi',321,451),(2672,'penatibus et magnis dis parturient','nam congue',2,'lacinia erat vestibulum',30,192),(2673,'nisl nunc nisl','magnis dis',1,'mattis egestas metus aenean',261,146),(2674,'a ipsum integer a nibh','tincidunt eget tempus',1,'ipsum praesent blandit lacinia erat',422,455),(2675,'non quam nec dui luctus','neque vestibulum eget vulputate ut',2,'lobortis est phasellus sit amet erat',693,646),(2676,'ac','nulla quisque arcu',5,'porta volutpat erat quisque erat eros viverra eget congue',856,794),(2677,'in','duis faucibus accumsan odio curabitur',4,'mauris non ligula pellentesque ultrices phasellus id sapien in',637,659),(2678,'hac','velit donec',1,'pede',889,243),(2679,'ac','etiam pretium iaculis',1,'vehicula condimentum curabitur in',90,78),(2680,'sed','et ultrices posuere',2,'odio in',415,734),(2681,'in quis','id',1,'curabitur convallis duis consequat dui nec',741,954),(2682,'lectus aliquam sit','convallis morbi odio odio',5,'mauris ullamcorper purus sit',865,354),(2683,'curabitur','justo',2,'ultrices posuere cubilia curae duis',824,318),(2684,'in lacus curabitur at','sodales sed tincidunt eu',3,'sagittis nam congue risus semper porta',98,986),(2685,'nibh in','quisque erat eros',3,'congue diam id ornare imperdiet sapien urna pretium nisl',57,436),(2686,'parturient montes nascetur','dui luctus',2,'etiam faucibus cursus urna ut tellus nulla ut erat',832,251),(2687,'rhoncus aliquam lacus','eget elit sodales',2,'ultrices posuere cubilia curae donec pharetra magna vestibulum aliquet',952,108),(2688,'hac habitasse','suscipit a feugiat et eros',1,'maecenas pulvinar lobortis est phasellus',750,867),(2689,'integer aliquet','vitae quam',5,'vestibulum proin eu mi nulla ac enim in',580,337),(2690,'dictumst morbi vestibulum velit id','ut massa',1,'amet eleifend pede libero',622,6),(2691,'elementum eu','pellentesque',5,'arcu sed augue aliquam erat volutpat in congue',972,145),(2692,'cum sociis natoque penatibus','nulla justo aliquam',5,'quis orci eget orci vehicula condimentum curabitur',232,12),(2693,'eleifend','libero convallis eget eleifend luctus',4,'in',278,842),(2694,'faucibus orci luctus','nulla elit ac nulla',2,'id nulla',212,753),(2695,'lobortis','nulla neque libero',1,'luctus et ultrices posuere cubilia curae donec pharetra magna',932,621),(2696,'in sagittis','magna',3,'odio justo sollicitudin ut suscipit a feugiat et eros',692,797),(2697,'interdum','lacinia aenean sit amet justo',3,'pede libero quis orci nullam',549,162),(2698,'ultricies eu nibh','consequat varius integer ac',4,'quam sollicitudin vitae consectetuer',632,3),(2699,'porta volutpat','posuere metus vitae',2,'integer non velit donec diam',959,816),(2700,'hac','ac tellus semper interdum mauris',1,'ante nulla justo aliquam quis',931,709),(2701,'dapibus at diam nam tristique','blandit lacinia erat',3,'etiam pretium iaculis justo',37,707),(2702,'a','imperdiet sapien urna pretium nisl',3,'sit amet justo morbi ut odio',173,129),(2703,'lacinia erat vestibulum','eu',2,'sed augue aliquam erat volutpat in congue etiam',937,34),(2704,'venenatis turpis enim','vehicula condimentum',4,'duis bibendum felis sed interdum venenatis turpis enim',787,512),(2705,'vestibulum proin eu mi nulla','in eleifend quam a odio',1,'dapibus augue vel accumsan tellus nisi eu orci mauris',472,535),(2706,'in quam fringilla rhoncus','in consequat ut nulla sed',3,'faucibus orci luctus et ultrices',554,906),(2707,'in','interdum venenatis turpis',1,'a nibh in quis justo maecenas rhoncus',810,710),(2708,'ultrices vel augue vestibulum ante','a',1,'quam suspendisse potenti nullam porttitor lacus at turpis donec',309,840),(2709,'vivamus vestibulum sagittis sapien','dapibus dolor vel est',2,'sit amet sem fusce',493,828),(2710,'eu est congue elementum','ornare imperdiet sapien urna pretium',4,'scelerisque quam turpis adipiscing lorem vitae mattis nibh',969,237),(2711,'in','donec diam neque vestibulum eget',2,'in',745,3),(2712,'donec','in hac habitasse',5,'quam pharetra magna',560,186),(2713,'posuere cubilia curae mauris viverra','in tempus sit',1,'curabitur gravida nisi',495,269),(2714,'vitae consectetuer eget rutrum at','massa',4,'et magnis dis parturient montes nascetur',993,989),(2715,'amet','vestibulum sit amet cursus',3,'justo pellentesque viverra pede ac diam',784,580),(2716,'convallis nunc proin at','proin leo odio',2,'id',112,722),(2717,'velit vivamus vel','eros suspendisse accumsan',4,'turpis sed ante vivamus tortor duis',231,229),(2718,'orci luctus','posuere metus vitae ipsum aliquam',3,'lectus pellentesque at',501,181),(2719,'pede ullamcorper augue a','vehicula consequat morbi a',4,'cubilia curae donec pharetra',446,996),(2720,'at dolor quis','neque libero convallis',4,'neque libero convallis eget eleifend luctus ultricies eu',31,848),(2721,'penatibus et magnis','in lacus',2,'varius integer ac leo pellentesque ultrices',416,18),(2722,'nunc viverra dapibus nulla suscipit','curabitur',1,'volutpat quam pede lobortis ligula sit amet',690,669),(2723,'vitae mattis nibh ligula nec','consequat varius integer ac leo',2,'in quam fringilla rhoncus mauris enim leo rhoncus',737,277),(2724,'nunc viverra dapibus','tristique in tempus sit',4,'a nibh in quis justo maecenas rhoncus aliquam lacus',316,718),(2725,'justo maecenas','feugiat et',4,'curabitur gravida nisi at nibh in hac',25,545),(2726,'in consequat ut','ante vel',5,'amet lobortis sapien sapien non mi integer ac neque',670,876),(2727,'bibendum imperdiet','nulla',2,'nec nisi volutpat',461,884),(2728,'porttitor pede justo','sed accumsan felis ut',2,'enim leo rhoncus sed',139,116),(2729,'nunc purus phasellus','aliquam sit amet diam',1,'ac est lacinia nisi',708,281),(2730,'vel','augue vestibulum',2,'aenean lectus pellentesque eget nunc donec quis orci',318,695),(2731,'hac habitasse','viverra pede ac diam',1,'semper rutrum nulla nunc purus phasellus in',638,386),(2732,'vel nulla','eget elit sodales scelerisque',1,'bibendum imperdiet',987,291),(2733,'rhoncus sed vestibulum sit amet','dolor quis odio consequat varius',4,'mi nulla ac enim in',800,937),(2734,'vestibulum velit id pretium','luctus',2,'justo etiam pretium iaculis justo in',438,739),(2735,'donec','etiam',1,'pellentesque at nulla suspendisse potenti cras in purus eu',823,762),(2736,'id consequat in consequat','arcu adipiscing',1,'lacinia aenean sit amet justo morbi ut odio',68,518),(2737,'vestibulum eget vulputate','ante',2,'a odio in hac habitasse platea dictumst maecenas',109,587),(2738,'duis','ut erat',1,'volutpat eleifend donec ut dolor',817,845),(2739,'velit donec diam neque','ac neque',3,'elit proin risus praesent lectus vestibulum',871,148),(2740,'fringilla rhoncus mauris enim leo','aliquet at feugiat',3,'ante ipsum primis',883,168),(2741,'nulla ut erat','habitasse platea',2,'purus sit amet nulla',184,656),(2742,'molestie nibh in','iaculis diam erat fermentum justo',1,'justo in hac habitasse platea',517,777),(2743,'nulla facilisi','amet',2,'erat vestibulum sed magna at nunc commodo',384,534),(2744,'quis','pede venenatis non',4,'tempus sit',593,647),(2745,'mauris','in sapien iaculis congue vivamus',2,'volutpat eleifend donec ut dolor morbi vel',619,382),(2746,'tortor sollicitudin mi','facilisi cras non',4,'velit id pretium iaculis diam erat',223,292),(2747,'nullam','pellentesque ultrices mattis odio',2,'rutrum neque aenean',437,784),(2748,'enim leo','congue etiam justo etiam pretium',5,'vitae consectetuer eget rutrum at lorem integer tincidunt',77,66),(2749,'luctus et ultrices posuere','mi pede',3,'natoque penatibus et magnis dis parturient montes nascetur',105,742),(2750,'suspendisse ornare consequat','vitae nisi nam ultrices libero',2,'habitasse platea dictumst etiam faucibus',819,459),(2751,'luctus','leo pellentesque ultrices mattis',2,'justo in',419,276),(2752,'massa volutpat','suscipit ligula in lacus',2,'ac nibh fusce',450,976),(2753,'risus dapibus augue vel','vivamus vel',4,'mattis',907,702),(2754,'sit amet sem','tortor risus',5,'id ornare imperdiet sapien urna pretium',568,92),(2755,'justo','donec ut',5,'arcu sed augue aliquam erat volutpat in congue',643,827),(2756,'vestibulum proin','diam erat fermentum',4,'suscipit a feugiat et eros vestibulum ac',919,358),(2757,'volutpat in congue etiam justo','quisque ut erat curabitur gravida',2,'elit proin interdum',236,441),(2758,'non mauris morbi non','nibh in lectus pellentesque',2,'accumsan tellus nisi eu orci mauris',616,709),(2759,'platea','nulla nisl',5,'luctus',388,777),(2760,'enim','convallis',1,'tortor risus dapibus augue vel accumsan',662,280),(2761,'lacus purus','et magnis dis parturient',4,'congue elementum in',678,600),(2762,'et tempus semper est','volutpat sapien arcu',2,'erat fermentum justo nec condimentum neque sapien placerat ante',61,729),(2763,'volutpat quam pede','sed',3,'tellus semper interdum mauris',580,186),(2764,'tortor quis turpis','libero convallis eget',3,'lobortis vel dapibus at diam nam',102,294),(2765,'egestas metus aenean fermentum','elementum ligula vehicula consequat morbi',2,'scelerisque mauris sit amet eros suspendisse accumsan tortor',724,486),(2766,'morbi','mauris eget massa tempor',1,'pellentesque ultrices mattis odio',76,704),(2767,'tempor turpis nec euismod','maecenas leo',3,'nulla',132,399),(2768,'quis lectus','porttitor pede justo eu',2,'suscipit ligula in lacus curabitur at',300,515),(2769,'massa tempor','suscipit nulla elit ac nulla',5,'sapien non mi integer ac neque',42,864),(2770,'sed','mauris',1,'sapien quis libero',773,109),(2771,'volutpat in congue','nibh in',1,'mauris enim leo',903,919),(2772,'erat eros viverra eget congue','mus vivamus vestibulum sagittis sapien',4,'orci luctus et ultrices posuere cubilia',419,277),(2773,'iaculis','sapien cum sociis natoque penatibus',4,'sit amet sapien dignissim vestibulum vestibulum',6,687),(2774,'sit amet','ultrices posuere cubilia curae',4,'ultrices posuere cubilia curae duis faucibus accumsan odio curabitur',173,873),(2775,'venenatis turpis enim','rhoncus aliquam',1,'aliquam quis',526,260),(2776,'turpis nec euismod scelerisque quam','enim leo',3,'tincidunt ante vel ipsum praesent blandit lacinia erat',349,942),(2777,'at','metus sapien ut',1,'consectetuer eget rutrum at lorem integer tincidunt ante vel',989,385),(2778,'purus aliquet at feugiat','vel enim sit',1,'adipiscing molestie',511,165),(2779,'eleifend quam','sed',1,'hac habitasse platea dictumst maecenas ut',350,273),(2780,'pharetra magna ac consequat metus','massa tempor convallis nulla neque',2,'nec',466,197),(2781,'posuere cubilia curae duis','in blandit ultrices',5,'vel accumsan tellus nisi',633,859),(2782,'etiam faucibus cursus urna ut','nullam porttitor',1,'purus sit amet nulla quisque arcu libero rutrum ac',820,14),(2783,'bibendum felis sed interdum','mi',3,'montes nascetur ridiculus mus vivamus vestibulum sagittis',905,934),(2784,'quam pede lobortis ligula','pellentesque',1,'et ultrices posuere cubilia curae donec pharetra',948,593),(2785,'enim','ullamcorper purus sit amet nulla',5,'sollicitudin mi sit amet lobortis',996,614),(2786,'fusce consequat','aliquet massa id lobortis convallis',2,'praesent blandit nam nulla integer pede justo',876,180),(2787,'ultrices mattis odio','hac',2,'nonummy maecenas',272,802),(2788,'quis tortor id','euismod scelerisque',5,'consectetuer eget rutrum',123,364),(2789,'aliquet','justo sit amet',1,'mattis pulvinar nulla pede ullamcorper augue',421,920),(2790,'diam neque vestibulum eget','felis sed lacus morbi',2,'dui vel sem sed sagittis nam congue',266,604),(2791,'vitae mattis nibh ligula nec','etiam vel augue',1,'a',219,47),(2792,'ultrices mattis odio','vel',3,'nibh',644,5),(2793,'adipiscing molestie hendrerit at vulputate','nascetur ridiculus mus etiam vel',2,'lectus',344,546),(2794,'nunc purus phasellus in','ut at',5,'nec nisi volutpat',719,330),(2795,'sit amet consectetuer adipiscing','erat id mauris vulputate',2,'ante',743,53),(2796,'bibendum morbi non','ultricies eu nibh quisque',4,'odio condimentum id luctus',918,93),(2797,'consectetuer adipiscing elit','leo pellentesque ultrices',5,'commodo placerat praesent blandit nam',303,575),(2798,'in libero','sed justo',4,'semper est quam pharetra magna ac consequat metus sapien',546,466),(2799,'consectetuer adipiscing elit proin','mauris ullamcorper purus',3,'ligula suspendisse ornare consequat lectus',769,697),(2800,'augue vestibulum ante ipsum primis','primis',4,'eu felis fusce posuere felis sed lacus',394,696),(2801,'maecenas','in congue etiam justo',5,'justo sit amet sapien dignissim vestibulum vestibulum ante ipsum',678,260),(2802,'turpis a','erat id mauris vulputate elementum',1,'bibendum morbi non quam nec dui',24,747),(2803,'vehicula condimentum curabitur in libero','est et tempus',2,'in porttitor pede justo eu massa donec dapibus duis',303,126),(2804,'nulla sed','a feugiat et eros vestibulum',2,'justo pellentesque viverra pede',967,787),(2805,'maecenas leo odio','ultrices libero non mattis pulvinar',4,'convallis morbi odio odio elementum eu interdum',113,269),(2806,'nullam orci pede venenatis','nam nulla integer pede justo',5,'pellentesque at nulla suspendisse potenti cras in purus',852,159),(2807,'non','cubilia curae mauris viverra',4,'primis in faucibus orci luctus',771,911),(2808,'non pretium quis','elit sodales scelerisque mauris',5,'imperdiet sapien urna pretium nisl',487,284),(2809,'phasellus sit amet erat nulla','quisque porta volutpat erat',4,'justo pellentesque viverra pede ac',980,822),(2810,'aliquet ultrices erat tortor','non lectus aliquam',5,'luctus et ultrices',42,858),(2811,'in ante vestibulum ante ipsum','nibh',5,'nullam molestie nibh in lectus',354,504),(2812,'erat nulla tempus vivamus','in eleifend quam a odio',3,'elementum nullam varius nulla facilisi cras non',526,224),(2813,'volutpat erat quisque erat eros','eu',1,'eleifend luctus ultricies eu',625,188),(2814,'donec odio','elit proin risus',1,'donec ut mauris eget massa tempor',391,872),(2815,'elementum ligula vehicula','felis sed',2,'eros suspendisse accumsan tortor quis turpis sed ante',882,271),(2816,'nunc donec quis orci','massa id lobortis convallis tortor',4,'morbi non quam',829,416),(2817,'facilisi cras','et ultrices',5,'proin at turpis',796,127),(2818,'quis','mi',4,'nulla tempus vivamus in felis eu',36,407),(2819,'aenean auctor','ut rhoncus aliquet pulvinar sed',5,'ligula pellentesque ultrices phasellus id sapien in sapien iaculis',191,869),(2820,'varius nulla facilisi','duis',3,'bibendum imperdiet nullam orci',652,186),(2821,'varius nulla','sit amet erat nulla tempus',2,'praesent id massa id',543,150),(2822,'id','dis parturient montes',1,'eros viverra',684,395),(2823,'felis','nisl nunc',2,'nam congue risus semper porta volutpat quam',340,841),(2824,'ipsum dolor sit amet','neque aenean auctor gravida sem',2,'consequat',31,83),(2825,'enim sit amet nunc viverra','ut',3,'mauris ullamcorper purus sit amet',706,674),(2826,'fermentum donec ut mauris eget','a odio in',3,'amet justo morbi ut odio cras mi pede',492,902),(2827,'massa id lobortis','neque sapien',4,'dictumst maecenas ut massa quis augue luctus tincidunt nulla',53,742),(2828,'molestie hendrerit','sed augue',3,'amet consectetuer adipiscing elit proin interdum mauris non',466,191),(2829,'lacus curabitur','mollis',3,'diam cras pellentesque volutpat dui maecenas',597,247),(2830,'dui maecenas tristique est','rhoncus',1,'tellus in sagittis dui vel nisl',821,178),(2831,'nibh ligula','sapien non',1,'bibendum felis sed interdum venenatis turpis',191,453),(2832,'facilisi cras non velit nec','lacinia',5,'imperdiet et commodo vulputate',523,248),(2833,'fermentum justo nec condimentum','maecenas leo odio condimentum',1,'eu magna vulputate',96,806),(2834,'curae donec pharetra magna vestibulum','nam dui',1,'ipsum aliquam',483,122),(2835,'vivamus vel nulla eget eros','in imperdiet et commodo',2,'praesent id massa id nisl',318,228),(2836,'ante vestibulum ante','volutpat convallis',1,'pede justo lacinia eget tincidunt',568,728),(2837,'aliquet','at turpis donec posuere metus',1,'ut volutpat sapien arcu sed augue',247,899),(2838,'vestibulum ac est lacinia','etiam',5,'maecenas tristique est et tempus semper est quam pharetra',130,582),(2839,'aliquam','platea dictumst',2,'habitasse platea dictumst maecenas',854,291),(2840,'dolor','tincidunt eget tempus',2,'semper rutrum nulla nunc purus phasellus in felis',371,347),(2841,'enim leo rhoncus sed vestibulum','platea dictumst maecenas ut',4,'congue eget semper rutrum nulla nunc purus phasellus in',189,628),(2842,'eros viverra eget congue eget','molestie hendrerit at vulputate',2,'vitae nisi nam ultrices libero',653,772),(2843,'primis in faucibus','quis turpis sed ante',4,'sapien in sapien iaculis congue',512,829),(2844,'pellentesque ultrices','lorem integer tincidunt ante',4,'sed sagittis nam',462,400),(2845,'eu sapien cursus','dui maecenas tristique est et',5,'suspendisse potenti in',488,759),(2846,'in felis donec semper sapien','potenti cras in purus eu',3,'augue vel accumsan tellus nisi eu',524,57),(2847,'sed tincidunt eu felis','vulputate vitae',3,'aenean sit amet',300,524),(2848,'rhoncus aliquam','ligula vehicula',3,'vestibulum proin eu',861,546),(2849,'tempor turpis nec','aliquet pulvinar sed nisl',1,'tortor risus dapibus',601,30),(2850,'fermentum','porta volutpat quam pede lobortis',3,'nulla elit ac nulla',390,682),(2851,'nulla mollis molestie','cras in',1,'lacinia',184,535),(2852,'eros elementum pellentesque quisque','sit amet lobortis',3,'eleifend pede libero quis orci nullam molestie nibh in',211,907),(2853,'eget congue','rhoncus dui vel',4,'in libero ut massa volutpat convallis morbi odio odio',103,399),(2854,'diam','eleifend luctus ultricies eu nibh',2,'pede',753,858),(2855,'lorem vitae mattis','libero nam dui proin',4,'luctus et',52,961),(2856,'ullamcorper augue a suscipit','amet lobortis sapien sapien non',3,'in hac habitasse platea',108,614),(2857,'parturient montes nascetur','lorem vitae',2,'morbi non',209,788),(2858,'aliquet massa','lobortis sapien sapien',4,'aenean auctor gravida sem praesent id massa id',410,990),(2859,'velit nec nisi vulputate','pretium',5,'ridiculus mus etiam vel',807,28),(2860,'faucibus cursus urna','suspendisse',2,'leo odio condimentum id luctus nec molestie sed',159,580),(2861,'praesent id massa','adipiscing elit proin',3,'nunc viverra dapibus nulla suscipit ligula',147,396),(2862,'vulputate vitae nisl aenean lectus','tincidunt lacus at velit vivamus',3,'lacinia nisi',346,721),(2863,'imperdiet et commodo','praesent blandit lacinia erat',5,'nunc viverra dapibus nulla suscipit ligula in lacus',697,819),(2864,'malesuada','tellus semper interdum',5,'imperdiet',675,73),(2865,'id sapien','aliquam quis turpis eget elit',4,'nulla elit ac nulla sed vel enim',811,668),(2866,'orci','eu mi nulla',5,'id mauris vulputate elementum',602,588),(2867,'cum sociis natoque penatibus et','duis aliquam convallis nunc',5,'orci eget orci vehicula',254,575),(2868,'rutrum nulla tellus in','eleifend luctus',4,'ante ipsum primis in faucibus orci luctus',704,525),(2869,'a pede posuere nonummy','accumsan felis',4,'dui nec nisi volutpat eleifend donec ut dolor morbi',387,236),(2870,'in sapien','pede',2,'proin leo odio',192,208),(2871,'pharetra magna ac consequat','ultricies eu nibh quisque',1,'varius ut blandit',43,360),(2872,'proin leo odio porttitor','at lorem integer',4,'arcu sed augue aliquam erat volutpat in congue etiam',383,355),(2873,'massa donec dapibus duis at','velit',3,'sed vel',950,263),(2874,'phasellus sit amet erat nulla','nullam varius',5,'pede ac diam cras pellentesque volutpat dui maecenas',805,725),(2875,'etiam','at vulputate',3,'lacinia eget',416,833),(2876,'sed','et ultrices posuere',5,'sapien cursus vestibulum proin eu mi',210,901),(2877,'massa volutpat','elementum in hac',4,'sapien quis libero nullam sit amet turpis elementum ligula',302,598),(2878,'at','rhoncus dui vel sem sed',1,'vestibulum sed magna at',490,1000),(2879,'porttitor lorem id ligula suspendisse','vel enim sit',1,'turpis a pede posuere nonummy',447,712),(2880,'nulla nisl','et',1,'et eros vestibulum ac est lacinia nisi',195,322),(2881,'vestibulum ante ipsum primis','diam erat',3,'vestibulum quam sapien',177,396),(2882,'mus','quisque arcu libero rutrum ac',1,'et ultrices posuere cubilia curae mauris viverra',195,791),(2883,'donec ut dolor morbi vel','tortor',5,'sit amet cursus id',111,927),(2884,'sollicitudin ut','at turpis donec posuere',3,'aliquet massa id lobortis convallis tortor',807,957),(2885,'curabitur in libero ut massa','quis lectus suspendisse potenti in',1,'leo maecenas pulvinar',828,507),(2886,'mauris non ligula pellentesque','vivamus',5,'ante ipsum primis in faucibus orci',981,639),(2887,'at dolor','metus sapien ut',2,'pellentesque at nulla',425,275),(2888,'lorem quisque','maecenas leo odio condimentum',3,'in purus',566,214),(2889,'justo etiam pretium iaculis','lacus morbi sem mauris laoreet',5,'ipsum',237,196),(2890,'porttitor lacus at turpis','sapien in',1,'imperdiet et commodo vulputate justo in blandit ultrices enim',415,2),(2891,'integer a nibh','nisl duis ac nibh fusce',5,'integer ac neque duis',270,180),(2892,'convallis eget eleifend','leo pellentesque ultrices',4,'consequat morbi a ipsum integer a',884,888),(2893,'condimentum neque','dolor morbi vel',5,'dapibus nulla',582,732),(2894,'vel accumsan tellus nisi eu','luctus ultricies eu nibh quisque',1,'non ligula pellentesque ultrices phasellus id sapien in sapien',862,433),(2895,'nulla ultrices aliquet maecenas','aenean',5,'sagittis sapien cum sociis',664,829),(2896,'tincidunt ante vel ipsum praesent','vulputate vitae nisl',5,'metus vitae ipsum aliquam non mauris morbi',144,811),(2897,'dictumst','nulla tellus',1,'platea dictumst morbi',402,437),(2898,'nam dui proin leo','vestibulum proin eu',4,'sit amet lobortis sapien sapien non mi integer ac',127,384),(2899,'viverra diam vitae quam suspendisse','lorem ipsum dolor sit amet',4,'in lectus pellentesque at nulla suspendisse potenti',246,399),(2900,'ut','maecenas leo',5,'quis justo maecenas',404,633),(2901,'amet','at vulputate vitae nisl aenean',5,'amet erat nulla tempus vivamus in felis eu sapien',628,136),(2902,'libero','congue',3,'vivamus vestibulum sagittis sapien',490,372),(2903,'felis fusce posuere felis sed','volutpat',5,'scelerisque quam turpis',366,90),(2904,'tempus semper est quam pharetra','dapibus at diam nam tristique',2,'quis lectus suspendisse',539,75),(2905,'morbi vel lectus in','nibh in',3,'suspendisse ornare consequat lectus in est',96,170),(2906,'nisi vulputate nonummy maecenas','orci luctus et',1,'ullamcorper augue a suscipit nulla elit ac nulla',219,631),(2907,'eget nunc','potenti',3,'dolor sit amet consectetuer',727,982),(2908,'suspendisse potenti in','in faucibus orci luctus et',1,'vulputate nonummy',743,131),(2909,'cursus vestibulum','pretium iaculis',2,'magna vulputate luctus cum sociis natoque',367,658),(2910,'lacus at turpis','id lobortis convallis tortor risus',1,'ante ipsum primis in faucibus orci luctus et ultrices',806,787),(2911,'dapibus augue vel','nibh in quis justo',1,'sem praesent',73,845),(2912,'pretium iaculis diam','elementum in',1,'est quam pharetra magna ac consequat metus sapien ut',841,373),(2913,'non lectus aliquam sit','consequat dui nec',3,'quam nec',674,471),(2914,'dolor vel est donec odio','sed accumsan felis ut at',3,'eleifend pede libero quis orci nullam',939,309),(2915,'vestibulum ante ipsum primis','a suscipit nulla elit ac',3,'aenean fermentum donec ut mauris eget massa tempor',87,858),(2916,'imperdiet sapien urna pretium nisl','ut nulla sed',2,'turpis sed ante vivamus tortor duis mattis',777,260),(2917,'pharetra','platea dictumst',5,'duis consequat',646,798),(2918,'curabitur','faucibus orci luctus et',4,'primis in',619,624),(2919,'eget nunc donec','nulla ultrices aliquet',2,'curae duis faucibus',104,281),(2920,'porttitor pede','non mi integer ac',4,'in libero ut massa',871,748),(2921,'ultrices posuere','sit amet',3,'magna at nunc commodo placerat praesent blandit nam nulla',909,42),(2922,'nibh in lectus','mattis nibh',4,'tempus sit amet',405,993),(2923,'nibh','curae mauris viverra diam',1,'eros elementum pellentesque',43,454),(2924,'duis ac','mauris ullamcorper',5,'rhoncus mauris',166,791),(2925,'felis sed interdum','aliquam',1,'ornare consequat lectus in est risus auctor sed',705,822),(2926,'diam','nec dui luctus rutrum nulla',1,'vel enim sit',22,987),(2927,'mattis','purus aliquet at',4,'ut dolor morbi vel lectus in quam fringilla',23,399),(2928,'in','id luctus nec molestie sed',2,'non sodales',526,407),(2929,'luctus et ultrices posuere cubilia','tristique est et tempus semper',1,'vivamus vestibulum sagittis sapien cum',780,946),(2930,'ac consequat metus','sit amet diam in magna',1,'eget',114,970),(2931,'dui vel sem sed sagittis','amet lobortis sapien sapien',4,'nascetur ridiculus mus vivamus vestibulum sagittis sapien cum',403,556),(2932,'mauris enim','lobortis ligula sit amet eleifend',2,'ac enim in tempor',455,708),(2933,'ipsum integer a','duis aliquam',5,'at velit eu',901,755),(2934,'ante','massa tempor convallis',5,'orci pede venenatis non sodales sed tincidunt',840,825),(2935,'nunc','orci nullam',1,'fusce consequat nulla nisl nunc nisl duis bibendum felis',940,692),(2936,'accumsan felis ut at dolor','in',1,'eget eleifend luctus ultricies eu nibh quisque id',597,603),(2937,'mattis','aliquam convallis nunc proin',2,'primis in faucibus orci luctus et ultrices posuere cubilia',242,627),(2938,'venenatis','diam erat fermentum justo nec',5,'tristique in tempus sit amet sem fusce consequat',190,289),(2939,'nec condimentum neque sapien placerat','lorem ipsum dolor sit',3,'quisque porta',393,40),(2940,'nulla tellus in sagittis','convallis',4,'quisque id',56,265),(2941,'praesent lectus vestibulum quam sapien','etiam vel augue vestibulum rutrum',1,'nulla dapibus dolor vel est donec odio',309,661),(2942,'velit vivamus vel','vestibulum proin eu mi',4,'dictumst etiam faucibus cursus',698,770),(2943,'rutrum neque aenean auctor gravida','libero nullam sit amet',2,'cras mi pede malesuada in imperdiet et commodo vulputate',654,678),(2944,'mattis nibh ligula','elementum in',1,'ornare',824,910),(2945,'turpis integer aliquet massa','quam suspendisse potenti nullam',4,'maecenas leo odio condimentum',122,937),(2946,'vestibulum sed','rutrum ac lobortis vel',2,'neque',712,291),(2947,'mus etiam','neque duis',4,'diam id ornare imperdiet',892,262),(2948,'ridiculus mus vivamus','nisl ut',3,'in tempor turpis nec euismod scelerisque quam turpis adipiscing',868,574),(2949,'suspendisse potenti','mattis odio donec vitae nisi',5,'velit eu est congue',981,652),(2950,'eget rutrum','lorem',1,'odio odio elementum eu',526,208),(2951,'morbi quis tortor id','commodo vulputate justo',3,'primis',692,418),(2952,'aliquet ultrices erat tortor sollicitudin','ultricies eu nibh quisque',5,'quam suspendisse potenti nullam porttitor lacus at turpis donec',610,344),(2953,'gravida sem praesent id','nisi at nibh',5,'id ligula suspendisse ornare',671,604),(2954,'euismod scelerisque quam turpis','aliquet',2,'vivamus vel nulla eget eros',124,306),(2955,'vestibulum ante','pellentesque',4,'et tempus semper est quam pharetra',768,60),(2956,'consequat varius integer','montes nascetur',1,'amet nulla quisque arcu libero rutrum ac lobortis vel',370,920),(2957,'mauris non','magnis',3,'vitae mattis nibh ligula nec sem duis aliquam convallis',836,172),(2958,'ut erat','ultrices phasellus',1,'molestie',237,759),(2959,'hac','elementum pellentesque quisque porta',4,'est phasellus sit amet erat nulla tempus vivamus in',396,754),(2960,'curae mauris','dapibus duis at',1,'blandit',871,198),(2961,'ultrices aliquet','luctus et ultrices posuere',2,'ut',127,100),(2962,'neque sapien placerat ante','nec dui luctus rutrum',4,'orci pede',496,489),(2963,'sodales scelerisque mauris sit amet','pellentesque',3,'nibh in hac habitasse platea dictumst aliquam augue quam',961,355),(2964,'orci nullam molestie nibh','leo',1,'aliquam sit amet diam in magna',47,146),(2965,'orci luctus et','venenatis',4,'enim lorem ipsum dolor sit amet consectetuer',203,582),(2966,'in hac habitasse platea','cras pellentesque volutpat',2,'ligula',58,547),(2967,'quisque','quam nec dui',4,'interdum venenatis turpis enim blandit mi in porttitor',453,470),(2968,'vel','lacinia',4,'dictumst morbi',399,541),(2969,'justo','eu orci mauris lacinia',3,'amet consectetuer adipiscing',529,21),(2970,'consectetuer adipiscing elit proin interdum','rhoncus sed vestibulum sit amet',2,'mi pede malesuada in imperdiet et commodo vulputate',929,279),(2971,'blandit nam','eget nunc donec quis orci',4,'ipsum primis in faucibus',657,972),(2972,'tincidunt in leo maecenas','neque aenean',1,'donec semper sapien a libero nam dui proin leo',216,137),(2973,'ultrices vel augue vestibulum ante','pretium iaculis diam erat',2,'semper est quam pharetra magna ac',117,8),(2974,'quis augue luctus tincidunt','congue etiam',2,'id lobortis',865,173),(2975,'magnis dis parturient montes','vulputate elementum nullam varius',5,'fringilla rhoncus mauris enim leo rhoncus sed vestibulum sit',964,765),(2976,'vestibulum velit id pretium iaculis','lacus curabitur',3,'nisi vulputate nonummy maecenas tincidunt lacus',685,944),(2977,'egestas metus aenean fermentum','duis bibendum morbi non',5,'potenti in eleifend quam',420,567),(2978,'proin at turpis a pede','pellentesque viverra pede',4,'vel pede morbi porttitor lorem',162,844),(2979,'aliquam convallis nunc proin at','morbi porttitor lorem id',4,'ac nibh fusce lacus purus aliquet',557,275),(2980,'justo in blandit ultrices','tortor sollicitudin mi sit',2,'gravida nisi at nibh in',396,339),(2981,'dictumst morbi vestibulum','praesent blandit nam',5,'sapien a',63,164),(2982,'cum','nulla nunc purus',5,'sapien a libero nam',200,273),(2983,'vel','pretium iaculis diam',5,'ipsum dolor sit amet consectetuer adipiscing elit proin interdum',419,870),(2984,'praesent','placerat',4,'vehicula consequat morbi a ipsum integer a',288,269),(2985,'pulvinar nulla pede','sociis',3,'ut at',708,421),(2986,'sem fusce consequat nulla nisl','nunc',1,'erat id mauris vulputate elementum',617,908),(2987,'quisque ut erat curabitur','fusce consequat nulla',5,'mattis nibh ligula nec sem duis',279,621),(2988,'accumsan tortor quis turpis sed','erat fermentum justo nec',1,'suspendisse potenti',544,590),(2989,'aliquet','cras mi pede',1,'velit nec nisi vulputate nonummy maecenas tincidunt',755,466),(2990,'enim leo rhoncus sed vestibulum','volutpat',1,'metus sapien ut nunc',375,839),(2991,'in','at nulla suspendisse potenti cras',3,'in felis eu sapien cursus vestibulum',369,912),(2992,'ut tellus nulla','eros',2,'et ultrices posuere',688,54),(2993,'metus sapien ut nunc','nulla ut',5,'quis libero nullam sit amet turpis',972,196),(2994,'sapien urna pretium nisl','viverra',3,'mattis odio donec vitae nisi',493,704),(2995,'aliquet massa id lobortis convallis','rutrum neque',2,'tincidunt ante vel ipsum praesent blandit lacinia erat vestibulum',405,803),(2996,'amet nunc','viverra dapibus',3,'vehicula condimentum curabitur',65,891),(2997,'ante nulla justo','nulla justo',4,'est risus auctor sed tristique in',31,308),(2998,'nisi vulputate nonummy maecenas','consequat morbi',2,'leo odio porttitor id consequat',69,202),(2999,'ut mauris eget massa tempor','proin',3,'dis parturient montes nascetur ridiculus mus vivamus',26,419),(3000,'eget orci vehicula condimentum curabitur','venenatis non sodales sed',4,'curae',792,16),(3001,'mus etiam vel augue','lobortis sapien sapien',1,'in sagittis dui vel nisl',329,844),(3002,'at dolor quis odio consequat','pede libero quis',4,'dui proin leo odio porttitor id consequat in consequat',325,784),(3003,'leo odio porttitor id consequat','enim',1,'nisl duis ac nibh fusce lacus purus',515,802),(3004,'odio odio elementum eu interdum','mus',1,'sagittis',182,444),(3005,'vitae nisi nam ultrices','in felis',3,'adipiscing elit proin risus praesent',460,757),(3006,'enim sit amet nunc','commodo',2,'urna ut tellus nulla ut',826,605),(3007,'nullam molestie','posuere cubilia curae donec pharetra',1,'tortor risus',156,398),(3008,'at lorem integer tincidunt','aliquet massa id lobortis convallis',1,'vestibulum velit id pretium',180,18),(3009,'id nisl venenatis lacinia','erat nulla tempus vivamus in',5,'nec',338,983),(3010,'molestie lorem quisque','curae mauris viverra diam vitae',2,'et magnis',567,243),(3011,'massa quis augue luctus','lectus vestibulum quam',4,'sit amet eleifend pede libero',339,314),(3012,'id ornare','sit amet eros',5,'ultrices',201,372),(3013,'sed vel enim','tortor',4,'nulla pede ullamcorper augue',327,78),(3014,'lacus at','metus sapien ut nunc',1,'at turpis donec posuere metus vitae',732,863),(3015,'aliquam non','et ultrices posuere cubilia curae',2,'faucibus orci luctus et ultrices posuere',720,574),(3016,'mattis egestas metus aenean','proin eu mi nulla',4,'odio donec vitae nisi nam ultrices libero non',815,927),(3017,'dapibus nulla','mauris sit',3,'urna pretium nisl ut volutpat',490,887),(3018,'integer pede justo lacinia','sit amet turpis',2,'montes nascetur ridiculus mus',98,659),(3019,'justo etiam pretium iaculis','dapibus dolor',1,'quis lectus suspendisse potenti in eleifend quam a',140,760),(3020,'suscipit ligula in lacus curabitur','placerat ante nulla justo aliquam',2,'nonummy maecenas tincidunt',255,434),(3021,'ut volutpat sapien arcu sed','scelerisque quam turpis adipiscing',1,'id turpis integer aliquet',493,451),(3022,'in porttitor','iaculis diam erat fermentum justo',5,'urna ut tellus nulla ut',349,496),(3023,'tortor quis','quis lectus suspendisse',2,'dapibus duis',573,754),(3024,'vel','auctor',4,'pede',284,641),(3025,'fusce lacus','sem praesent id',4,'tempus sit amet sem fusce consequat',293,281),(3026,'nisl nunc nisl duis','sed interdum venenatis turpis',2,'nascetur ridiculus mus vivamus vestibulum sagittis',559,487),(3027,'nec nisi vulputate nonummy maecenas','id turpis',3,'parturient montes nascetur ridiculus mus etiam vel augue vestibulum',498,524),(3028,'vestibulum sit amet cursus id','sapien cum sociis natoque',3,'posuere cubilia curae nulla dapibus',479,475),(3029,'eget nunc donec','eu sapien cursus vestibulum',4,'amet consectetuer adipiscing',687,734),(3030,'volutpat in congue','in',3,'eleifend donec ut dolor',549,310),(3031,'quam sapien varius','eget vulputate ut ultrices',2,'accumsan odio curabitur convallis duis consequat dui nec',967,187),(3032,'dapibus nulla suscipit ligula','integer aliquet',2,'venenatis turpis enim blandit mi in porttitor pede justo',454,525),(3033,'ac diam cras pellentesque volutpat','tincidunt nulla mollis molestie',3,'sapien varius ut blandit',550,86),(3034,'lacinia sapien quis','nullam',5,'volutpat in congue etiam justo',387,337),(3035,'ut rhoncus aliquet pulvinar sed','sed',3,'ligula',663,982),(3036,'blandit mi in porttitor','congue risus semper porta',2,'libero non mattis pulvinar nulla',668,816),(3037,'et ultrices','pellentesque ultrices',5,'consequat dui nec nisi volutpat eleifend',60,193),(3038,'dignissim vestibulum vestibulum ante ipsum','primis in faucibus',2,'natoque penatibus',700,741),(3039,'pulvinar sed nisl','pede',4,'interdum venenatis turpis enim blandit',407,725),(3040,'ipsum dolor sit','in congue etiam justo',5,'rhoncus dui vel sem sed sagittis nam congue',136,88),(3041,'vulputate nonummy maecenas','odio',5,'in blandit ultrices enim lorem ipsum dolor sit amet',638,134),(3042,'non velit','cubilia curae nulla dapibus',2,'suspendisse potenti nullam',317,492),(3043,'sapien quis libero nullam sit','pretium quis lectus',2,'eu mi nulla ac enim in',410,744),(3044,'nulla pede ullamcorper','lorem id',5,'id nulla ultrices aliquet maecenas leo',566,575),(3045,'blandit','rutrum ac',1,'laoreet ut rhoncus aliquet pulvinar sed',251,91),(3046,'vitae nisi','nisi at nibh in',5,'magna at nunc commodo placerat praesent',130,166),(3047,'convallis eget eleifend','augue vestibulum ante ipsum',1,'ultricies',758,443),(3048,'dapibus nulla suscipit ligula','quam pede lobortis ligula',2,'in',804,978),(3049,'magna ac consequat metus sapien','mi',1,'interdum mauris ullamcorper purus sit amet nulla quisque arcu',56,235),(3050,'aenean auctor gravida','convallis duis consequat',4,'eget semper rutrum nulla nunc purus',660,509),(3051,'dis parturient montes nascetur','pede',5,'at nibh in hac habitasse platea dictumst',87,98),(3052,'ac','vitae nisi nam',1,'duis faucibus accumsan odio curabitur',981,750),(3053,'porta volutpat','consectetuer',2,'cras',214,40),(3054,'bibendum morbi non quam','sed',2,'mauris ullamcorper purus',869,893),(3055,'feugiat','semper porta volutpat',4,'nonummy maecenas',844,448),(3056,'vel ipsum praesent','molestie sed justo pellentesque',1,'nullam molestie nibh in lectus pellentesque at',121,768),(3057,'in eleifend quam a','id nulla ultrices',3,'in purus eu magna vulputate luctus',222,385),(3058,'posuere metus','etiam',3,'neque',547,782),(3059,'mi sit','duis',2,'quam pharetra magna ac consequat metus',259,422),(3060,'in hac habitasse platea dictumst','at feugiat non',1,'cras',863,609),(3061,'scelerisque mauris sit amet eros','volutpat eleifend',2,'augue aliquam erat volutpat in',998,178),(3062,'non','vitae consectetuer eget rutrum at',1,'ultrices enim lorem ipsum dolor sit amet consectetuer adipiscing',39,738),(3063,'blandit lacinia erat vestibulum sed','semper est quam pharetra magna',1,'vitae consectetuer eget',640,813),(3064,'ultrices posuere','lorem id',3,'platea',4,698),(3065,'vestibulum rutrum rutrum neque aenean','pretium quis lectus suspendisse',4,'quis lectus suspendisse potenti in',677,162),(3066,'vel augue','nulla',4,'diam id ornare imperdiet sapien urna pretium',627,741),(3067,'tempor convallis nulla neque','vestibulum sit amet',4,'tellus nisi eu orci mauris lacinia',790,622),(3068,'faucibus cursus urna ut','scelerisque mauris sit amet',2,'pellentesque quisque',523,781),(3069,'molestie nibh in lectus pellentesque','nam ultrices libero non mattis',3,'tristique in tempus sit amet sem fusce consequat',225,728),(3070,'in faucibus orci luctus','orci eget orci',1,'enim leo rhoncus sed vestibulum',285,814),(3071,'quam a odio in hac','lorem ipsum',5,'natoque penatibus et magnis',133,656),(3072,'pellentesque ultrices mattis','at',2,'potenti in eleifend quam a odio',28,830),(3073,'amet nunc viverra dapibus','duis bibendum morbi non',5,'nulla suscipit ligula in lacus',152,639),(3074,'aenean','turpis nec euismod scelerisque quam',3,'amet',77,257),(3075,'adipiscing lorem vitae','velit id',3,'convallis morbi odio odio elementum eu interdum eu',520,722),(3076,'leo rhoncus','libero rutrum ac lobortis vel',5,'curae duis faucibus accumsan odio curabitur',257,765),(3077,'eget','aliquet massa id',3,'ridiculus mus vivamus vestibulum sagittis sapien',685,942),(3078,'integer ac','vestibulum aliquet ultrices',5,'vestibulum sit amet cursus id turpis integer',4,44),(3079,'maecenas tristique est','semper sapien',3,'nulla sed',622,94),(3080,'eu mi nulla ac','luctus tincidunt nulla mollis',1,'lobortis vel dapibus at diam nam',471,602),(3081,'etiam pretium iaculis','justo aliquam quis turpis eget',3,'ut nunc vestibulum ante ipsum primis in faucibus orci',117,540),(3082,'duis','ridiculus mus vivamus vestibulum',5,'mattis pulvinar nulla pede ullamcorper augue',681,856),(3083,'leo odio porttitor id','aliquam',4,'quis lectus suspendisse',308,793),(3084,'amet nunc viverra dapibus','ipsum dolor',1,'sed interdum venenatis turpis',96,633),(3085,'eu magna vulputate luctus','praesent blandit lacinia erat',4,'quisque id',672,471),(3086,'congue elementum in','blandit ultrices',2,'ac diam cras pellentesque volutpat dui maecenas',139,578),(3087,'fusce congue diam id','sodales sed tincidunt',3,'augue a suscipit nulla elit',593,232),(3088,'sed lacus','neque aenean auctor gravida sem',5,'id',974,671),(3089,'integer','magnis',3,'sem',700,110),(3090,'in hac','pulvinar lobortis est phasellus',5,'vestibulum ante ipsum',178,531),(3091,'tortor quis','ultrices posuere cubilia curae',2,'dolor',28,13),(3092,'vivamus tortor duis mattis','eros',2,'ut at dolor quis odio',448,232),(3093,'sapien quis libero nullam','erat quisque erat eros',4,'morbi',838,83),(3094,'in hac','morbi odio odio elementum eu',1,'adipiscing lorem vitae mattis nibh ligula',81,416),(3095,'posuere cubilia curae mauris viverra','metus aenean fermentum donec',5,'nulla neque',992,494),(3096,'sit','cras non velit nec',4,'congue etiam justo etiam pretium iaculis justo',636,188),(3097,'interdum in ante','proin risus praesent lectus',2,'volutpat in',79,336),(3098,'pulvinar lobortis est phasellus sit','vulputate elementum',3,'aliquam quis turpis eget elit sodales scelerisque mauris',780,903),(3099,'eu mi nulla ac','pharetra magna vestibulum aliquet',2,'parturient montes nascetur ridiculus mus etiam vel augue',590,971),(3100,'urna','vivamus vel nulla eget',5,'mauris eget',184,949),(3101,'duis consequat dui nec','nulla facilisi cras',1,'quam nec dui luctus rutrum nulla tellus in',520,575),(3102,'ipsum dolor','in felis eu sapien cursus',5,'odio justo sollicitudin ut suscipit a feugiat et',572,705),(3103,'parturient montes nascetur','donec dapibus',5,'dignissim',999,185),(3104,'quam sapien','amet sem fusce consequat',1,'ipsum',227,589),(3105,'et magnis','luctus ultricies eu nibh quisque',4,'in eleifend quam a odio in hac habitasse',488,106),(3106,'a odio','congue risus semper porta volutpat',1,'dui vel sem sed sagittis nam congue',291,328),(3107,'praesent blandit nam nulla','nisl nunc rhoncus dui',3,'quis',512,658),(3108,'orci luctus et','eget',4,'elit sodales',609,510),(3109,'facilisi cras non','dapibus',5,'massa volutpat convallis morbi odio odio elementum eu interdum',975,136),(3110,'est et','et magnis dis parturient montes',5,'ipsum dolor sit amet consectetuer adipiscing elit proin',485,456),(3111,'orci nullam molestie','ut rhoncus aliquet pulvinar',5,'nisl aenean lectus',412,595),(3112,'eleifend pede libero quis','venenatis non sodales sed',1,'vulputate luctus cum sociis natoque penatibus et magnis dis',338,67),(3113,'nisl duis','enim lorem ipsum',1,'porta volutpat erat',519,258),(3114,'duis ac nibh fusce','aliquam non',1,'tincidunt lacus',262,380),(3115,'ut ultrices','adipiscing elit',2,'a pede posuere nonummy integer non velit donec diam',967,770),(3116,'sit','hac habitasse platea',1,'nunc proin at turpis',472,102),(3117,'duis bibendum felis sed interdum','ac lobortis',4,'bibendum',187,533),(3118,'porta volutpat quam pede','est congue',5,'pellentesque quisque',363,275),(3119,'vel accumsan','nulla sed',5,'felis ut at dolor quis',399,746),(3120,'vel augue vestibulum','viverra diam vitae quam suspendisse',1,'sapien iaculis congue vivamus metus arcu',553,545),(3121,'nunc vestibulum','a',5,'sagittis nam congue risus semper porta volutpat quam pede',168,399),(3122,'in hac habitasse','quis turpis sed ante vivamus',5,'erat eros viverra',606,369),(3123,'risus semper','cubilia curae donec',3,'primis in faucibus orci luctus',505,457),(3124,'parturient','aenean fermentum donec',5,'nulla integer pede justo lacinia eget tincidunt eget tempus',881,754),(3125,'parturient montes nascetur ridiculus','libero non',2,'quis lectus suspendisse potenti in eleifend quam a',966,405),(3126,'duis','turpis donec',2,'bibendum imperdiet nullam orci',677,681),(3127,'nam nulla','nisi eu orci mauris',5,'semper rutrum',525,76),(3128,'tincidunt eget tempus','proin risus praesent lectus vestibulum',1,'potenti cras',508,972),(3129,'eleifend pede libero quis','lacus at velit',5,'quis augue luctus tincidunt',628,375),(3130,'nulla dapibus dolor vel est','vestibulum ante',5,'gravida sem praesent id massa id nisl venenatis lacinia',476,35),(3131,'eget tincidunt eget tempus','id massa',5,'congue',634,177),(3132,'nulla quisque','sit',5,'ligula in lacus curabitur at ipsum ac',69,330),(3133,'consequat ut','proin',1,'montes nascetur ridiculus mus etiam vel augue vestibulum',568,527),(3134,'eu mi','sit amet',4,'penatibus et magnis dis',468,822),(3135,'nisi eu','justo eu massa donec dapibus',3,'lobortis sapien sapien',64,32),(3136,'nec nisi','nunc proin at',1,'luctus cum',419,655),(3137,'sem','ut odio cras',1,'elementum eu interdum eu tincidunt in leo maecenas pulvinar',257,302),(3138,'mauris lacinia sapien quis','habitasse platea dictumst etiam',4,'vehicula condimentum curabitur in libero ut massa volutpat',759,596),(3139,'nunc','gravida nisi at',2,'donec',689,972),(3140,'volutpat erat quisque erat eros','morbi a ipsum',5,'justo eu massa donec dapibus duis at velit eu',636,868),(3141,'justo pellentesque viverra','lobortis',1,'mauris lacinia sapien quis',643,320),(3142,'leo pellentesque ultrices mattis odio','luctus ultricies eu nibh',2,'pede justo lacinia eget tincidunt eget tempus',538,1000),(3143,'nisi vulputate','nunc proin at',2,'nunc rhoncus dui vel',835,437),(3144,'purus sit','non pretium quis',2,'cubilia curae nulla dapibus dolor vel est donec',826,740),(3145,'sit amet justo morbi','aenean',5,'at turpis donec posuere metus vitae ipsum aliquam non',931,555),(3146,'turpis integer aliquet massa','vivamus vestibulum sagittis sapien',2,'quisque',106,578),(3147,'ipsum primis in','consequat',3,'ante nulla',711,426),(3148,'ultrices','ut mauris',4,'pellentesque volutpat dui maecenas tristique est et tempus semper',39,562),(3149,'morbi odio odio elementum','pede venenatis non',1,'tristique fusce congue',800,248),(3150,'accumsan odio curabitur convallis','cursus urna',1,'neque libero convallis eget eleifend luctus ultricies eu',994,643),(3151,'proin at turpis','leo',4,'leo maecenas pulvinar lobortis est phasellus sit',523,238),(3152,'montes','fermentum',1,'sapien quis libero nullam sit amet turpis elementum',335,843),(3153,'malesuada in imperdiet et commodo','vulputate luctus cum',1,'non quam nec dui luctus rutrum nulla tellus',159,702),(3154,'tempor convallis nulla neque libero','odio cras',3,'velit donec diam neque vestibulum eget vulputate ut ultrices',969,37),(3155,'elit ac nulla sed','sagittis',3,'interdum eu tincidunt in leo maecenas pulvinar lobortis',473,413),(3156,'libero quis orci nullam molestie','ipsum',5,'iaculis diam erat fermentum justo nec condimentum',86,452),(3157,'interdum mauris non ligula pellentesque','lobortis vel dapibus at diam',1,'aenean lectus pellentesque',275,862),(3158,'felis donec','odio donec vitae nisi nam',4,'nulla pede ullamcorper augue a',142,968),(3159,'iaculis','faucibus',5,'sit amet justo morbi',815,851),(3160,'odio','etiam faucibus cursus',1,'lectus in quam fringilla rhoncus mauris enim leo rhoncus',496,153),(3161,'ante','at ipsum ac tellus',3,'pharetra magna ac consequat metus sapien ut nunc',741,402),(3162,'vestibulum','tellus nisi eu orci',4,'semper',27,677),(3163,'morbi non quam nec dui','integer ac neque',3,'dolor sit amet consectetuer adipiscing elit',105,340),(3164,'libero rutrum','orci pede venenatis non sodales',1,'quisque ut erat curabitur',882,9),(3165,'mattis egestas metus','imperdiet nullam',5,'eget orci vehicula condimentum',446,962),(3166,'nulla elit ac nulla sed','magna at nunc commodo',5,'suspendisse potenti nullam porttitor',921,67),(3167,'in','donec semper sapien',5,'curabitur gravida',785,453),(3168,'ipsum praesent','tempus sit',1,'aliquam lacus morbi quis',841,984),(3169,'scelerisque quam turpis adipiscing','amet',3,'ligula nec',516,269),(3170,'consequat in consequat ut nulla','elit sodales',5,'justo etiam pretium iaculis justo in',407,339),(3171,'in faucibus orci luctus et','convallis eget',3,'mattis odio donec vitae nisi nam',513,464),(3172,'aliquet at feugiat non','congue diam',5,'vestibulum quam sapien varius ut blandit non interdum in',382,204),(3173,'ut massa','sed tincidunt eu felis',3,'vestibulum sed magna at',642,741),(3174,'arcu libero','rutrum',4,'quis libero nullam sit amet turpis elementum ligula',151,401),(3175,'platea dictumst maecenas','eget',5,'non pretium quis lectus suspendisse',580,448),(3176,'vestibulum sit amet cursus id','volutpat in congue',1,'id luctus nec molestie sed',535,585),(3177,'diam cras','vel enim sit',2,'pellentesque quisque porta',729,570),(3178,'lectus pellentesque eget nunc','rhoncus aliquet pulvinar sed',4,'sagittis nam congue risus semper',427,317),(3179,'turpis a pede posuere nonummy','nec condimentum neque sapien',1,'duis',851,895),(3180,'id','feugiat non pretium',2,'tincidunt eget tempus vel pede morbi porttitor lorem id',516,232),(3181,'integer tincidunt','vel accumsan tellus nisi eu',4,'suscipit ligula in lacus curabitur at ipsum',925,559),(3182,'ipsum dolor sit','dolor',2,'velit donec diam',176,235),(3183,'ac nibh','et eros vestibulum',3,'odio in hac',339,214),(3184,'cursus','vel augue',3,'vel dapibus at diam nam tristique tortor eu',573,251),(3185,'eleifend pede libero quis','massa id lobortis convallis',4,'nunc donec quis orci eget orci vehicula condimentum curabitur',425,70),(3186,'neque aenean auctor gravida sem','ultrices phasellus id',5,'eget vulputate ut ultrices vel augue vestibulum ante',273,10),(3187,'nunc nisl duis','nam ultrices libero non mattis',3,'nonummy maecenas tincidunt lacus at velit vivamus vel',51,933),(3188,'nonummy integer non','convallis nulla neque libero',1,'ut mauris eget massa tempor convallis',543,786),(3189,'quis justo maecenas rhoncus','eget elit',2,'aliquam augue quam sollicitudin',463,838),(3190,'nibh ligula nec','platea dictumst etiam faucibus cursus',1,'quam fringilla rhoncus mauris enim',557,233),(3191,'risus semper porta','morbi vel lectus in quam',3,'eget orci vehicula',137,698),(3192,'fermentum justo nec','velit',2,'pede justo lacinia eget tincidunt eget tempus vel pede',542,333),(3193,'in blandit ultrices','leo odio porttitor id',2,'donec odio justo sollicitudin ut suscipit a feugiat et',178,823),(3194,'amet nunc viverra','dui maecenas tristique est',2,'nisl',612,131),(3195,'aliquam non mauris morbi non','lacus morbi quis tortor id',1,'morbi vel lectus in quam fringilla',912,481),(3196,'sapien','curae',3,'varius integer ac leo pellentesque ultrices mattis odio',23,580),(3197,'eros suspendisse','id',4,'viverra dapibus nulla suscipit ligula in lacus',741,594),(3198,'sagittis dui','potenti cras in',4,'sit amet sem fusce consequat nulla',389,747),(3199,'vel ipsum praesent','mus etiam vel augue',4,'in',778,587),(3200,'ut suscipit a','porta volutpat quam pede lobortis',4,'ante vel',902,133),(3201,'quam pede lobortis ligula sit','morbi',2,'integer aliquet massa id lobortis',522,241),(3202,'non mi integer','curabitur',3,'pretium iaculis justo',444,324),(3203,'nisl duis ac nibh fusce','praesent',4,'pede justo eu massa donec dapibus',998,2),(3204,'semper','ante',2,'non mattis',250,767),(3205,'turpis elementum','nulla mollis molestie lorem quisque',4,'augue',94,259),(3206,'sem mauris laoreet ut rhoncus','eros elementum',1,'amet sapien dignissim',74,360),(3207,'auctor sed tristique','quam a odio',2,'sociis natoque',653,691),(3208,'ante','eu est congue',2,'quam sapien varius ut blandit non interdum in ante',968,339),(3209,'lobortis','luctus et',2,'quam a odio in hac habitasse platea dictumst maecenas',474,535),(3210,'justo in blandit ultrices','congue risus semper porta',1,'venenatis turpis enim blandit mi in porttitor',374,819),(3211,'etiam pretium','at turpis donec posuere metus',5,'odio',458,293),(3212,'montes','lacus at velit vivamus',5,'leo odio porttitor id consequat',596,943),(3213,'sit amet turpis elementum','mauris ullamcorper purus sit amet',5,'eu sapien cursus',556,762),(3214,'proin eu mi nulla','pellentesque ultrices',3,'sed nisl nunc rhoncus dui',126,39),(3215,'mauris viverra diam vitae quam','ut nulla sed accumsan felis',4,'in magna bibendum imperdiet nullam',350,16),(3216,'convallis nunc proin at turpis','amet eros suspendisse',4,'at lorem integer',666,254),(3217,'ligula vehicula consequat','duis bibendum felis',3,'platea dictumst etiam faucibus cursus urna ut tellus nulla',294,222),(3218,'nisl nunc','eu mi',2,'ac',842,393),(3219,'lorem integer tincidunt','in',5,'a suscipit nulla elit ac nulla sed vel',733,551),(3220,'nulla pede ullamcorper augue a','est quam pharetra magna ac',5,'ut nunc vestibulum ante ipsum primis in faucibus',304,62),(3221,'tortor sollicitudin mi','ut suscipit a feugiat',5,'turpis adipiscing lorem vitae mattis nibh ligula nec',771,258),(3222,'praesent','nulla facilisi cras non velit',2,'felis sed',421,312),(3223,'arcu','eros viverra eget congue eget',4,'luctus et ultrices posuere cubilia',417,167),(3224,'leo pellentesque ultrices mattis','dolor',2,'ultrices mattis',30,344),(3225,'nisl nunc nisl duis','dui proin',1,'fusce consequat nulla nisl nunc',331,249),(3226,'ac consequat metus sapien','consectetuer eget',1,'ac',316,560),(3227,'ac','vel lectus in',4,'dapibus nulla suscipit ligula in lacus',906,172),(3228,'hac','interdum mauris',5,'nisi vulputate nonummy',646,96),(3229,'posuere cubilia','lorem vitae mattis',5,'tellus nulla ut erat id mauris vulputate elementum nullam',864,846),(3230,'nulla','molestie',3,'eu interdum eu tincidunt in leo',687,998),(3231,'non quam nec dui luctus','justo nec condimentum neque',5,'cursus vestibulum proin eu mi nulla ac enim in',65,447),(3232,'cursus','sollicitudin vitae consectetuer',1,'tincidunt in leo maecenas pulvinar lobortis est',487,986),(3233,'non interdum','commodo placerat praesent blandit nam',1,'odio',532,928),(3234,'quam suspendisse potenti nullam porttitor','pede morbi porttitor',1,'sed ante vivamus tortor duis mattis',922,531),(3235,'metus sapien','interdum',1,'ut massa',215,226),(3236,'mi','posuere',2,'erat fermentum',628,297),(3237,'pretium nisl','eget elit',4,'feugiat non pretium',293,103),(3238,'pede','est et tempus semper est',3,'mi in',858,987),(3239,'ut volutpat','a odio in',3,'eget massa tempor convallis nulla neque',188,993),(3240,'justo eu','natoque',5,'rhoncus mauris enim leo rhoncus sed',612,207),(3241,'lectus in quam fringilla rhoncus','mi integer ac neque duis',2,'magna vulputate luctus cum sociis natoque penatibus et magnis',70,265),(3242,'congue','vulputate elementum nullam',4,'pulvinar nulla pede ullamcorper',566,957),(3243,'congue etiam justo etiam pretium','congue diam id ornare imperdiet',5,'turpis enim blandit mi in',398,773),(3244,'sed','nullam molestie nibh',3,'morbi a ipsum integer a',389,778),(3245,'curae nulla dapibus dolor vel','quis',1,'id pretium',864,59),(3246,'luctus et ultrices','integer ac',2,'eleifend quam a odio in hac',552,139),(3247,'ultrices mattis odio','sapien placerat',4,'id lobortis convallis',700,654),(3248,'neque','aenean lectus pellentesque',1,'tincidunt',28,440),(3249,'curabitur','integer a nibh in quis',2,'venenatis tristique',956,710),(3250,'eget semper rutrum','ante',2,'donec ut mauris eget massa tempor convallis',867,390),(3251,'a nibh','primis in faucibus orci',5,'urna ut tellus',338,25),(3252,'bibendum felis sed interdum venenatis','dictumst morbi vestibulum velit',5,'duis',184,554),(3253,'interdum mauris','tempus',5,'in leo maecenas',179,702),(3254,'quisque arcu libero','ac diam cras',5,'ultrices posuere cubilia curae donec pharetra magna',678,252),(3255,'in','augue vel',3,'vivamus vel',905,94),(3256,'vivamus metus arcu','leo pellentesque ultrices',5,'amet sapien dignissim',199,568),(3257,'at ipsum ac tellus semper','consequat dui',3,'pellentesque eget nunc donec quis orci eget orci vehicula',51,458),(3258,'sed magna','faucibus orci',2,'congue elementum in hac habitasse',881,754),(3259,'blandit lacinia erat vestibulum','phasellus',1,'dolor sit amet consectetuer adipiscing elit',509,56),(3260,'purus aliquet at','volutpat erat quisque erat',2,'aliquam lacus morbi quis tortor id nulla',88,749),(3261,'nullam sit amet turpis','orci luctus et',2,'sit amet diam in magna bibendum imperdiet nullam',146,717),(3262,'vel','dictumst',1,'vel',232,136),(3263,'non sodales sed','at turpis donec posuere',2,'nunc rhoncus',966,444),(3264,'at','lectus',5,'molestie',525,817),(3265,'libero convallis','morbi',3,'imperdiet',856,702),(3266,'in','justo in blandit ultrices enim',1,'a suscipit nulla elit ac nulla sed vel enim',994,471),(3267,'in hac','nulla ac enim in',3,'lectus suspendisse potenti in',588,255),(3268,'ipsum','suscipit ligula in',2,'aliquet massa id',160,171),(3269,'nibh fusce lacus purus aliquet','aliquam',5,'augue aliquam erat volutpat in congue etiam',971,270),(3270,'quis libero nullam sit amet','turpis donec posuere metus vitae',4,'vel sem sed',261,977),(3271,'libero rutrum','dui',1,'nisi at nibh in hac habitasse platea',809,269),(3272,'erat fermentum','morbi vestibulum',4,'amet justo',623,959),(3273,'et','quis justo maecenas',3,'ligula suspendisse ornare consequat lectus in est risus auctor',756,206),(3274,'mattis egestas metus','lorem ipsum dolor',5,'auctor sed tristique in tempus sit amet',885,688),(3275,'nisi vulputate nonummy maecenas tincidunt','suspendisse potenti nullam porttitor',5,'et ultrices',62,988),(3276,'odio','non ligula pellentesque ultrices',2,'dui nec nisi volutpat',826,589),(3277,'est et tempus semper est','vestibulum sed magna',1,'nunc purus phasellus in felis',396,354),(3278,'integer non velit donec','pharetra magna',3,'diam',510,892),(3279,'ac nulla','mauris viverra diam vitae',2,'venenatis non',339,412),(3280,'nonummy','turpis sed ante',5,'sed tristique in tempus sit amet',718,743),(3281,'faucibus orci luctus et ultrices','bibendum',1,'dui vel nisl duis ac nibh fusce lacus',757,885),(3282,'volutpat convallis','duis consequat',2,'vel enim sit amet nunc viverra dapibus nulla suscipit',553,944),(3283,'ultrices vel','erat curabitur gravida nisi at',1,'augue a suscipit nulla elit ac nulla',846,391),(3284,'non','tempor',2,'at nunc commodo placerat praesent blandit',546,335),(3285,'neque sapien','dictumst morbi',2,'est congue elementum in hac habitasse platea',646,707),(3286,'pede morbi porttitor lorem','pede posuere nonummy integer non',4,'elit sodales scelerisque mauris sit amet eros suspendisse accumsan',565,155),(3287,'non interdum','sed ante',5,'laoreet ut rhoncus aliquet',204,206),(3288,'blandit lacinia erat','ut',2,'proin at turpis a pede posuere nonummy',691,379),(3289,'in felis eu','morbi odio odio elementum',5,'nisi venenatis tristique fusce congue diam',741,972),(3290,'vivamus vestibulum sagittis','lectus aliquam sit',5,'lacus morbi quis tortor id nulla ultrices aliquet',596,923),(3291,'lacus morbi','integer tincidunt ante',1,'rutrum nulla tellus in',57,426),(3292,'duis at velit','morbi vestibulum velit id',4,'morbi odio odio elementum eu interdum eu tincidunt in',74,932),(3293,'augue quam','vel',3,'vestibulum aliquet ultrices erat tortor sollicitudin',767,164),(3294,'in','luctus',2,'sapien a libero nam dui',585,5),(3295,'integer','vestibulum ac est lacinia nisi',5,'consequat varius integer ac leo',473,249),(3296,'vulputate luctus cum','fusce posuere',1,'ipsum primis in faucibus',473,615),(3297,'tempus vel pede','ac est',3,'sem praesent',920,273),(3298,'maecenas ut massa quis','mattis odio donec vitae nisi',1,'ut odio cras mi pede malesuada in',795,85),(3299,'amet justo morbi ut odio','quam pharetra magna ac consequat',3,'mauris vulputate elementum nullam varius nulla facilisi cras',371,747),(3300,'dolor sit amet consectetuer','dui',3,'convallis nunc proin at turpis a pede posuere nonummy',555,151),(3301,'velit donec diam','est',3,'montes nascetur ridiculus mus vivamus vestibulum sagittis sapien',357,591),(3302,'erat','id consequat',4,'ante ipsum',235,110);
/*!40000 ALTER TABLE `отзывы` ENABLE KEYS */;
UNLOCK TABLES;

--
-- Table structure for table `параметры_шин`
--

DROP TABLE IF EXISTS `параметры_шин`;
/*!40101 SET @saved_cs_client     = @@character_set_client */;
/*!50503 SET character_set_client = utf8mb4 */;
CREATE TABLE `параметры_шин` (
  `id_параметров` int NOT NULL AUTO_INCREMENT,
  `диаметр` varchar(45) NOT NULL,
  `ширина` varchar(45) NOT NULL,
  `высота` varchar(45) NOT NULL,
  PRIMARY KEY (`id_параметров`)
) ENGINE=InnoDB AUTO_INCREMENT=20 DEFAULT CHARSET=utf8mb4 COLLATE=utf8mb4_0900_ai_ci;
/*!40101 SET character_set_client = @saved_cs_client */;

--
-- Dumping data for table `параметры_шин`
--

LOCK TABLES `параметры_шин` WRITE;
/*!40000 ALTER TABLE `параметры_шин` DISABLE KEYS */;
INSERT INTO `параметры_шин` VALUES (1,'13','65','175'),(2,'13','60','185'),(3,'13','55','195'),(4,'13','50','205'),(5,'13','45','175'),(6,'13','40','185'),(7,'14','60','175'),(8,'14','55','185'),(9,'14','50','195'),(10,'14','45','205'),(11,'15','40','185'),(12,'15','55','195'),(13,'15','50','185'),(14,'16','45','195'),(15,'16','40','205'),(16,'16','32','205'),(17,'17','45','185'),(18,'17','40','195'),(19,'17','32','205');
/*!40000 ALTER TABLE `параметры_шин` ENABLE KEYS */;
UNLOCK TABLES;

--
-- Table structure for table `покупатель`
--

DROP TABLE IF EXISTS `покупатель`;
/*!40101 SET @saved_cs_client     = @@character_set_client */;
/*!50503 SET character_set_client = utf8mb4 */;
CREATE TABLE `покупатель` (
  `id_buyer` int NOT NULL AUTO_INCREMENT,
  `FIO` varchar(60) NOT NULL,
  `telephone` varchar(40) NOT NULL,
  PRIMARY KEY (`id_buyer`)
) ENGINE=InnoDB AUTO_INCREMENT=2024 DEFAULT CHARSET=utf8mb4 COLLATE=utf8mb4_0900_ai_ci;
/*!40101 SET character_set_client = @saved_cs_client */;

--
-- Dumping data for table `покупатель`
--

LOCK TABLES `покупатель` WRITE;
/*!40000 ALTER TABLE `покупатель` DISABLE KEYS */;
INSERT INTO `покупатель` VALUES (1,'Фролов Кондратий Авдеевич','79878972005'),(2,'Кисельев Андрей Петрович','79615574081'),(3,'Захаров Владислав Степанович','79138866898'),(4,'Козин Кирилл Сергеевич','79135839459'),(5,'Дмитриев Михаил Миронович','79729594076'),(6,'Дмитриев Михаил Миронович','79729594076'),(7,'Пономарев Даниил Михайлович','79724154062'),(8,'Nicky Baggiani','173-898-6536\r'),(9,'Kelsey Breche','706-260-4973\r'),(10,'Bobbee Vigurs','619-110-6309\r'),(11,'Leonie McGettigan','954-613-3638\r'),(12,'Chelsey Doog','579-670-3541\r'),(13,'Waring Lindeman','601-590-9686\r'),(14,'Kristel Littlemore','554-612-6283\r'),(15,'Roscoe Cayle','873-854-3064\r'),(16,'Penn Klimko','231-247-3059\r'),(17,'Jayme Caze','202-408-5632\r'),(18,'Faustine Vidgen','322-731-8209\r'),(19,'Stefania Ysson','478-270-4779\r'),(20,'Celia Le Prevost','723-533-3669\r'),(21,'Pren Dumbrill','705-333-8052\r'),(22,'Gaston Baldassi','360-299-7915\r'),(23,'Gaby Beautyman','199-583-9072\r'),(24,'Gayle Bellringer','422-368-3664\r'),(25,'Maryjane McPeeters','314-231-6269\r'),(26,'Danyelle Wellesley','417-287-2725\r'),(27,'Robin Newport','942-708-2559\r'),(28,'Archibaldo Lapwood','690-658-5328\r'),(29,'Hillard Wrankling','944-556-6613\r'),(30,'Cyndy Chaudhry','980-126-4642\r'),(31,'Fionnula Heape','162-179-5923\r'),(32,'Lee Orbine','770-427-6729\r'),(33,'Kerrie Baleine','442-906-5910\r'),(34,'Fabian Reilingen','643-166-6927\r'),(35,'Thea Mithun','709-384-4923\r'),(36,'Trip Hartridge','553-845-3800\r'),(37,'Cristal McTeer','500-931-3559\r'),(38,'Zitella Moffet','677-355-4208\r'),(39,'Joe Dorgon','331-990-0518\r'),(40,'Ulises Tall','660-259-0746\r'),(41,'Gay Epperson','916-536-3746\r'),(42,'Timmie Ferriere','216-741-5662\r'),(43,'Shelley Cator','899-535-7357\r'),(44,'Jeffrey Mattock','820-913-6418\r'),(45,'Latisha Lamplugh','303-553-7264\r'),(46,'Darelle Wynch','223-346-7573\r'),(47,'Jeannie Resun','382-955-6718\r'),(48,'Tudor Ellsom','388-798-1851\r'),(49,'Arabella Debell','241-698-3756\r'),(50,'Spenser Dilrew','131-589-9490\r'),(51,'Torie Davson','686-133-2927\r'),(52,'Barb Krienke','516-127-9046\r'),(53,'Thayne Berzons','671-604-7837\r'),(54,'Lisha Rayhill','294-480-0407\r'),(55,'Gustave Carlow','158-309-6622\r'),(56,'Kingsley Brafield','386-463-1501\r'),(57,'Odette Caldero','916-652-7191\r'),(58,'Rosalie Wheater','923-901-1956\r'),(59,'Obidiah Abbot','601-962-3078\r'),(60,'Say Lurriman','733-451-1159\r'),(61,'Fanni Brinkley','558-322-3516\r'),(62,'Napoleon Kilmurray','640-238-7832\r'),(63,'Delores Reolfi','122-530-1668\r'),(64,'Zelma Langlois','628-459-5790\r'),(65,'Tanya Yesenev','795-912-8376\r'),(66,'Moselle Axel','493-964-4134\r'),(67,'Myrvyn Doel','224-861-3646\r'),(68,'Wini Redman','187-111-2674\r'),(69,'Kaila Danev','843-727-6608\r'),(70,'Brunhilda Bothwell','171-898-5304\r'),(71,'Ange Antusch','395-684-5909\r'),(72,'Abbott Drought','304-846-6118\r'),(73,'Emiline Hirschmann','746-204-3514\r'),(74,'Corrinne Fawloe','196-499-7319\r'),(75,'Godard Stockdale','375-881-2483\r'),(76,'Ralph Malatalant','171-136-8556\r'),(77,'Lorain Middell','517-871-9046\r'),(78,'Grant Bygraves','127-422-2251\r'),(79,'Liliane Nolli','477-619-6782\r'),(80,'Nicolais Gerram','393-374-8313\r'),(81,'Mabel Black','305-144-3917\r'),(82,'Twyla Tant','472-865-1206\r'),(83,'Bear Belchambers','666-758-3562\r'),(84,'Hall Hoogendorp','507-243-5920\r'),(85,'Ephrayim Preddle','530-503-5841\r'),(86,'Kelley Winter','701-488-4559\r'),(87,'Patrizio Atterbury','554-818-1928\r'),(88,'Henriette McCreadie','461-249-0162\r'),(89,'Danette Parley','900-982-9913\r'),(90,'Tova Heintsch','970-190-9210\r'),(91,'Denys Brandassi','563-178-8885\r'),(92,'Bernardina Crimes','751-263-2521\r'),(93,'Debbie Boud','400-361-1604\r'),(94,'Jobina Switsur','751-534-3855\r'),(95,'Teodoro Lissenden','593-545-2665\r'),(96,'Alene Mulcahy','689-520-0888\r'),(97,'Mariann Redwood','540-693-3408\r'),(98,'Jessika Grosier','444-308-3145\r'),(99,'Felicity Haglinton','749-289-8868\r'),(100,'Felice Gumley','329-169-9459\r'),(101,'Bee Huddleston','586-792-2951\r'),(102,'Bartel Cacacie','676-466-4469\r'),(103,'Ludwig Etherton','302-778-5638\r'),(104,'Barny Minchinden','474-189-7604\r'),(105,'Christoph Masding','997-206-7635\r'),(106,'Dexter Delooze','894-679-2582\r'),(107,'Eryn Courtney','343-740-6349\r'),(108,'Riley Fidgin','595-186-0966\r'),(109,'Archy Bullent','659-467-7806\r'),(110,'Sorcha Orts','822-944-1344\r'),(111,'Evelyn Maro','106-957-2558\r'),(112,'Ashely Gleeson','481-429-2255\r'),(113,'Bernardine Belone','417-962-6370\r'),(114,'Bendite Finlaison','514-272-0679\r'),(115,'Gwen Leaning','768-844-4081\r'),(116,'Jorry Laminman','743-449-5013\r'),(117,'Mellisa MacAloren','956-638-0519\r'),(118,'Lockwood Pepall','378-799-9749\r'),(119,'Nanine Bootman','663-447-6180\r'),(120,'Nevsa Eddowis','302-865-1174\r'),(121,'Corabelle Fireman','239-675-0719\r'),(122,'Katy Jerosch','485-323-8927\r'),(123,'Bryn Searson','582-256-6527\r'),(124,'Elizabeth Squibbes','125-541-1653\r'),(125,'Beale Knightsbridge','284-455-8913\r'),(126,'Brendon Pannett','772-376-7593\r'),(127,'Merrie Pidgeley','978-297-7403\r'),(128,'Kinny Labrone','259-194-8608\r'),(129,'Randi Leavens','660-590-5947\r'),(130,'Baily Carlin','322-387-0288\r'),(131,'Cristabel Brough','975-626-7471\r'),(132,'Estrella Castiello','101-448-5468\r'),(133,'Blithe Webermann','654-596-4184\r'),(134,'Jeffy Mulqueen','666-478-7037\r'),(135,'Reinaldo Esgate','390-486-9984\r'),(136,'Ced Foxall','426-403-9769\r'),(137,'Jamil Lewis','293-557-2459\r'),(138,'Archie Purdie','755-479-8990\r'),(139,'Catie Snellman','483-335-5843\r'),(140,'Ambrosi Mufford','982-522-5111\r'),(141,'Leo Acory','919-771-6945\r'),(142,'Merrel Toynbee','676-883-8734\r'),(143,'Reinold Laroux','529-904-4934\r'),(144,'Magnum Vossing','714-153-0064\r'),(145,'Gill Brocking','186-574-7531\r'),(146,'Lynnette Pardon','707-449-8879\r'),(147,'Gothart Treneer','242-969-5075\r'),(148,'Kurtis Care','955-740-9538\r'),(149,'Sebastiano Ritelli','632-780-6976\r'),(150,'Noe Kevane','747-170-4549\r'),(151,'Annora Barton','567-531-6214\r'),(152,'Ignaz Skeels','787-505-6440\r'),(153,'Ciel Bernath','638-709-9899\r'),(154,'Felicity Sculpher','504-563-7851\r'),(155,'Bradley Guesford','603-146-7317\r'),(156,'Kristos Beckmann','578-198-5948\r'),(157,'Lenka Kildahl','818-369-8405\r'),(158,'Pollyanna Nortunen','959-389-2475\r'),(159,'Bordy Titterington','480-588-8698\r'),(160,'Pancho Aldin','220-274-7465\r'),(161,'Saul Rennolds','478-824-6599\r'),(162,'Lida Jurczyk','506-162-4146\r'),(163,'Flossi Sampson','626-246-0439\r'),(164,'Dulcy Farfalameev','258-737-2799\r'),(165,'Brucie Brundell','944-724-5724\r'),(166,'Berny O\'Luney','307-897-3262\r'),(167,'Dallas O\'Nowlan','353-325-6228\r'),(168,'Daphna Jina','223-253-5613\r'),(169,'Fey Britt','160-600-8018\r'),(170,'Rheta Grant','544-301-4691\r'),(171,'Elora Jays','699-655-5887\r'),(172,'Mason Feehan','301-490-3960\r'),(173,'Andreas Adkins','831-271-7661\r'),(174,'Dennison Lyptrit','851-122-4204\r'),(175,'Andrea Lilliman','691-926-9956\r'),(176,'Josie Ferrotti','616-156-7363\r'),(177,'Karry Camerello','481-164-2275\r'),(178,'Flossi Darth','111-778-5343\r'),(179,'Mel De la Harpe','201-971-5360\r'),(180,'Alanna Stears','256-233-3950\r'),(181,'Rhona Cattrell','643-814-7203\r'),(182,'Harlene Crosfield','425-635-3938\r'),(183,'Fianna Harris','492-265-1284\r'),(184,'Amberly Norkutt','747-386-3920\r'),(185,'Winny Barkley','924-901-3984\r'),(186,'Hi Loffill','664-781-8062\r'),(187,'Alvina Balmer','400-536-8668\r'),(188,'Armstrong Drohane','894-924-7161\r'),(189,'Gianina Shipp','514-890-7389\r'),(190,'Trumaine Kirwan','870-877-8944\r'),(191,'Clarie Wenderott','704-317-6415\r'),(192,'Masha Slite','736-361-3937\r'),(193,'Kessiah Boyan','943-505-8505\r'),(194,'Gisela Clawley','872-576-1336\r'),(195,'Aymer Slatten','973-945-5720\r'),(196,'Dasi Elleyne','263-599-6943\r'),(197,'Penrod Nutton','587-908-1921\r'),(198,'Emylee Cline','297-370-1400\r'),(199,'Meggi Robion','935-471-2960\r'),(200,'Katrina Kittoe','127-712-7189\r'),(201,'Keelia Joscelin','117-310-9131\r'),(202,'Nil Aronstein','186-718-4810\r'),(203,'Madelle Cescon','902-642-3845\r'),(204,'Andriana Redmore','142-105-1557\r'),(205,'Stavro Ludee','964-467-7454\r'),(206,'Worthy MacTrustey','955-795-7653\r'),(207,'Norton Deignan','744-781-1747\r'),(208,'Averell Brandone','330-318-5500\r'),(209,'Stacia Botham','214-334-5102\r'),(210,'Alaine Clamp','501-717-2020\r'),(211,'Nicol Hansard','276-907-9661\r'),(212,'Mead Gouldsmith','589-176-9958\r'),(213,'Lauralee Bauman','349-835-4622\r'),(214,'Laurene Currell','490-476-5811\r'),(215,'Daryle Speek','270-311-1943\r'),(216,'Johnathan Strauss','688-611-4156\r'),(217,'Bobby Dysert','232-688-5696\r'),(218,'Upton Marsy','571-222-3241\r'),(219,'Arda Cattlow','785-159-5478\r'),(220,'Terza Insoll','879-342-9844\r'),(221,'Elyse Myderscough','245-454-7628\r'),(222,'Tedman Seacombe','658-416-7681\r'),(223,'Edmon O\'Cahey','525-487-5690\r'),(224,'Mart MacMillan','388-613-3565\r'),(225,'Janetta Lambeth','699-582-6610\r'),(226,'Bobina Kullmann','720-211-3573\r'),(227,'Nickolaus Forri','251-616-3669\r'),(228,'Noni Izakof','783-269-7815\r'),(229,'Amil Schwant','141-585-9487\r'),(230,'Chadd Eberts','368-433-7874\r'),(231,'Ibbie Hail','565-821-1494\r'),(232,'Tom Kleinmintz','940-322-2816\r'),(233,'Coleen Addicote','550-558-2876\r'),(234,'Elsie Baxstair','253-899-9842\r'),(235,'Christine Lawrence','365-336-4064\r'),(236,'Darryl Rumke','664-604-7417\r'),(237,'Ethel Tredget','513-531-2081\r'),(238,'Cesaro Syvret','297-866-5973\r'),(239,'Gunther Perle','159-245-9912\r'),(240,'Daniel Brinkman','684-804-5656\r'),(241,'Arvy Skillitt','369-535-3595\r'),(242,'Valera Cowser','481-886-0158\r'),(243,'Tulley Roney','546-850-8746\r'),(244,'Antony Fourman','511-548-0702\r'),(245,'Baryram Betonia','523-274-2169\r'),(246,'Lauren Ellcock','382-325-3002\r'),(247,'Allen Marchington','422-339-2024\r'),(248,'Winslow Pote','570-193-4290\r'),(249,'Orelee Harpur','141-767-6027\r'),(250,'Talbot Hannant','987-334-2306\r'),(251,'Lynnette Rennebeck','733-706-6006\r'),(252,'Wanda Elfleet','187-492-4445\r'),(253,'Farlie Muneely','334-266-2654\r'),(254,'Jillene Caudell','716-685-3111\r'),(255,'Mersey Ranyard','646-638-2081\r'),(256,'Malissa Hayland','987-890-1384\r'),(257,'Marianne Colkett','537-930-1302\r'),(258,'Jerrylee Busby','156-834-9967\r'),(259,'Bowie Bigham','673-297-5095\r'),(260,'Elton Brauninger','614-387-6219\r'),(261,'Bent Hemphill','152-745-6016\r'),(262,'Saundra Leicester','293-813-2241\r'),(263,'Stace Vidler','792-412-9855\r'),(264,'Timmy Biddy','106-980-0708\r'),(265,'Dewie Hickford','693-504-3414\r'),(266,'Webb Goodfield','310-926-0609\r'),(267,'Kasper Berceros','349-155-0269\r'),(268,'Ulric Binnall','142-436-8600\r'),(269,'Godart Briereton','291-258-6173\r'),(270,'Chrisse Hoffmann','220-199-9321\r'),(271,'Madlen Gartshore','154-884-7686\r'),(272,'Darbie Vignaux','737-738-5799\r'),(273,'Joshuah Farquar','639-625-6455\r'),(274,'Emmalee Rothchild','503-158-7276\r'),(275,'Hugh Stilliard','915-941-6219\r'),(276,'Florina Streak','906-865-0689\r'),(277,'Isac Longden','969-105-0708\r'),(278,'Estel Tilling','285-421-3286\r'),(279,'Brandy Dunstall','873-327-0918\r'),(280,'Kenon Murrow','922-402-7642\r'),(281,'Staford Bridgwood','242-507-4914\r'),(282,'Gunner Mulheron','896-119-1684\r'),(283,'Jorrie Vaggs','743-943-6818\r'),(284,'Sharla Grinyer','482-857-0575\r'),(285,'Lian MacCallam','341-543-4475\r'),(286,'Eustacia Wayon','510-567-3093\r'),(287,'Maurie Napolione','193-328-1070\r'),(288,'Pieter Alvar','388-311-6399\r'),(289,'Arielle Labrenz','701-502-9805\r'),(290,'Salomon Szymonwicz','696-799-7990\r'),(291,'Gordie Weldrick','707-793-6335\r'),(292,'Adolphe De Ferrari','187-804-9568\r'),(293,'Danyette Sharpin','746-165-6442\r'),(294,'Wallis Lawler','954-460-8148\r'),(295,'Franklin Hapke','367-137-5252\r'),(296,'Kristoffer Enrico','907-811-7649\r'),(297,'Moss Edess','825-956-1032\r'),(298,'Franciska Nares','365-375-9852\r'),(299,'Steffie Ankers','775-134-5242\r'),(300,'Jabez Mairs','691-708-3816\r'),(301,'Jacenta Slobom','649-435-0150\r'),(302,'Anastasie Blakeway','502-863-3078\r'),(303,'Aloysia Haville','602-429-3810\r'),(304,'Opaline Bernette','905-177-2121\r'),(305,'Harv Paschke','936-757-6988\r'),(306,'Hillary Rookledge','935-711-3149\r'),(307,'Grant Elwell','666-349-7856\r'),(308,'Lisha Jerger','275-865-3201\r'),(309,'Myrta Iacabucci','827-156-4823\r'),(310,'Isahella Mailey','992-220-9031\r'),(311,'Porter Pring','510-266-1321\r'),(312,'Muire Commucci','504-468-6761\r'),(313,'Astra Pescud','433-957-4399\r'),(314,'Samaria Goward','485-413-8679\r'),(315,'Carole Norheny','713-613-5904\r'),(316,'Clemmie Riceards','902-820-5941\r'),(317,'Adolphe Kempster','940-513-9130\r'),(318,'Robbert Benedyktowicz','185-113-2061\r'),(319,'Aloin Danbury','708-515-2743\r'),(320,'Fairleigh Henrichs','507-214-9797\r'),(321,'Danielle Bogue','520-279-0243\r'),(322,'Mile Seebright','710-506-0245\r'),(323,'Corella Conisbee','105-680-3764\r'),(324,'Katy Coltart','477-554-3880\r'),(325,'Ikey Scroggie','176-550-1558\r'),(326,'Emerson Gerraty','614-729-2314\r'),(327,'Eolande Sprade','360-340-4006\r'),(328,'Harlin Swaton','770-591-7914\r'),(329,'Gianina Wixey','745-835-5869\r'),(330,'Lillis Buckthorpe','133-844-8195\r'),(331,'Danny Ransome','612-489-8441\r'),(332,'Nathaniel Keiley','779-966-1828\r'),(333,'Karissa Trubshaw','461-446-5835\r'),(334,'Stormie Priest','618-178-7701\r'),(335,'Guillema Rame','631-856-3030\r'),(336,'Ashton Cadd','223-599-5307\r'),(337,'Rahel Aspell','753-411-7441\r'),(338,'Ashely Niven','293-884-6507\r'),(339,'Willetta Fryers','134-112-3142\r'),(340,'Melonie Jurczak','776-477-8995\r'),(341,'Nahum Chimes','674-861-8312\r'),(342,'Charita Lombardo','757-669-5924\r'),(343,'Carie Troake','370-114-2256\r'),(344,'Carr Cranmor','958-330-3042\r'),(345,'Catina Joel','911-853-9052\r'),(346,'Bernard Hallstone','134-378-5826\r'),(347,'Larissa Lamb-shine','272-765-2693\r'),(348,'Morton Sheldrake','166-337-5667\r'),(349,'Constancy Probets','882-477-0399\r'),(350,'Madelin Preto','588-325-4077\r'),(351,'Willard Gepp','285-124-9090\r'),(352,'Florance Fynes','399-795-8407\r'),(353,'Annette Hancox','149-373-2629\r'),(354,'Arney Ogger','665-608-8745\r'),(355,'Brittne Sprigin','323-521-2597\r'),(356,'Marcy Oen','931-264-6238\r'),(357,'Luci Fortey','229-692-6617\r'),(358,'Nannette Driver','537-938-9824\r'),(359,'Trixie Hammerberger','873-688-3226\r'),(360,'Hildy Ker','618-851-5820\r'),(361,'Vi Archell','276-483-8835\r'),(362,'Carr Lofthouse','118-397-8067\r'),(363,'Dennie Eudall','123-981-6453\r'),(364,'Katha Jent','495-898-1930\r'),(365,'Jeralee Beauly','247-949-5425\r'),(366,'Lori Bloxam','401-567-3167\r'),(367,'Theo Spiniello','595-623-8270\r'),(368,'Gabrielle Barthelemy','213-206-0856\r'),(369,'Shae Holdin','905-674-5110\r'),(370,'Ollie Balnave','402-828-7167\r'),(371,'Jessika Pistol','837-611-5427\r'),(372,'Hew Childrens','638-149-7769\r'),(373,'Eleanora Burchill','915-823-8445\r'),(374,'Zachery Daglish','716-712-6658\r'),(375,'Bill Manshaw','587-111-3780\r'),(376,'Aigneis Dumbleton','168-536-6460\r'),(377,'Alfy Clutram','403-467-5054\r'),(378,'Lowrance Dogg','292-695-3591\r'),(379,'Deb Perton','559-490-3555\r'),(380,'Levon Lambart','494-837-3519\r'),(381,'Corey Shelliday','548-778-1868\r'),(382,'Elianore Dalziel','428-433-1181\r'),(383,'Mason Szymonowicz','502-294-2917\r'),(384,'Elfreda Foux','825-318-1638\r'),(385,'Avrom Arthey','607-527-2587\r'),(386,'Paquito McCraw','304-855-5524\r'),(387,'Gasper Aspin','544-926-2052\r'),(388,'Rudd Moston','865-817-3172\r'),(389,'Aggi Drayton','772-710-8928\r'),(390,'Lauryn Sollowaye','732-994-0958\r'),(391,'Raeann Haliburn','567-520-3123\r'),(392,'Briant Enright','602-791-0069\r'),(393,'Haven Slane','336-439-4580\r'),(394,'Clio Hovard','259-874-3651\r'),(395,'Romeo Corbould','523-179-7194\r'),(396,'Prent Shingler','487-762-8400\r'),(397,'Arielle Stockall','904-591-4475\r'),(398,'Linoel Riccardi','430-377-2021\r'),(399,'Galvin Bainbridge','592-709-4673\r'),(400,'Nils Gavaran','578-691-8680\r'),(401,'Seka Straniero','111-499-5524\r'),(402,'Marieann Ridge','397-943-6273\r'),(403,'Shannah Bendley','250-654-9408\r'),(404,'Georgina Marien','126-459-4891\r'),(405,'Meta Godney','853-621-0126\r'),(406,'Giorgio MacPaden','821-665-4647\r'),(407,'Shana Hansom','900-641-1440\r'),(408,'Marchall Povele','723-849-8494\r'),(409,'Louie Killby','999-490-7398\r'),(410,'Boonie Crocroft','795-246-8724\r'),(411,'Silvester Scotson','420-133-5790\r'),(412,'Jard Dismore','228-297-7626\r'),(413,'Ina Hurles','449-381-3781\r'),(414,'Goober Sweeting','821-821-7441\r'),(415,'Reiko Ruddle','325-159-8969\r'),(416,'Hayden Meo','912-406-7183\r'),(417,'Flora Witul','348-841-3042\r'),(418,'Kristyn Gatheridge','402-336-3953\r'),(419,'Sharla Cheevers','878-500-7149\r'),(420,'Silvester Franca','576-326-3742\r'),(421,'Phaidra Lodewick','768-632-6611\r'),(422,'Margalo Galgey','766-886-0940\r'),(423,'Pippy Dieton','256-918-5774\r'),(424,'Ashlie Messiter','357-469-0239\r'),(425,'Nadine Cahen','655-440-8275\r'),(426,'Randa Becconsall','936-644-7949\r'),(427,'Cassi Ciric','808-245-7419\r'),(428,'Sarge Hullin','850-960-9775\r'),(429,'Goddard Rymmer','450-807-3243\r'),(430,'Viviyan Dekeyser','208-743-0205\r'),(431,'Odey D\'eath','119-415-4023\r'),(432,'Clint Salzburg','541-660-7572\r'),(433,'Leshia Lant','434-365-9942\r'),(434,'Peterus Burndred','984-618-8963\r'),(435,'Alleen Gantley','144-673-2164\r'),(436,'Travis Paige','703-467-2537\r'),(437,'Andriana Lithgow','157-849-8156\r'),(438,'Prudence Josebury','668-787-7403\r'),(439,'Norah Peggrem','517-783-6857\r'),(440,'Nettle Ferrini','808-226-7124\r'),(441,'Rainer Eighteen','974-808-5264\r'),(442,'Marysa Thorald','917-637-1846\r'),(443,'Ivory Ovize','798-754-9644\r'),(444,'Georgine Fassan','466-904-6660\r'),(445,'Nap Pantone','758-222-1906\r'),(446,'Bea Macenzy','171-966-8156\r'),(447,'Kayle Lampett','784-519-1849\r'),(448,'Rosa Grandham','234-852-1297\r'),(449,'Derward Cooley','714-948-1701\r'),(450,'Tilly Brideaux','425-323-9984\r'),(451,'Lynn Boyford','516-775-8359\r'),(452,'Dusty Estevez','742-473-6225\r'),(453,'Kellsie Loveitt','436-470-9279\r'),(454,'Koralle Coombe','938-686-2971\r'),(455,'Terry Ludlam','407-808-1732\r'),(456,'Terese Halliday','537-266-2543\r'),(457,'Stormi Renac','696-964-6321\r'),(458,'Saunderson Rooson','517-527-3324\r'),(459,'Rocky Engeham','613-211-6036\r'),(460,'Adler Sorby','708-977-8915\r'),(461,'Shaun Abrahamson','655-488-2644\r'),(462,'Othello MacTrustrie','678-936-1792\r'),(463,'Fabio Maryon','749-628-7386\r'),(464,'Bill Merredy','770-213-8818\r'),(465,'Nell Pulfer','362-426-7579\r'),(466,'Roslyn Gillaspy','105-382-3106\r'),(467,'Melody Merrick','536-722-2167\r'),(468,'Darrick Dyson','635-682-4202\r'),(469,'My Mabon','852-112-0360\r'),(470,'Burke Muxworthy','648-878-7343\r'),(471,'Lynn Llewellen','641-334-0273\r'),(472,'Tammie Planks','238-700-1049\r'),(473,'Kevina Houlison','596-854-4120\r'),(474,'Franny Cristofanini','233-133-6874\r'),(475,'Amanda Chatres','170-762-6050\r'),(476,'Corbet Linfoot','475-359-2490\r'),(477,'Klarika Yewman','258-992-0350\r'),(478,'Bianca Helix','362-633-5097\r'),(479,'Millisent Francklin','689-662-6535\r'),(480,'Corney Ondracek','198-137-3912\r'),(481,'Caz McKune','186-851-5341\r'),(482,'Ikey Agus','870-323-5226\r'),(483,'Aland Dudhill','964-483-3275\r'),(484,'Robin Malt','177-961-5173\r'),(485,'Eugenio Scruton','701-486-5482\r'),(486,'Uri Fullard','591-699-8137\r'),(487,'Bryana Tivolier','530-639-8783\r'),(488,'Clem Hechlin','464-969-3737\r'),(489,'Ileana Brookhouse','559-455-5778\r'),(490,'Florette Lambregts','917-374-7473\r'),(491,'Rosy Gruczka','773-383-3699\r'),(492,'Idell O\'Growgane','518-691-8443\r'),(493,'Meredeth Lydster','720-163-4746\r'),(494,'Delora Dartnall','867-911-1017\r'),(495,'Jervis Hanmer','342-156-7959\r'),(496,'Craggie Van Arsdall','249-728-5382\r'),(497,'Dalston Brakespear','189-448-4969\r'),(498,'Arlena Renison','392-611-9783\r'),(499,'Benjie Sergant','567-449-3081\r'),(500,'Fredrick MacTrusty','983-701-5991\r'),(501,'Beret Adshad','156-388-9107\r'),(502,'Jolee Klimt','372-176-2277\r'),(503,'Valerye Westmarland','130-165-3447\r'),(504,'Bastian Glowacha','388-460-2824\r'),(505,'Winston Hildred','604-304-6297\r'),(506,'Phillis Dossit','614-639-5696\r'),(507,'Nikkie Batho','145-653-2490\r'),(508,'Debera Horry','621-941-1105\r'),(509,'Kissiah Adshad','789-780-6123\r'),(510,'Colly Standen','222-770-6152\r'),(511,'Idaline Penticost','650-115-2857\r'),(512,'Cassi Jobbins','103-572-6596\r'),(513,'Sally Cutforth','393-305-0655\r'),(514,'Jacquelin Raine','546-854-0316\r'),(515,'Marney Gibbon','468-164-8070\r'),(516,'Wolf Morden','186-803-4750\r'),(517,'Joletta Glisenan','171-443-6266\r'),(518,'Tiffanie Affleck','447-878-5695\r'),(519,'Bette Hamlington','139-933-6964\r'),(520,'Ethan Pieterick','578-100-3866\r'),(521,'Adolpho Tribell','186-357-0286\r'),(522,'Pietra Esgate','852-204-9282\r'),(523,'Brigitte Lewty','432-140-0294\r'),(524,'Sawyere Foxhall','160-938-4464\r'),(525,'Ardelis Morford','399-643-6224\r'),(526,'Leonelle Aicheson','337-947-3871\r'),(527,'Celinka Kirckman','957-767-7940\r'),(528,'Brynna Daldry','649-258-5003\r'),(529,'Giacinta Alps','895-823-1790\r'),(530,'Clerkclaude Guilbert','900-711-2211\r'),(531,'Dimitri Arnholz','448-676-5350\r'),(532,'Kimmie Lartice','623-139-8299\r'),(533,'Cherey Witch','825-669-5780\r'),(534,'Steffen Skipp','563-258-9990\r'),(535,'Lea Mustchin','768-585-8699\r'),(536,'Federica Klammt','511-445-1568\r'),(537,'Becky Tolcharde','846-186-4027\r'),(538,'Rochette Buxsy','210-447-3721\r'),(539,'Eilis Olivella','910-877-5720\r'),(540,'Walton Gheraldi','488-497-6152\r'),(541,'Gabbi Antonomoli','376-497-8183\r'),(542,'Fanchette Chamley','922-342-9655\r'),(543,'Harmony Hunnybun','595-969-3784\r'),(544,'Raphael Lumox','570-827-1115\r'),(545,'Amata Boyson','696-913-6322\r'),(546,'Fidole Lindhe','317-178-5806\r'),(547,'Joanie Lorden','485-860-1838\r'),(548,'Edouard Duckfield','683-166-5138\r'),(549,'Ardyth Prinnett','794-193-8566\r'),(550,'Austina Dubery','679-650-2591\r'),(551,'Mathew Cafe','334-621-8003\r'),(552,'Kendal Jansey','538-479-9256\r'),(553,'Rockie Romi','146-620-5917\r'),(554,'Uta Gammett','324-753-9630\r'),(555,'Blayne Easdon','301-901-4751\r'),(556,'Austina MacIan','793-764-6785\r'),(557,'Joannes Eynaud','596-264-8942\r'),(558,'Basilius Martineau','641-557-7552\r'),(559,'Joseito Farahar','345-872-3133\r'),(560,'Cedric Look','743-319-9865\r'),(561,'Rhoda Dockerty','952-579-1161\r'),(562,'Austina Bramsom','322-625-2795\r'),(563,'Millard McIlwain','337-333-9723\r'),(564,'Marena Portress','314-975-4657\r'),(565,'Kasper Aronowicz','135-926-7073\r'),(566,'Amber Grcic','282-514-0019\r'),(567,'Noam Kaminski','604-326-3823\r'),(568,'Revkah Bowdon','197-430-5297\r'),(569,'Melonie Kenaway','641-862-6760\r'),(570,'Austina Norheny','967-950-1172\r'),(571,'Alexis De Ferraris','407-685-8710\r'),(572,'Rriocard Paladino','145-255-7564\r'),(573,'Dru Fearick','299-915-4222\r'),(574,'Josefa Goggan','682-727-0247\r'),(575,'Cherida Ranahan','895-188-0500\r'),(576,'Jodie Arpur','773-435-9685\r'),(577,'Tony Damper','360-810-3900\r'),(578,'Sheilah Davie','585-463-5428\r'),(579,'Jamesy Douthwaite','859-733-9138\r'),(580,'Leonid MacLeese','185-398-4465\r'),(581,'Terry Shellsheere','379-864-9184\r'),(582,'Brear Mellsop','333-100-6154\r'),(583,'Rena Frick','499-478-7080\r'),(584,'Elliott Mallan','773-338-4792\r'),(585,'Waylon Abarough','398-733-5259\r'),(586,'Sandro Murrells','215-358-0070\r'),(587,'Magdaia Gumbrell','872-842-3907\r'),(588,'Jessey Ashington','788-476-0221\r'),(589,'Grete Byard','176-827-3358\r'),(590,'Ariel Olenchikov','581-383-3754\r'),(591,'Diane-marie Robe','619-207-4099\r'),(592,'Viviene Secret','202-688-5314\r'),(593,'Rianon Berzen','306-681-4885\r'),(594,'Staffard Ivatts','927-519-0105\r'),(595,'Murry Sictornes','489-227-6498\r'),(596,'Feliks Arnout','621-744-2962\r'),(597,'Frayda Mullis','187-278-7217\r'),(598,'Decca Mendel','140-168-5515\r'),(599,'Levy Creedland','800-882-2804\r'),(600,'Creighton Peel','910-576-1442\r'),(601,'Gregorio Stoney','286-494-3260\r'),(602,'Kimberlee Bebis','700-626-0939\r'),(603,'Townsend Kinane','628-937-6922\r'),(604,'Quentin Rawlin','958-681-6887\r'),(605,'Bone Zipsell','426-742-6958\r'),(606,'Benedikta Quernel','291-629-9068\r'),(607,'Elianore Castellini','246-134-4550\r'),(608,'Jacquetta Toffolini','596-442-3186\r'),(609,'Baillie McCrackem','831-896-7691\r'),(610,'Alana Bernth','362-497-8013\r'),(611,'Baxter Trappe','241-719-0268\r'),(612,'Ennis Lelande','655-102-4819\r'),(613,'Bertha Feeny','882-551-4237\r'),(614,'Davie Rockcliffe','435-202-0251\r'),(615,'Andeee Gwyther','518-216-4842\r'),(616,'Pembroke Bagger','408-842-9114\r'),(617,'Monti Magee','336-462-6355\r'),(618,'Hubey Plitz','309-539-7489\r'),(619,'Perren Dudney','234-696-6653\r'),(620,'Lorita Brownsworth','693-118-3639\r'),(621,'Cam Snibson','405-985-7061\r'),(622,'Lorettalorna Vigurs','496-693-2694\r'),(623,'Alvira Siebart','842-800-7781\r'),(624,'Iorgos Trewett','553-992-6857\r'),(625,'Charline Dingsdale','705-159-6765\r'),(626,'Julianna Hambidge','540-902-4675\r'),(627,'Jehu Western','501-171-0209\r'),(628,'Niki Bonder','424-109-9958\r'),(629,'Batsheva Rogister','220-543-1382\r'),(630,'Connie Mackstead','754-385-0270\r'),(631,'Michele Beushaw','492-580-1783\r'),(632,'Tasia Rothwell','718-156-3885\r'),(633,'Jade Hachette','300-774-1490\r'),(634,'Devlin Burchall','362-754-2170\r'),(635,'Shirlee MacAleese','267-713-7956\r'),(636,'Bertrando Bearcock','357-133-2337\r'),(637,'Claudianus Peyes','822-897-1274\r'),(638,'Raven Skentelbury','452-692-8209\r'),(639,'Theo Whittock','577-585-7770\r'),(640,'Ozzy Murdoch','458-828-1775\r'),(641,'Immanuel Van der Beek','537-535-5610\r'),(642,'Bryant Whithorn','728-888-5439\r'),(643,'Gretna Fetherstan','677-988-4256\r'),(644,'Torr Ellen','679-782-6025\r'),(645,'Janene Gregoratti','276-195-3280\r'),(646,'Federico Gowrich','143-484-1027\r'),(647,'Merilyn Flieg','595-209-4671\r'),(648,'Dallon Slemmonds','793-192-2938\r'),(649,'Bianka Bernadzki','918-551-8637\r'),(650,'Rosalinda Lahiff','187-734-6984\r'),(651,'Elene Francillo','667-165-2012\r'),(652,'Merwin Wealthall','282-397-3683\r'),(653,'Sibelle Pretty','386-955-4713\r'),(654,'Abigail De Michetti','206-797-9573\r'),(655,'Shena Hachard','271-197-2307\r'),(656,'Nickie Walburn','261-608-8863\r'),(657,'Curtis Worrall','804-797-2629\r'),(658,'Tandy Willas','550-403-8269\r'),(659,'Seth Sommerville','583-590-7346\r'),(660,'Hermione Piggins','437-245-6016\r'),(661,'Borden Chaffin','699-127-2156\r'),(662,'Lorette Bevington','354-209-6268\r'),(663,'Malory Slocom','370-420-2458\r'),(664,'Dorolice Parzizek','663-964-0960\r'),(665,'Lissa Elcocks','616-713-8961\r'),(666,'Bennie Durrett','888-479-1382\r'),(667,'Hillyer Cowp','894-609-2952\r'),(668,'Ives Iozefovich','758-282-2868\r'),(669,'Zondra Poser','413-265-2235\r'),(670,'Gayelord Balchin','288-749-0508\r'),(671,'Rouvin Littlechild','513-566-0740\r'),(672,'Derry Aers','733-299-2374\r'),(673,'Natty Stonehouse','498-852-4228\r'),(674,'Osmond Ready','531-530-0332\r'),(675,'Tyler Chaize','468-497-5852\r'),(676,'Lurette Begin','596-528-9764\r'),(677,'Zia Whooley','561-270-2108\r'),(678,'Zebedee Fontes','187-256-9357\r'),(679,'Tessy Thrustle','495-916-0283\r'),(680,'Sukey Thrussell','306-438-9359\r'),(681,'Gavra Ivanaev','114-809-6101\r'),(682,'Jules Brunelli','251-164-3642\r'),(683,'Jordan Legion','395-463-7680\r'),(684,'Jessee Dubery','935-926-1625\r'),(685,'Myrwyn Flook','302-248-7652\r'),(686,'Angil Binding','616-650-7452\r'),(687,'Ronni McSwan','254-952-2262\r'),(688,'Rosene Lagde','573-635-5731\r'),(689,'Dino Botte','802-878-8656\r'),(690,'Raye Huke','618-577-1871\r'),(691,'Marshal Bullocke','534-857-5408\r'),(692,'Wynn Batt','799-330-3192\r'),(693,'Lira Paladini','684-690-4829\r'),(694,'Cissiee Purkess','525-138-7588\r'),(695,'Mela Van Driel','983-945-6647\r'),(696,'Eimile Copo','137-446-9731\r'),(697,'Cortney Humpherson','772-125-5387\r'),(698,'Pearl Aleavy','370-473-4364\r'),(699,'Chelsae Langham','464-304-5815\r'),(700,'Bernie Deackes','804-613-0607\r'),(701,'Aggy Longcaster','540-415-1966\r'),(702,'Bobby MacAlister','331-177-7942\r'),(703,'Read Weymont','491-311-2446\r'),(704,'Noellyn Crann','677-383-1152\r'),(705,'Dorry Vasile','132-399-1906\r'),(706,'Desmund Lorait','232-450-1056\r'),(707,'Gertrud Taw','931-947-6083\r'),(708,'Patience Scrivens','492-156-3970\r'),(709,'Gallard Dawidowitsch','333-395-2068\r'),(710,'Hestia Glasson','202-722-8697\r'),(711,'Odell Usherwood','439-955-6239\r'),(712,'Twyla Ivanikhin','192-475-3725\r'),(713,'Mattie Juden','389-480-9073\r'),(714,'Stevana Pudsey','960-380-4849\r'),(715,'Quill Juares','738-119-6159\r'),(716,'Corrina Squibbes','256-980-5823\r'),(717,'Idette MacGahey','240-371-0413\r'),(718,'Agretha Osipenko','205-893-5896\r'),(719,'Rufe Footitt','250-886-0581\r'),(720,'Earvin Baal','186-677-1967\r'),(721,'Fredi Easey','436-142-0414\r'),(722,'Sherlock Bernadon','553-111-3900\r'),(723,'Nikolaos Broggio','821-675-8560\r'),(724,'Lamond Conechie','570-644-5961\r'),(725,'Constance Dabrowski','815-320-8208\r'),(726,'Pincus Potteridge','467-767-9241\r'),(727,'Sheffy Shovlin','818-868-5843\r'),(728,'Alex Geyton','985-956-7997\r'),(729,'Emmy Plum','691-420-1213\r'),(730,'Anallise Addams','476-297-7969\r'),(731,'Hedi Gomery','303-485-0244\r'),(732,'Pet Spaldin','997-920-3716\r'),(733,'Constance Crone','566-391-6234\r'),(734,'Gaile Hyatt','743-477-2382\r'),(735,'Barney Choulerton','403-344-9276\r'),(736,'Toinette McWhan','832-350-6373\r'),(737,'Curcio Privost','731-560-5856\r'),(738,'Eleni Amorts','154-194-5458\r'),(739,'Faunie Goldine','390-958-1406\r'),(740,'Giffer Riddich','337-958-0013\r'),(741,'Guthrie Snel','303-280-8938\r'),(742,'Marcella Pettisall','248-671-3352\r'),(743,'Moyna Dowgill','135-801-2907\r'),(744,'Lexy Owttrim','964-615-2221\r'),(745,'Gussie Guerry','691-774-3925\r'),(746,'Dita Gianullo','811-651-6549\r'),(747,'Karissa Farenden','277-259-5577\r'),(748,'Cymbre Pallin','676-997-6425\r'),(749,'Creight Birdwhistell','183-926-8159\r'),(750,'Kirstyn Krinks','775-623-7694\r'),(751,'Gertrud Sagg','493-925-0647\r'),(752,'Patty Ingledow','158-255-1819\r'),(753,'Lief Tabourin','233-295-8033\r'),(754,'Neil Borge','543-591-5707\r'),(755,'Tony Langstone','972-237-0420\r'),(756,'Bourke Loads','665-495-7524\r'),(757,'Devon Trineman','789-646-4096\r'),(758,'Mary Pinches','209-670-4313\r'),(759,'Gaspard Caras','111-642-0998\r'),(760,'Ody Falkinder','685-675-5073\r'),(761,'Olly Posner','955-906-2030\r'),(762,'Irwin Corssen','280-534-3864\r'),(763,'Sibeal Braganca','184-488-3434\r'),(764,'Iona Stroton','777-431-1802\r'),(765,'Lila Illsley','669-785-7641\r'),(766,'Juliet MacAnespie','847-248-5059\r'),(767,'Reube Phillips','835-578-1385\r'),(768,'Panchito Legat','137-799-7216\r'),(769,'Bobina Rassell','623-226-4055\r'),(770,'Bambie Hegarty','587-164-1571\r'),(771,'Terri Haddleton','444-284-4885\r'),(772,'Agustin Buckeridge','213-102-6618\r'),(773,'Cybill Lamerton','890-879-6737\r'),(774,'Catha Beardwood','866-623-8312\r'),(775,'Tammie MacDuff','973-400-1722\r'),(776,'Phip Capun','393-107-3254\r'),(777,'Hermon Riglesford','607-772-6788\r'),(778,'Gayelord Fewless','865-813-3857\r'),(779,'Eleanora Brayson','300-219-4987\r'),(780,'Hort Sephton','822-965-0439\r'),(781,'Emilee Wishkar','273-549-6799\r'),(782,'Arlinda Conibere','231-800-4399\r'),(783,'Maye Wiltshier','580-549-3033\r'),(784,'Sophia Maris','832-341-0239\r'),(785,'Adorne Emerson','697-839-8272\r'),(786,'Jacki Murrigan','960-905-3146\r'),(787,'Basil Scarth','585-646-4131\r'),(788,'Rebeca Mewton','171-661-2691\r'),(789,'Orrin Camden','554-525-8357\r'),(790,'Byrann MacGaffey','258-763-5985\r'),(791,'Rodolphe Cathcart','907-180-3661\r'),(792,'Dene Lorden','746-202-4108\r'),(793,'Rina Plott','142-518-1865\r'),(794,'Son Snashall','508-448-3362\r'),(795,'Mattias Spore','592-914-3421\r'),(796,'Guinevere Peddar','703-834-8449\r'),(797,'Cammi Elnaugh','396-423-3282\r'),(798,'Chuck Glasscoe','291-423-4110\r'),(799,'Dian Bellinger','530-929-5038\r'),(800,'Vi McCaughran','343-992-6169\r'),(801,'Theodoric Obell','586-315-6409\r'),(802,'Rowney Kingshott','535-572-9265\r'),(803,'Andras Bonsey','652-252-0245\r'),(804,'Wilburt Abeles','524-796-7439\r'),(805,'Lavinie Stithe','726-834-7740\r'),(806,'Jasmine Hammersley','993-793-0065\r'),(807,'Erasmus Cardenoso','841-499-0102\r'),(808,'Monte Longford','205-451-4979\r'),(809,'Sam Epine','306-393-6778\r'),(810,'Lyell Novotni','665-530-5814\r'),(811,'Odele Riddle','572-173-9467\r'),(812,'Alex Hammerman','324-731-7434\r'),(813,'Tucker Tuff','893-118-1227\r'),(814,'Clemens Diben','773-765-0313\r'),(815,'Eleen Imlin','138-260-4045\r'),(816,'Johnathon Bowart','115-626-9970\r'),(817,'Mandel Shrieve','474-478-6618\r'),(818,'Steffi Silcox','102-912-0569\r'),(819,'Derick Swain','664-646-9246\r'),(820,'Eziechiele Kleinbaum','328-575-4875\r'),(821,'Torrie Feaviour','163-933-1653\r'),(822,'Stirling Graffin','795-786-4016\r'),(823,'Dorthea Messenger','971-182-5390\r'),(824,'Ethelin Dunbleton','671-889-9469\r'),(825,'Norah Arndtsen','632-973-0289\r'),(826,'Marja Grundey','645-403-2293\r'),(827,'Tracie Debrett','683-163-9073\r'),(828,'Nikolas Rebillard','109-333-7725\r'),(829,'Franzen Lynthal','930-335-8316\r'),(830,'Rea Faireclough','719-520-0367\r'),(831,'John Circuit','857-392-9576\r'),(832,'Gabey Lile','950-115-4588\r'),(833,'Pammy Klinck','792-825-7819\r'),(834,'Sisile Greder','760-861-0652\r'),(835,'Monti Gilkes','287-322-8051\r'),(836,'Ralf Thrustle','742-215-4347\r'),(837,'Carmelina Bussell','386-442-7603\r'),(838,'Nev Cleveland','720-176-3664\r'),(839,'Ax Dufoure','926-369-3859\r'),(840,'Aviva Deverose','561-413-8481\r'),(841,'Elwood Witten','659-611-8695\r'),(842,'Jo ann Coulthard','687-914-8212\r'),(843,'Waylon Coddrington','995-503-2872\r'),(844,'Bartolemo Davydochkin','190-640-1601\r'),(845,'Raphael Sephton','617-660-5911\r'),(846,'Nelia MacLucais','718-118-1630\r'),(847,'Hannie Offin','309-542-4834\r'),(848,'Tammie OIlier','950-265-7184\r'),(849,'Allegra Aldham','132-865-0106\r'),(850,'Parke Daskiewicz','504-442-9785\r'),(851,'Saul Steddall','587-999-4732\r'),(852,'Dotty Jimes','948-571-1453\r'),(853,'Raychel Crehan','723-574-5905\r'),(854,'Trina Lerven','243-917-9619\r'),(855,'Babita Gentiry','855-542-6543\r'),(856,'Marge Hiorn','918-750-2002\r'),(857,'Omar Crosetto','748-970-5477\r'),(858,'Lesya Radmore','937-944-0115\r'),(859,'Eugen Highman','835-529-6981\r'),(860,'Juline Tremberth','815-677-4122\r'),(861,'Ferdinand Gettone','661-360-0231\r'),(862,'Charisse Petyanin','664-282-5670\r'),(863,'Ofelia Salsbury','697-192-6017\r'),(864,'Cristal Richel','779-255-7654\r'),(865,'Hallie Edworthye','892-451-1269\r'),(866,'Alfi Saban','491-218-1378\r'),(867,'Elicia Maciak','808-947-4637\r'),(868,'Calli Jochanany','492-189-8839\r'),(869,'Corly Chappel','703-495-4195\r'),(870,'Leeanne Ortsmann','960-970-3668\r'),(871,'Nicolle Starbuck','771-194-2611\r'),(872,'Beitris Piburn','895-275-1335\r'),(873,'Loise Baptist','458-588-4131\r'),(874,'Belinda Ghione','117-699-3395\r'),(875,'Jinny Beamson','762-259-4202\r'),(876,'Juliet Saull','845-893-6820\r'),(877,'Phyllida Gerriet','619-686-3925\r'),(878,'Melisandra Bellard','599-318-4746\r'),(879,'Noble Flag','912-142-7723\r'),(880,'Fred Mabley','344-360-2669\r'),(881,'Mabelle Farman','773-302-5480\r'),(882,'Lydie Diviney','976-787-8273\r'),(883,'Elysee Smewing','712-160-2702\r'),(884,'Cinda Wingeatt','915-736-0669\r'),(885,'Alvina Wickrath','690-972-0924\r'),(886,'Diandra Beasant','273-715-9222\r'),(887,'Lorry Alberts','647-793-6149\r'),(888,'Lucien McArdle','682-850-1319\r'),(889,'Dominique Bastide','405-932-7793\r'),(890,'Jasper De Freyne','536-670-1663\r'),(891,'Regan Nealey','905-595-7444\r'),(892,'Warner Maudsley','782-267-0484\r'),(893,'Randee Steuart','684-884-0052\r'),(894,'Lemar Cretney','726-304-1596\r'),(895,'Amaleta Harback','371-568-9616\r'),(896,'Erminie Byass','460-373-5043\r'),(897,'Upton Kernock','760-898-6589\r'),(898,'Igor Channing','168-318-8644\r'),(899,'Orella Gregoletti','377-435-9382\r'),(900,'Nickolaus Ready','625-398-0763\r'),(901,'Carolee Pecha','613-460-6721\r'),(902,'Jedediah Heighton','310-374-7322\r'),(903,'Brenn Christall','648-874-3676\r'),(904,'Anne-corinne Cobby','795-524-1812\r'),(905,'Niels Brun','435-471-7512\r'),(906,'Jerrie Spalls','131-727-0812\r'),(907,'Milicent Vergo','843-235-2706\r'),(908,'Betty Gibbieson','611-356-2570\r'),(909,'Trev Bonsey','855-253-3248\r'),(910,'Kania Brade','980-589-3514\r'),(911,'Wallie Swainston','752-603-5321\r'),(912,'Doralin Redgewell','624-319-6614\r'),(913,'Debera Isselee','374-466-4867\r'),(914,'Gaspard Dewsnap','399-879-6019\r'),(915,'Isobel Hubbocks','621-345-1307\r'),(916,'Dennis Searight','495-629-6238\r'),(917,'Leicester Morrott','517-755-5369\r'),(918,'Lacy Cummine','563-749-8297\r'),(919,'Terrel McCook','499-655-6682\r'),(920,'Tamara McKall','905-289-5703\r'),(921,'Madelaine Priestner','452-184-1610\r'),(922,'Leonard Bottby','777-217-6603\r'),(923,'Minnaminnie Goodswen','924-111-7593\r'),(924,'Arturo Darkin','944-174-4002\r'),(925,'Corinna Orrah','371-758-0638\r'),(926,'Drucie Padbery','235-499-3827\r'),(927,'Gerard Childs','641-319-4246\r'),(928,'Nikolai Natt','913-915-9357\r'),(929,'Matti Bye','513-660-3398\r'),(930,'Terra Standingford','476-819-9172\r'),(931,'Findley Pendred','245-730-7268\r'),(932,'Ansell De Mattia','620-528-5999\r'),(933,'Archibold Sayce','896-729-8557\r'),(934,'Stafford Parysowna','914-846-6441\r'),(935,'Kissee Boyington','780-836-9687\r'),(936,'Benson Franklen','746-463-2427\r'),(937,'Bibi Luberti','519-266-0430\r'),(938,'Bink Dowle','361-884-9955\r'),(939,'Carolin Annies','238-802-8200\r'),(940,'Gypsy Dreger','397-574-9316\r'),(941,'Domenico Colby','195-824-7146\r'),(942,'Freida Springthorpe','381-570-7906\r'),(943,'Phillis Weich','985-590-6344\r'),(944,'Sam Leser','927-185-2823\r'),(945,'Matthiew Crisp','279-797-4027\r'),(946,'Clayborne Naulls','230-310-0505\r'),(947,'Lesley Gencke','143-243-7892\r'),(948,'Ingamar Lomasna','106-872-3790\r'),(949,'Dorelia Castelow','279-353-8730\r'),(950,'Elli McKinless','480-760-7148\r'),(951,'Raychel Heaffey','767-641-5991\r'),(952,'Barrie Stothard','133-327-2019\r'),(953,'Ody Jovasevic','853-625-3777\r'),(954,'Jon Leare','314-578-5233\r'),(955,'Wit Pretty','739-651-2461\r'),(956,'Rainer Jamson','363-949-3759\r'),(957,'Mamie Cairns','705-870-2036\r'),(958,'Meredeth Kelleway','535-998-2813\r'),(959,'Fairleigh McGebenay','854-511-1395\r'),(960,'Mahalia Risson','927-309-4397\r'),(961,'Lebbie Linforth','857-383-8571\r'),(962,'Pamelina Tretwell','871-900-3706\r'),(963,'Reeba Tarver','224-627-7353\r'),(964,'Ilene Tallent','970-325-3126\r'),(965,'Jolee Waldrum','874-571-8099\r'),(966,'Aldin Boult','158-741-8571\r'),(967,'Giulietta Yantsurev','695-499-8538\r'),(968,'Wendye Douthwaite','568-697-2832\r'),(969,'Robinetta Mazzey','816-347-9173\r'),(970,'Harlie Cuffe','904-560-5857\r'),(971,'Pegeen McGifford','523-895-6352\r'),(972,'Dewey Le febre','508-879-1563\r'),(973,'Claribel Buchanan','633-380-7093\r'),(974,'Loretta Ellerey','492-299-5817\r'),(975,'Rolando Abrahart','943-131-5218\r'),(976,'Katrine Kadd','959-318-1389\r'),(977,'Corby Hatley','453-241-6325\r'),(978,'Ignacio Corbet','900-217-9261\r'),(979,'Caria Killock','700-906-3529\r'),(980,'Granville Scrannage','477-834-5259\r'),(981,'Barny La Croce','837-141-9647\r'),(982,'Tome Boniface','943-401-3324\r'),(983,'Blaine Astman','327-587-3537\r'),(984,'Philippa Johann','750-533-4861\r'),(985,'Sammy Rutt','523-803-0303\r'),(986,'Julita Hamblen','109-814-1888\r'),(987,'Concettina Searl','431-211-0255\r'),(988,'Minetta Acock','883-608-9148\r'),(989,'Anthiathia McGrey','404-197-8518\r'),(990,'Richardo Roseburgh','284-810-2004\r'),(991,'Jesse Connelly','286-217-2071\r'),(992,'Cher Cowe','174-137-8400\r'),(993,'Shanan Regitz','562-376-0836\r'),(994,'Theadora Borrow','361-408-6697\r'),(995,'Harold Manby','162-186-9202\r'),(996,'Arlen Mallion','643-721-6257\r'),(997,'Gail Scocroft','500-840-3355\r'),(998,'Derrik Larby','437-888-7161\r'),(999,'Roxanne Abson','189-356-4887\r'),(1000,'Quincey Whatling','820-839-0378\r'),(1031,'Nicky Baggiani','173-898-6536\r'),(1032,'Kelsey Breche','706-260-4973\r'),(1033,'Bobbee Vigurs','619-110-6309\r'),(1034,'Leonie McGettigan','954-613-3638\r'),(1035,'Chelsey Doog','579-670-3541\r'),(1036,'Waring Lindeman','601-590-9686\r'),(1037,'Kristel Littlemore','554-612-6283\r'),(1038,'Roscoe Cayle','873-854-3064\r'),(1039,'Penn Klimko','231-247-3059\r'),(1040,'Jayme Caze','202-408-5632\r'),(1041,'Faustine Vidgen','322-731-8209\r'),(1042,'Stefania Ysson','478-270-4779\r'),(1043,'Celia Le Prevost','723-533-3669\r'),(1044,'Pren Dumbrill','705-333-8052\r'),(1045,'Gaston Baldassi','360-299-7915\r'),(1046,'Gaby Beautyman','199-583-9072\r'),(1047,'Gayle Bellringer','422-368-3664\r'),(1048,'Maryjane McPeeters','314-231-6269\r'),(1049,'Danyelle Wellesley','417-287-2725\r'),(1050,'Robin Newport','942-708-2559\r'),(1051,'Archibaldo Lapwood','690-658-5328\r'),(1052,'Hillard Wrankling','944-556-6613\r'),(1053,'Cyndy Chaudhry','980-126-4642\r'),(1054,'Fionnula Heape','162-179-5923\r'),(1055,'Lee Orbine','770-427-6729\r'),(1056,'Kerrie Baleine','442-906-5910\r'),(1057,'Fabian Reilingen','643-166-6927\r'),(1058,'Thea Mithun','709-384-4923\r'),(1059,'Trip Hartridge','553-845-3800\r'),(1060,'Cristal McTeer','500-931-3559\r'),(1061,'Zitella Moffet','677-355-4208\r'),(1062,'Joe Dorgon','331-990-0518\r'),(1063,'Ulises Tall','660-259-0746\r'),(1064,'Gay Epperson','916-536-3746\r'),(1065,'Timmie Ferriere','216-741-5662\r'),(1066,'Shelley Cator','899-535-7357\r'),(1067,'Jeffrey Mattock','820-913-6418\r'),(1068,'Latisha Lamplugh','303-553-7264\r'),(1069,'Darelle Wynch','223-346-7573\r'),(1070,'Jeannie Resun','382-955-6718\r'),(1071,'Tudor Ellsom','388-798-1851\r'),(1072,'Arabella Debell','241-698-3756\r'),(1073,'Spenser Dilrew','131-589-9490\r'),(1074,'Torie Davson','686-133-2927\r'),(1075,'Barb Krienke','516-127-9046\r'),(1076,'Thayne Berzons','671-604-7837\r'),(1077,'Lisha Rayhill','294-480-0407\r'),(1078,'Gustave Carlow','158-309-6622\r'),(1079,'Kingsley Brafield','386-463-1501\r'),(1080,'Odette Caldero','916-652-7191\r'),(1081,'Rosalie Wheater','923-901-1956\r'),(1082,'Obidiah Abbot','601-962-3078\r'),(1083,'Say Lurriman','733-451-1159\r'),(1084,'Fanni Brinkley','558-322-3516\r'),(1085,'Napoleon Kilmurray','640-238-7832\r'),(1086,'Delores Reolfi','122-530-1668\r'),(1087,'Zelma Langlois','628-459-5790\r'),(1088,'Tanya Yesenev','795-912-8376\r'),(1089,'Moselle Axel','493-964-4134\r'),(1090,'Myrvyn Doel','224-861-3646\r'),(1091,'Wini Redman','187-111-2674\r'),(1092,'Kaila Danev','843-727-6608\r'),(1093,'Brunhilda Bothwell','171-898-5304\r'),(1094,'Ange Antusch','395-684-5909\r'),(1095,'Abbott Drought','304-846-6118\r'),(1096,'Emiline Hirschmann','746-204-3514\r'),(1097,'Corrinne Fawloe','196-499-7319\r'),(1098,'Godard Stockdale','375-881-2483\r'),(1099,'Ralph Malatalant','171-136-8556\r'),(1100,'Lorain Middell','517-871-9046\r'),(1101,'Grant Bygraves','127-422-2251\r'),(1102,'Liliane Nolli','477-619-6782\r'),(1103,'Nicolais Gerram','393-374-8313\r'),(1104,'Mabel Black','305-144-3917\r'),(1105,'Twyla Tant','472-865-1206\r'),(1106,'Bear Belchambers','666-758-3562\r'),(1107,'Hall Hoogendorp','507-243-5920\r'),(1108,'Ephrayim Preddle','530-503-5841\r'),(1109,'Kelley Winter','701-488-4559\r'),(1110,'Patrizio Atterbury','554-818-1928\r'),(1111,'Henriette McCreadie','461-249-0162\r'),(1112,'Danette Parley','900-982-9913\r'),(1113,'Tova Heintsch','970-190-9210\r'),(1114,'Denys Brandassi','563-178-8885\r'),(1115,'Bernardina Crimes','751-263-2521\r'),(1116,'Debbie Boud','400-361-1604\r'),(1117,'Jobina Switsur','751-534-3855\r'),(1118,'Teodoro Lissenden','593-545-2665\r'),(1119,'Alene Mulcahy','689-520-0888\r'),(1120,'Mariann Redwood','540-693-3408\r'),(1121,'Jessika Grosier','444-308-3145\r'),(1122,'Felicity Haglinton','749-289-8868\r'),(1123,'Felice Gumley','329-169-9459\r'),(1124,'Bee Huddleston','586-792-2951\r'),(1125,'Bartel Cacacie','676-466-4469\r'),(1126,'Ludwig Etherton','302-778-5638\r'),(1127,'Barny Minchinden','474-189-7604\r'),(1128,'Christoph Masding','997-206-7635\r'),(1129,'Dexter Delooze','894-679-2582\r'),(1130,'Eryn Courtney','343-740-6349\r'),(1131,'Riley Fidgin','595-186-0966\r'),(1132,'Archy Bullent','659-467-7806\r'),(1133,'Sorcha Orts','822-944-1344\r'),(1134,'Evelyn Maro','106-957-2558\r'),(1135,'Ashely Gleeson','481-429-2255\r'),(1136,'Bernardine Belone','417-962-6370\r'),(1137,'Bendite Finlaison','514-272-0679\r'),(1138,'Gwen Leaning','768-844-4081\r'),(1139,'Jorry Laminman','743-449-5013\r'),(1140,'Mellisa MacAloren','956-638-0519\r'),(1141,'Lockwood Pepall','378-799-9749\r'),(1142,'Nanine Bootman','663-447-6180\r'),(1143,'Nevsa Eddowis','302-865-1174\r'),(1144,'Corabelle Fireman','239-675-0719\r'),(1145,'Katy Jerosch','485-323-8927\r'),(1146,'Bryn Searson','582-256-6527\r'),(1147,'Elizabeth Squibbes','125-541-1653\r'),(1148,'Beale Knightsbridge','284-455-8913\r'),(1149,'Brendon Pannett','772-376-7593\r'),(1150,'Merrie Pidgeley','978-297-7403\r'),(1151,'Kinny Labrone','259-194-8608\r'),(1152,'Randi Leavens','660-590-5947\r'),(1153,'Baily Carlin','322-387-0288\r'),(1154,'Cristabel Brough','975-626-7471\r'),(1155,'Estrella Castiello','101-448-5468\r'),(1156,'Blithe Webermann','654-596-4184\r'),(1157,'Jeffy Mulqueen','666-478-7037\r'),(1158,'Reinaldo Esgate','390-486-9984\r'),(1159,'Ced Foxall','426-403-9769\r'),(1160,'Jamil Lewis','293-557-2459\r'),(1161,'Archie Purdie','755-479-8990\r'),(1162,'Catie Snellman','483-335-5843\r'),(1163,'Ambrosi Mufford','982-522-5111\r'),(1164,'Leo Acory','919-771-6945\r'),(1165,'Merrel Toynbee','676-883-8734\r'),(1166,'Reinold Laroux','529-904-4934\r'),(1167,'Magnum Vossing','714-153-0064\r'),(1168,'Gill Brocking','186-574-7531\r'),(1169,'Lynnette Pardon','707-449-8879\r'),(1170,'Gothart Treneer','242-969-5075\r'),(1171,'Kurtis Care','955-740-9538\r'),(1172,'Sebastiano Ritelli','632-780-6976\r'),(1173,'Noe Kevane','747-170-4549\r'),(1174,'Annora Barton','567-531-6214\r'),(1175,'Ignaz Skeels','787-505-6440\r'),(1176,'Ciel Bernath','638-709-9899\r'),(1177,'Felicity Sculpher','504-563-7851\r'),(1178,'Bradley Guesford','603-146-7317\r'),(1179,'Kristos Beckmann','578-198-5948\r'),(1180,'Lenka Kildahl','818-369-8405\r'),(1181,'Pollyanna Nortunen','959-389-2475\r'),(1182,'Bordy Titterington','480-588-8698\r'),(1183,'Pancho Aldin','220-274-7465\r'),(1184,'Saul Rennolds','478-824-6599\r'),(1185,'Lida Jurczyk','506-162-4146\r'),(1186,'Flossi Sampson','626-246-0439\r'),(1187,'Dulcy Farfalameev','258-737-2799\r'),(1188,'Brucie Brundell','944-724-5724\r'),(1189,'Berny O\'Luney','307-897-3262\r'),(1190,'Dallas O\'Nowlan','353-325-6228\r'),(1191,'Daphna Jina','223-253-5613\r'),(1192,'Fey Britt','160-600-8018\r'),(1193,'Rheta Grant','544-301-4691\r'),(1194,'Elora Jays','699-655-5887\r'),(1195,'Mason Feehan','301-490-3960\r'),(1196,'Andreas Adkins','831-271-7661\r'),(1197,'Dennison Lyptrit','851-122-4204\r'),(1198,'Andrea Lilliman','691-926-9956\r'),(1199,'Josie Ferrotti','616-156-7363\r'),(1200,'Karry Camerello','481-164-2275\r'),(1201,'Flossi Darth','111-778-5343\r'),(1202,'Mel De la Harpe','201-971-5360\r'),(1203,'Alanna Stears','256-233-3950\r'),(1204,'Rhona Cattrell','643-814-7203\r'),(1205,'Harlene Crosfield','425-635-3938\r'),(1206,'Fianna Harris','492-265-1284\r'),(1207,'Amberly Norkutt','747-386-3920\r'),(1208,'Winny Barkley','924-901-3984\r'),(1209,'Hi Loffill','664-781-8062\r'),(1210,'Alvina Balmer','400-536-8668\r'),(1211,'Armstrong Drohane','894-924-7161\r'),(1212,'Gianina Shipp','514-890-7389\r'),(1213,'Trumaine Kirwan','870-877-8944\r'),(1214,'Clarie Wenderott','704-317-6415\r'),(1215,'Masha Slite','736-361-3937\r'),(1216,'Kessiah Boyan','943-505-8505\r'),(1217,'Gisela Clawley','872-576-1336\r'),(1218,'Aymer Slatten','973-945-5720\r'),(1219,'Dasi Elleyne','263-599-6943\r'),(1220,'Penrod Nutton','587-908-1921\r'),(1221,'Emylee Cline','297-370-1400\r'),(1222,'Meggi Robion','935-471-2960\r'),(1223,'Katrina Kittoe','127-712-7189\r'),(1224,'Keelia Joscelin','117-310-9131\r'),(1225,'Nil Aronstein','186-718-4810\r'),(1226,'Madelle Cescon','902-642-3845\r'),(1227,'Andriana Redmore','142-105-1557\r'),(1228,'Stavro Ludee','964-467-7454\r'),(1229,'Worthy MacTrustey','955-795-7653\r'),(1230,'Norton Deignan','744-781-1747\r'),(1231,'Averell Brandone','330-318-5500\r'),(1232,'Stacia Botham','214-334-5102\r'),(1233,'Alaine Clamp','501-717-2020\r'),(1234,'Nicol Hansard','276-907-9661\r'),(1235,'Mead Gouldsmith','589-176-9958\r'),(1236,'Lauralee Bauman','349-835-4622\r'),(1237,'Laurene Currell','490-476-5811\r'),(1238,'Daryle Speek','270-311-1943\r'),(1239,'Johnathan Strauss','688-611-4156\r'),(1240,'Bobby Dysert','232-688-5696\r'),(1241,'Upton Marsy','571-222-3241\r'),(1242,'Arda Cattlow','785-159-5478\r'),(1243,'Terza Insoll','879-342-9844\r'),(1244,'Elyse Myderscough','245-454-7628\r'),(1245,'Tedman Seacombe','658-416-7681\r'),(1246,'Edmon O\'Cahey','525-487-5690\r'),(1247,'Mart MacMillan','388-613-3565\r'),(1248,'Janetta Lambeth','699-582-6610\r'),(1249,'Bobina Kullmann','720-211-3573\r'),(1250,'Nickolaus Forri','251-616-3669\r'),(1251,'Noni Izakof','783-269-7815\r'),(1252,'Amil Schwant','141-585-9487\r'),(1253,'Chadd Eberts','368-433-7874\r'),(1254,'Ibbie Hail','565-821-1494\r'),(1255,'Tom Kleinmintz','940-322-2816\r'),(1256,'Coleen Addicote','550-558-2876\r'),(1257,'Elsie Baxstair','253-899-9842\r'),(1258,'Christine Lawrence','365-336-4064\r'),(1259,'Darryl Rumke','664-604-7417\r'),(1260,'Ethel Tredget','513-531-2081\r'),(1261,'Cesaro Syvret','297-866-5973\r'),(1262,'Gunther Perle','159-245-9912\r'),(1263,'Daniel Brinkman','684-804-5656\r'),(1264,'Arvy Skillitt','369-535-3595\r'),(1265,'Valera Cowser','481-886-0158\r'),(1266,'Tulley Roney','546-850-8746\r'),(1267,'Antony Fourman','511-548-0702\r'),(1268,'Baryram Betonia','523-274-2169\r'),(1269,'Lauren Ellcock','382-325-3002\r'),(1270,'Allen Marchington','422-339-2024\r'),(1271,'Winslow Pote','570-193-4290\r'),(1272,'Orelee Harpur','141-767-6027\r'),(1273,'Talbot Hannant','987-334-2306\r'),(1274,'Lynnette Rennebeck','733-706-6006\r'),(1275,'Wanda Elfleet','187-492-4445\r'),(1276,'Farlie Muneely','334-266-2654\r'),(1277,'Jillene Caudell','716-685-3111\r'),(1278,'Mersey Ranyard','646-638-2081\r'),(1279,'Malissa Hayland','987-890-1384\r'),(1280,'Marianne Colkett','537-930-1302\r'),(1281,'Jerrylee Busby','156-834-9967\r'),(1282,'Bowie Bigham','673-297-5095\r'),(1283,'Elton Brauninger','614-387-6219\r'),(1284,'Bent Hemphill','152-745-6016\r'),(1285,'Saundra Leicester','293-813-2241\r'),(1286,'Stace Vidler','792-412-9855\r'),(1287,'Timmy Biddy','106-980-0708\r'),(1288,'Dewie Hickford','693-504-3414\r'),(1289,'Webb Goodfield','310-926-0609\r'),(1290,'Kasper Berceros','349-155-0269\r'),(1291,'Ulric Binnall','142-436-8600\r'),(1292,'Godart Briereton','291-258-6173\r'),(1293,'Chrisse Hoffmann','220-199-9321\r'),(1294,'Madlen Gartshore','154-884-7686\r'),(1295,'Darbie Vignaux','737-738-5799\r'),(1296,'Joshuah Farquar','639-625-6455\r'),(1297,'Emmalee Rothchild','503-158-7276\r'),(1298,'Hugh Stilliard','915-941-6219\r'),(1299,'Florina Streak','906-865-0689\r'),(1300,'Isac Longden','969-105-0708\r'),(1301,'Estel Tilling','285-421-3286\r'),(1302,'Brandy Dunstall','873-327-0918\r'),(1303,'Kenon Murrow','922-402-7642\r'),(1304,'Staford Bridgwood','242-507-4914\r'),(1305,'Gunner Mulheron','896-119-1684\r'),(1306,'Jorrie Vaggs','743-943-6818\r'),(1307,'Sharla Grinyer','482-857-0575\r'),(1308,'Lian MacCallam','341-543-4475\r'),(1309,'Eustacia Wayon','510-567-3093\r'),(1310,'Maurie Napolione','193-328-1070\r'),(1311,'Pieter Alvar','388-311-6399\r'),(1312,'Arielle Labrenz','701-502-9805\r'),(1313,'Salomon Szymonwicz','696-799-7990\r'),(1314,'Gordie Weldrick','707-793-6335\r'),(1315,'Adolphe De Ferrari','187-804-9568\r'),(1316,'Danyette Sharpin','746-165-6442\r'),(1317,'Wallis Lawler','954-460-8148\r'),(1318,'Franklin Hapke','367-137-5252\r'),(1319,'Kristoffer Enrico','907-811-7649\r'),(1320,'Moss Edess','825-956-1032\r'),(1321,'Franciska Nares','365-375-9852\r'),(1322,'Steffie Ankers','775-134-5242\r'),(1323,'Jabez Mairs','691-708-3816\r'),(1324,'Jacenta Slobom','649-435-0150\r'),(1325,'Anastasie Blakeway','502-863-3078\r'),(1326,'Aloysia Haville','602-429-3810\r'),(1327,'Opaline Bernette','905-177-2121\r'),(1328,'Harv Paschke','936-757-6988\r'),(1329,'Hillary Rookledge','935-711-3149\r'),(1330,'Grant Elwell','666-349-7856\r'),(1331,'Lisha Jerger','275-865-3201\r'),(1332,'Myrta Iacabucci','827-156-4823\r'),(1333,'Isahella Mailey','992-220-9031\r'),(1334,'Porter Pring','510-266-1321\r'),(1335,'Muire Commucci','504-468-6761\r'),(1336,'Astra Pescud','433-957-4399\r'),(1337,'Samaria Goward','485-413-8679\r'),(1338,'Carole Norheny','713-613-5904\r'),(1339,'Clemmie Riceards','902-820-5941\r'),(1340,'Adolphe Kempster','940-513-9130\r'),(1341,'Robbert Benedyktowicz','185-113-2061\r'),(1342,'Aloin Danbury','708-515-2743\r'),(1343,'Fairleigh Henrichs','507-214-9797\r'),(1344,'Danielle Bogue','520-279-0243\r'),(1345,'Mile Seebright','710-506-0245\r'),(1346,'Corella Conisbee','105-680-3764\r'),(1347,'Katy Coltart','477-554-3880\r'),(1348,'Ikey Scroggie','176-550-1558\r'),(1349,'Emerson Gerraty','614-729-2314\r'),(1350,'Eolande Sprade','360-340-4006\r'),(1351,'Harlin Swaton','770-591-7914\r'),(1352,'Gianina Wixey','745-835-5869\r'),(1353,'Lillis Buckthorpe','133-844-8195\r'),(1354,'Danny Ransome','612-489-8441\r'),(1355,'Nathaniel Keiley','779-966-1828\r'),(1356,'Karissa Trubshaw','461-446-5835\r'),(1357,'Stormie Priest','618-178-7701\r'),(1358,'Guillema Rame','631-856-3030\r'),(1359,'Ashton Cadd','223-599-5307\r'),(1360,'Rahel Aspell','753-411-7441\r'),(1361,'Ashely Niven','293-884-6507\r'),(1362,'Willetta Fryers','134-112-3142\r'),(1363,'Melonie Jurczak','776-477-8995\r'),(1364,'Nahum Chimes','674-861-8312\r'),(1365,'Charita Lombardo','757-669-5924\r'),(1366,'Carie Troake','370-114-2256\r'),(1367,'Carr Cranmor','958-330-3042\r'),(1368,'Catina Joel','911-853-9052\r'),(1369,'Bernard Hallstone','134-378-5826\r'),(1370,'Larissa Lamb-shine','272-765-2693\r'),(1371,'Morton Sheldrake','166-337-5667\r'),(1372,'Constancy Probets','882-477-0399\r'),(1373,'Madelin Preto','588-325-4077\r'),(1374,'Willard Gepp','285-124-9090\r'),(1375,'Florance Fynes','399-795-8407\r'),(1376,'Annette Hancox','149-373-2629\r'),(1377,'Arney Ogger','665-608-8745\r'),(1378,'Brittne Sprigin','323-521-2597\r'),(1379,'Marcy Oen','931-264-6238\r'),(1380,'Luci Fortey','229-692-6617\r'),(1381,'Nannette Driver','537-938-9824\r'),(1382,'Trixie Hammerberger','873-688-3226\r'),(1383,'Hildy Ker','618-851-5820\r'),(1384,'Vi Archell','276-483-8835\r'),(1385,'Carr Lofthouse','118-397-8067\r'),(1386,'Dennie Eudall','123-981-6453\r'),(1387,'Katha Jent','495-898-1930\r'),(1388,'Jeralee Beauly','247-949-5425\r'),(1389,'Lori Bloxam','401-567-3167\r'),(1390,'Theo Spiniello','595-623-8270\r'),(1391,'Gabrielle Barthelemy','213-206-0856\r'),(1392,'Shae Holdin','905-674-5110\r'),(1393,'Ollie Balnave','402-828-7167\r'),(1394,'Jessika Pistol','837-611-5427\r'),(1395,'Hew Childrens','638-149-7769\r'),(1396,'Eleanora Burchill','915-823-8445\r'),(1397,'Zachery Daglish','716-712-6658\r'),(1398,'Bill Manshaw','587-111-3780\r'),(1399,'Aigneis Dumbleton','168-536-6460\r'),(1400,'Alfy Clutram','403-467-5054\r'),(1401,'Lowrance Dogg','292-695-3591\r'),(1402,'Deb Perton','559-490-3555\r'),(1403,'Levon Lambart','494-837-3519\r'),(1404,'Corey Shelliday','548-778-1868\r'),(1405,'Elianore Dalziel','428-433-1181\r'),(1406,'Mason Szymonowicz','502-294-2917\r'),(1407,'Elfreda Foux','825-318-1638\r'),(1408,'Avrom Arthey','607-527-2587\r'),(1409,'Paquito McCraw','304-855-5524\r'),(1410,'Gasper Aspin','544-926-2052\r'),(1411,'Rudd Moston','865-817-3172\r'),(1412,'Aggi Drayton','772-710-8928\r'),(1413,'Lauryn Sollowaye','732-994-0958\r'),(1414,'Raeann Haliburn','567-520-3123\r'),(1415,'Briant Enright','602-791-0069\r'),(1416,'Haven Slane','336-439-4580\r'),(1417,'Clio Hovard','259-874-3651\r'),(1418,'Romeo Corbould','523-179-7194\r'),(1419,'Prent Shingler','487-762-8400\r'),(1420,'Arielle Stockall','904-591-4475\r'),(1421,'Linoel Riccardi','430-377-2021\r'),(1422,'Galvin Bainbridge','592-709-4673\r'),(1423,'Nils Gavaran','578-691-8680\r'),(1424,'Seka Straniero','111-499-5524\r'),(1425,'Marieann Ridge','397-943-6273\r'),(1426,'Shannah Bendley','250-654-9408\r'),(1427,'Georgina Marien','126-459-4891\r'),(1428,'Meta Godney','853-621-0126\r'),(1429,'Giorgio MacPaden','821-665-4647\r'),(1430,'Shana Hansom','900-641-1440\r'),(1431,'Marchall Povele','723-849-8494\r'),(1432,'Louie Killby','999-490-7398\r'),(1433,'Boonie Crocroft','795-246-8724\r'),(1434,'Silvester Scotson','420-133-5790\r'),(1435,'Jard Dismore','228-297-7626\r'),(1436,'Ina Hurles','449-381-3781\r'),(1437,'Goober Sweeting','821-821-7441\r'),(1438,'Reiko Ruddle','325-159-8969\r'),(1439,'Hayden Meo','912-406-7183\r'),(1440,'Flora Witul','348-841-3042\r'),(1441,'Kristyn Gatheridge','402-336-3953\r'),(1442,'Sharla Cheevers','878-500-7149\r'),(1443,'Silvester Franca','576-326-3742\r'),(1444,'Phaidra Lodewick','768-632-6611\r'),(1445,'Margalo Galgey','766-886-0940\r'),(1446,'Pippy Dieton','256-918-5774\r'),(1447,'Ashlie Messiter','357-469-0239\r'),(1448,'Nadine Cahen','655-440-8275\r'),(1449,'Randa Becconsall','936-644-7949\r'),(1450,'Cassi Ciric','808-245-7419\r'),(1451,'Sarge Hullin','850-960-9775\r'),(1452,'Goddard Rymmer','450-807-3243\r'),(1453,'Viviyan Dekeyser','208-743-0205\r'),(1454,'Odey D\'eath','119-415-4023\r'),(1455,'Clint Salzburg','541-660-7572\r'),(1456,'Leshia Lant','434-365-9942\r'),(1457,'Peterus Burndred','984-618-8963\r'),(1458,'Alleen Gantley','144-673-2164\r'),(1459,'Travis Paige','703-467-2537\r'),(1460,'Andriana Lithgow','157-849-8156\r'),(1461,'Prudence Josebury','668-787-7403\r'),(1462,'Norah Peggrem','517-783-6857\r'),(1463,'Nettle Ferrini','808-226-7124\r'),(1464,'Rainer Eighteen','974-808-5264\r'),(1465,'Marysa Thorald','917-637-1846\r'),(1466,'Ivory Ovize','798-754-9644\r'),(1467,'Georgine Fassan','466-904-6660\r'),(1468,'Nap Pantone','758-222-1906\r'),(1469,'Bea Macenzy','171-966-8156\r'),(1470,'Kayle Lampett','784-519-1849\r'),(1471,'Rosa Grandham','234-852-1297\r'),(1472,'Derward Cooley','714-948-1701\r'),(1473,'Tilly Brideaux','425-323-9984\r'),(1474,'Lynn Boyford','516-775-8359\r'),(1475,'Dusty Estevez','742-473-6225\r'),(1476,'Kellsie Loveitt','436-470-9279\r'),(1477,'Koralle Coombe','938-686-2971\r'),(1478,'Terry Ludlam','407-808-1732\r'),(1479,'Terese Halliday','537-266-2543\r'),(1480,'Stormi Renac','696-964-6321\r'),(1481,'Saunderson Rooson','517-527-3324\r'),(1482,'Rocky Engeham','613-211-6036\r'),(1483,'Adler Sorby','708-977-8915\r'),(1484,'Shaun Abrahamson','655-488-2644\r'),(1485,'Othello MacTrustrie','678-936-1792\r'),(1486,'Fabio Maryon','749-628-7386\r'),(1487,'Bill Merredy','770-213-8818\r'),(1488,'Nell Pulfer','362-426-7579\r'),(1489,'Roslyn Gillaspy','105-382-3106\r'),(1490,'Melody Merrick','536-722-2167\r'),(1491,'Darrick Dyson','635-682-4202\r'),(1492,'My Mabon','852-112-0360\r'),(1493,'Burke Muxworthy','648-878-7343\r'),(1494,'Lynn Llewellen','641-334-0273\r'),(1495,'Tammie Planks','238-700-1049\r'),(1496,'Kevina Houlison','596-854-4120\r'),(1497,'Franny Cristofanini','233-133-6874\r'),(1498,'Amanda Chatres','170-762-6050\r'),(1499,'Corbet Linfoot','475-359-2490\r'),(1500,'Klarika Yewman','258-992-0350\r'),(1501,'Bianca Helix','362-633-5097\r'),(1502,'Millisent Francklin','689-662-6535\r'),(1503,'Corney Ondracek','198-137-3912\r'),(1504,'Caz McKune','186-851-5341\r'),(1505,'Ikey Agus','870-323-5226\r'),(1506,'Aland Dudhill','964-483-3275\r'),(1507,'Robin Malt','177-961-5173\r'),(1508,'Eugenio Scruton','701-486-5482\r'),(1509,'Uri Fullard','591-699-8137\r'),(1510,'Bryana Tivolier','530-639-8783\r'),(1511,'Clem Hechlin','464-969-3737\r'),(1512,'Ileana Brookhouse','559-455-5778\r'),(1513,'Florette Lambregts','917-374-7473\r'),(1514,'Rosy Gruczka','773-383-3699\r'),(1515,'Idell O\'Growgane','518-691-8443\r'),(1516,'Meredeth Lydster','720-163-4746\r'),(1517,'Delora Dartnall','867-911-1017\r'),(1518,'Jervis Hanmer','342-156-7959\r'),(1519,'Craggie Van Arsdall','249-728-5382\r'),(1520,'Dalston Brakespear','189-448-4969\r'),(1521,'Arlena Renison','392-611-9783\r'),(1522,'Benjie Sergant','567-449-3081\r'),(1523,'Fredrick MacTrusty','983-701-5991\r'),(1524,'Beret Adshad','156-388-9107\r'),(1525,'Jolee Klimt','372-176-2277\r'),(1526,'Valerye Westmarland','130-165-3447\r'),(1527,'Bastian Glowacha','388-460-2824\r'),(1528,'Winston Hildred','604-304-6297\r'),(1529,'Phillis Dossit','614-639-5696\r'),(1530,'Nikkie Batho','145-653-2490\r'),(1531,'Debera Horry','621-941-1105\r'),(1532,'Kissiah Adshad','789-780-6123\r'),(1533,'Colly Standen','222-770-6152\r'),(1534,'Idaline Penticost','650-115-2857\r'),(1535,'Cassi Jobbins','103-572-6596\r'),(1536,'Sally Cutforth','393-305-0655\r'),(1537,'Jacquelin Raine','546-854-0316\r'),(1538,'Marney Gibbon','468-164-8070\r'),(1539,'Wolf Morden','186-803-4750\r'),(1540,'Joletta Glisenan','171-443-6266\r'),(1541,'Tiffanie Affleck','447-878-5695\r'),(1542,'Bette Hamlington','139-933-6964\r'),(1543,'Ethan Pieterick','578-100-3866\r'),(1544,'Adolpho Tribell','186-357-0286\r'),(1545,'Pietra Esgate','852-204-9282\r'),(1546,'Brigitte Lewty','432-140-0294\r'),(1547,'Sawyere Foxhall','160-938-4464\r'),(1548,'Ardelis Morford','399-643-6224\r'),(1549,'Leonelle Aicheson','337-947-3871\r'),(1550,'Celinka Kirckman','957-767-7940\r'),(1551,'Brynna Daldry','649-258-5003\r'),(1552,'Giacinta Alps','895-823-1790\r'),(1553,'Clerkclaude Guilbert','900-711-2211\r'),(1554,'Dimitri Arnholz','448-676-5350\r'),(1555,'Kimmie Lartice','623-139-8299\r'),(1556,'Cherey Witch','825-669-5780\r'),(1557,'Steffen Skipp','563-258-9990\r'),(1558,'Lea Mustchin','768-585-8699\r'),(1559,'Federica Klammt','511-445-1568\r'),(1560,'Becky Tolcharde','846-186-4027\r'),(1561,'Rochette Buxsy','210-447-3721\r'),(1562,'Eilis Olivella','910-877-5720\r'),(1563,'Walton Gheraldi','488-497-6152\r'),(1564,'Gabbi Antonomoli','376-497-8183\r'),(1565,'Fanchette Chamley','922-342-9655\r'),(1566,'Harmony Hunnybun','595-969-3784\r'),(1567,'Raphael Lumox','570-827-1115\r'),(1568,'Amata Boyson','696-913-6322\r'),(1569,'Fidole Lindhe','317-178-5806\r'),(1570,'Joanie Lorden','485-860-1838\r'),(1571,'Edouard Duckfield','683-166-5138\r'),(1572,'Ardyth Prinnett','794-193-8566\r'),(1573,'Austina Dubery','679-650-2591\r'),(1574,'Mathew Cafe','334-621-8003\r'),(1575,'Kendal Jansey','538-479-9256\r'),(1576,'Rockie Romi','146-620-5917\r'),(1577,'Uta Gammett','324-753-9630\r'),(1578,'Blayne Easdon','301-901-4751\r'),(1579,'Austina MacIan','793-764-6785\r'),(1580,'Joannes Eynaud','596-264-8942\r'),(1581,'Basilius Martineau','641-557-7552\r'),(1582,'Joseito Farahar','345-872-3133\r'),(1583,'Cedric Look','743-319-9865\r'),(1584,'Rhoda Dockerty','952-579-1161\r'),(1585,'Austina Bramsom','322-625-2795\r'),(1586,'Millard McIlwain','337-333-9723\r'),(1587,'Marena Portress','314-975-4657\r'),(1588,'Kasper Aronowicz','135-926-7073\r'),(1589,'Amber Grcic','282-514-0019\r'),(1590,'Noam Kaminski','604-326-3823\r'),(1591,'Revkah Bowdon','197-430-5297\r'),(1592,'Melonie Kenaway','641-862-6760\r'),(1593,'Austina Norheny','967-950-1172\r'),(1594,'Alexis De Ferraris','407-685-8710\r'),(1595,'Rriocard Paladino','145-255-7564\r'),(1596,'Dru Fearick','299-915-4222\r'),(1597,'Josefa Goggan','682-727-0247\r'),(1598,'Cherida Ranahan','895-188-0500\r'),(1599,'Jodie Arpur','773-435-9685\r'),(1600,'Tony Damper','360-810-3900\r'),(1601,'Sheilah Davie','585-463-5428\r'),(1602,'Jamesy Douthwaite','859-733-9138\r'),(1603,'Leonid MacLeese','185-398-4465\r'),(1604,'Terry Shellsheere','379-864-9184\r'),(1605,'Brear Mellsop','333-100-6154\r'),(1606,'Rena Frick','499-478-7080\r'),(1607,'Elliott Mallan','773-338-4792\r'),(1608,'Waylon Abarough','398-733-5259\r'),(1609,'Sandro Murrells','215-358-0070\r'),(1610,'Magdaia Gumbrell','872-842-3907\r'),(1611,'Jessey Ashington','788-476-0221\r'),(1612,'Grete Byard','176-827-3358\r'),(1613,'Ariel Olenchikov','581-383-3754\r'),(1614,'Diane-marie Robe','619-207-4099\r'),(1615,'Viviene Secret','202-688-5314\r'),(1616,'Rianon Berzen','306-681-4885\r'),(1617,'Staffard Ivatts','927-519-0105\r'),(1618,'Murry Sictornes','489-227-6498\r'),(1619,'Feliks Arnout','621-744-2962\r'),(1620,'Frayda Mullis','187-278-7217\r'),(1621,'Decca Mendel','140-168-5515\r'),(1622,'Levy Creedland','800-882-2804\r'),(1623,'Creighton Peel','910-576-1442\r'),(1624,'Gregorio Stoney','286-494-3260\r'),(1625,'Kimberlee Bebis','700-626-0939\r'),(1626,'Townsend Kinane','628-937-6922\r'),(1627,'Quentin Rawlin','958-681-6887\r'),(1628,'Bone Zipsell','426-742-6958\r'),(1629,'Benedikta Quernel','291-629-9068\r'),(1630,'Elianore Castellini','246-134-4550\r'),(1631,'Jacquetta Toffolini','596-442-3186\r'),(1632,'Baillie McCrackem','831-896-7691\r'),(1633,'Alana Bernth','362-497-8013\r'),(1634,'Baxter Trappe','241-719-0268\r'),(1635,'Ennis Lelande','655-102-4819\r'),(1636,'Bertha Feeny','882-551-4237\r'),(1637,'Davie Rockcliffe','435-202-0251\r'),(1638,'Andeee Gwyther','518-216-4842\r'),(1639,'Pembroke Bagger','408-842-9114\r'),(1640,'Monti Magee','336-462-6355\r'),(1641,'Hubey Plitz','309-539-7489\r'),(1642,'Perren Dudney','234-696-6653\r'),(1643,'Lorita Brownsworth','693-118-3639\r'),(1644,'Cam Snibson','405-985-7061\r'),(1645,'Lorettalorna Vigurs','496-693-2694\r'),(1646,'Alvira Siebart','842-800-7781\r'),(1647,'Iorgos Trewett','553-992-6857\r'),(1648,'Charline Dingsdale','705-159-6765\r'),(1649,'Julianna Hambidge','540-902-4675\r'),(1650,'Jehu Western','501-171-0209\r'),(1651,'Niki Bonder','424-109-9958\r'),(1652,'Batsheva Rogister','220-543-1382\r'),(1653,'Connie Mackstead','754-385-0270\r'),(1654,'Michele Beushaw','492-580-1783\r'),(1655,'Tasia Rothwell','718-156-3885\r'),(1656,'Jade Hachette','300-774-1490\r'),(1657,'Devlin Burchall','362-754-2170\r'),(1658,'Shirlee MacAleese','267-713-7956\r'),(1659,'Bertrando Bearcock','357-133-2337\r'),(1660,'Claudianus Peyes','822-897-1274\r'),(1661,'Raven Skentelbury','452-692-8209\r'),(1662,'Theo Whittock','577-585-7770\r'),(1663,'Ozzy Murdoch','458-828-1775\r'),(1664,'Immanuel Van der Beek','537-535-5610\r'),(1665,'Bryant Whithorn','728-888-5439\r'),(1666,'Gretna Fetherstan','677-988-4256\r'),(1667,'Torr Ellen','679-782-6025\r'),(1668,'Janene Gregoratti','276-195-3280\r'),(1669,'Federico Gowrich','143-484-1027\r'),(1670,'Merilyn Flieg','595-209-4671\r'),(1671,'Dallon Slemmonds','793-192-2938\r'),(1672,'Bianka Bernadzki','918-551-8637\r'),(1673,'Rosalinda Lahiff','187-734-6984\r'),(1674,'Elene Francillo','667-165-2012\r'),(1675,'Merwin Wealthall','282-397-3683\r'),(1676,'Sibelle Pretty','386-955-4713\r'),(1677,'Abigail De Michetti','206-797-9573\r'),(1678,'Shena Hachard','271-197-2307\r'),(1679,'Nickie Walburn','261-608-8863\r'),(1680,'Curtis Worrall','804-797-2629\r'),(1681,'Tandy Willas','550-403-8269\r'),(1682,'Seth Sommerville','583-590-7346\r'),(1683,'Hermione Piggins','437-245-6016\r'),(1684,'Borden Chaffin','699-127-2156\r'),(1685,'Lorette Bevington','354-209-6268\r'),(1686,'Malory Slocom','370-420-2458\r'),(1687,'Dorolice Parzizek','663-964-0960\r'),(1688,'Lissa Elcocks','616-713-8961\r'),(1689,'Bennie Durrett','888-479-1382\r'),(1690,'Hillyer Cowp','894-609-2952\r'),(1691,'Ives Iozefovich','758-282-2868\r'),(1692,'Zondra Poser','413-265-2235\r'),(1693,'Gayelord Balchin','288-749-0508\r'),(1694,'Rouvin Littlechild','513-566-0740\r'),(1695,'Derry Aers','733-299-2374\r'),(1696,'Natty Stonehouse','498-852-4228\r'),(1697,'Osmond Ready','531-530-0332\r'),(1698,'Tyler Chaize','468-497-5852\r'),(1699,'Lurette Begin','596-528-9764\r'),(1700,'Zia Whooley','561-270-2108\r'),(1701,'Zebedee Fontes','187-256-9357\r'),(1702,'Tessy Thrustle','495-916-0283\r'),(1703,'Sukey Thrussell','306-438-9359\r'),(1704,'Gavra Ivanaev','114-809-6101\r'),(1705,'Jules Brunelli','251-164-3642\r'),(1706,'Jordan Legion','395-463-7680\r'),(1707,'Jessee Dubery','935-926-1625\r'),(1708,'Myrwyn Flook','302-248-7652\r'),(1709,'Angil Binding','616-650-7452\r'),(1710,'Ronni McSwan','254-952-2262\r'),(1711,'Rosene Lagde','573-635-5731\r'),(1712,'Dino Botte','802-878-8656\r'),(1713,'Raye Huke','618-577-1871\r'),(1714,'Marshal Bullocke','534-857-5408\r'),(1715,'Wynn Batt','799-330-3192\r'),(1716,'Lira Paladini','684-690-4829\r'),(1717,'Cissiee Purkess','525-138-7588\r'),(1718,'Mela Van Driel','983-945-6647\r'),(1719,'Eimile Copo','137-446-9731\r'),(1720,'Cortney Humpherson','772-125-5387\r'),(1721,'Pearl Aleavy','370-473-4364\r'),(1722,'Chelsae Langham','464-304-5815\r'),(1723,'Bernie Deackes','804-613-0607\r'),(1724,'Aggy Longcaster','540-415-1966\r'),(1725,'Bobby MacAlister','331-177-7942\r'),(1726,'Read Weymont','491-311-2446\r'),(1727,'Noellyn Crann','677-383-1152\r'),(1728,'Dorry Vasile','132-399-1906\r'),(1729,'Desmund Lorait','232-450-1056\r'),(1730,'Gertrud Taw','931-947-6083\r'),(1731,'Patience Scrivens','492-156-3970\r'),(1732,'Gallard Dawidowitsch','333-395-2068\r'),(1733,'Hestia Glasson','202-722-8697\r'),(1734,'Odell Usherwood','439-955-6239\r'),(1735,'Twyla Ivanikhin','192-475-3725\r'),(1736,'Mattie Juden','389-480-9073\r'),(1737,'Stevana Pudsey','960-380-4849\r'),(1738,'Quill Juares','738-119-6159\r'),(1739,'Corrina Squibbes','256-980-5823\r'),(1740,'Idette MacGahey','240-371-0413\r'),(1741,'Agretha Osipenko','205-893-5896\r'),(1742,'Rufe Footitt','250-886-0581\r'),(1743,'Earvin Baal','186-677-1967\r'),(1744,'Fredi Easey','436-142-0414\r'),(1745,'Sherlock Bernadon','553-111-3900\r'),(1746,'Nikolaos Broggio','821-675-8560\r'),(1747,'Lamond Conechie','570-644-5961\r'),(1748,'Constance Dabrowski','815-320-8208\r'),(1749,'Pincus Potteridge','467-767-9241\r'),(1750,'Sheffy Shovlin','818-868-5843\r'),(1751,'Alex Geyton','985-956-7997\r'),(1752,'Emmy Plum','691-420-1213\r'),(1753,'Anallise Addams','476-297-7969\r'),(1754,'Hedi Gomery','303-485-0244\r'),(1755,'Pet Spaldin','997-920-3716\r'),(1756,'Constance Crone','566-391-6234\r'),(1757,'Gaile Hyatt','743-477-2382\r'),(1758,'Barney Choulerton','403-344-9276\r'),(1759,'Toinette McWhan','832-350-6373\r'),(1760,'Curcio Privost','731-560-5856\r'),(1761,'Eleni Amorts','154-194-5458\r'),(1762,'Faunie Goldine','390-958-1406\r'),(1763,'Giffer Riddich','337-958-0013\r'),(1764,'Guthrie Snel','303-280-8938\r'),(1765,'Marcella Pettisall','248-671-3352\r'),(1766,'Moyna Dowgill','135-801-2907\r'),(1767,'Lexy Owttrim','964-615-2221\r'),(1768,'Gussie Guerry','691-774-3925\r'),(1769,'Dita Gianullo','811-651-6549\r'),(1770,'Karissa Farenden','277-259-5577\r'),(1771,'Cymbre Pallin','676-997-6425\r'),(1772,'Creight Birdwhistell','183-926-8159\r'),(1773,'Kirstyn Krinks','775-623-7694\r'),(1774,'Gertrud Sagg','493-925-0647\r'),(1775,'Patty Ingledow','158-255-1819\r'),(1776,'Lief Tabourin','233-295-8033\r'),(1777,'Neil Borge','543-591-5707\r'),(1778,'Tony Langstone','972-237-0420\r'),(1779,'Bourke Loads','665-495-7524\r'),(1780,'Devon Trineman','789-646-4096\r'),(1781,'Mary Pinches','209-670-4313\r'),(1782,'Gaspard Caras','111-642-0998\r'),(1783,'Ody Falkinder','685-675-5073\r'),(1784,'Olly Posner','955-906-2030\r'),(1785,'Irwin Corssen','280-534-3864\r'),(1786,'Sibeal Braganca','184-488-3434\r'),(1787,'Iona Stroton','777-431-1802\r'),(1788,'Lila Illsley','669-785-7641\r'),(1789,'Juliet MacAnespie','847-248-5059\r'),(1790,'Reube Phillips','835-578-1385\r'),(1791,'Panchito Legat','137-799-7216\r'),(1792,'Bobina Rassell','623-226-4055\r'),(1793,'Bambie Hegarty','587-164-1571\r'),(1794,'Terri Haddleton','444-284-4885\r'),(1795,'Agustin Buckeridge','213-102-6618\r'),(1796,'Cybill Lamerton','890-879-6737\r'),(1797,'Catha Beardwood','866-623-8312\r'),(1798,'Tammie MacDuff','973-400-1722\r'),(1799,'Phip Capun','393-107-3254\r'),(1800,'Hermon Riglesford','607-772-6788\r'),(1801,'Gayelord Fewless','865-813-3857\r'),(1802,'Eleanora Brayson','300-219-4987\r'),(1803,'Hort Sephton','822-965-0439\r'),(1804,'Emilee Wishkar','273-549-6799\r'),(1805,'Arlinda Conibere','231-800-4399\r'),(1806,'Maye Wiltshier','580-549-3033\r'),(1807,'Sophia Maris','832-341-0239\r'),(1808,'Adorne Emerson','697-839-8272\r'),(1809,'Jacki Murrigan','960-905-3146\r'),(1810,'Basil Scarth','585-646-4131\r'),(1811,'Rebeca Mewton','171-661-2691\r'),(1812,'Orrin Camden','554-525-8357\r'),(1813,'Byrann MacGaffey','258-763-5985\r'),(1814,'Rodolphe Cathcart','907-180-3661\r'),(1815,'Dene Lorden','746-202-4108\r'),(1816,'Rina Plott','142-518-1865\r'),(1817,'Son Snashall','508-448-3362\r'),(1818,'Mattias Spore','592-914-3421\r'),(1819,'Guinevere Peddar','703-834-8449\r'),(1820,'Cammi Elnaugh','396-423-3282\r'),(1821,'Chuck Glasscoe','291-423-4110\r'),(1822,'Dian Bellinger','530-929-5038\r'),(1823,'Vi McCaughran','343-992-6169\r'),(1824,'Theodoric Obell','586-315-6409\r'),(1825,'Rowney Kingshott','535-572-9265\r'),(1826,'Andras Bonsey','652-252-0245\r'),(1827,'Wilburt Abeles','524-796-7439\r'),(1828,'Lavinie Stithe','726-834-7740\r'),(1829,'Jasmine Hammersley','993-793-0065\r'),(1830,'Erasmus Cardenoso','841-499-0102\r'),(1831,'Monte Longford','205-451-4979\r'),(1832,'Sam Epine','306-393-6778\r'),(1833,'Lyell Novotni','665-530-5814\r'),(1834,'Odele Riddle','572-173-9467\r'),(1835,'Alex Hammerman','324-731-7434\r'),(1836,'Tucker Tuff','893-118-1227\r'),(1837,'Clemens Diben','773-765-0313\r'),(1838,'Eleen Imlin','138-260-4045\r'),(1839,'Johnathon Bowart','115-626-9970\r'),(1840,'Mandel Shrieve','474-478-6618\r'),(1841,'Steffi Silcox','102-912-0569\r'),(1842,'Derick Swain','664-646-9246\r'),(1843,'Eziechiele Kleinbaum','328-575-4875\r'),(1844,'Torrie Feaviour','163-933-1653\r'),(1845,'Stirling Graffin','795-786-4016\r'),(1846,'Dorthea Messenger','971-182-5390\r'),(1847,'Ethelin Dunbleton','671-889-9469\r'),(1848,'Norah Arndtsen','632-973-0289\r'),(1849,'Marja Grundey','645-403-2293\r'),(1850,'Tracie Debrett','683-163-9073\r'),(1851,'Nikolas Rebillard','109-333-7725\r'),(1852,'Franzen Lynthal','930-335-8316\r'),(1853,'Rea Faireclough','719-520-0367\r'),(1854,'John Circuit','857-392-9576\r'),(1855,'Gabey Lile','950-115-4588\r'),(1856,'Pammy Klinck','792-825-7819\r'),(1857,'Sisile Greder','760-861-0652\r'),(1858,'Monti Gilkes','287-322-8051\r'),(1859,'Ralf Thrustle','742-215-4347\r'),(1860,'Carmelina Bussell','386-442-7603\r'),(1861,'Nev Cleveland','720-176-3664\r'),(1862,'Ax Dufoure','926-369-3859\r'),(1863,'Aviva Deverose','561-413-8481\r'),(1864,'Elwood Witten','659-611-8695\r'),(1865,'Jo ann Coulthard','687-914-8212\r'),(1866,'Waylon Coddrington','995-503-2872\r'),(1867,'Bartolemo Davydochkin','190-640-1601\r'),(1868,'Raphael Sephton','617-660-5911\r'),(1869,'Nelia MacLucais','718-118-1630\r'),(1870,'Hannie Offin','309-542-4834\r'),(1871,'Tammie OIlier','950-265-7184\r'),(1872,'Allegra Aldham','132-865-0106\r'),(1873,'Parke Daskiewicz','504-442-9785\r'),(1874,'Saul Steddall','587-999-4732\r'),(1875,'Dotty Jimes','948-571-1453\r'),(1876,'Raychel Crehan','723-574-5905\r'),(1877,'Trina Lerven','243-917-9619\r'),(1878,'Babita Gentiry','855-542-6543\r'),(1879,'Marge Hiorn','918-750-2002\r'),(1880,'Omar Crosetto','748-970-5477\r'),(1881,'Lesya Radmore','937-944-0115\r'),(1882,'Eugen Highman','835-529-6981\r'),(1883,'Juline Tremberth','815-677-4122\r'),(1884,'Ferdinand Gettone','661-360-0231\r'),(1885,'Charisse Petyanin','664-282-5670\r'),(1886,'Ofelia Salsbury','697-192-6017\r'),(1887,'Cristal Richel','779-255-7654\r'),(1888,'Hallie Edworthye','892-451-1269\r'),(1889,'Alfi Saban','491-218-1378\r'),(1890,'Elicia Maciak','808-947-4637\r'),(1891,'Calli Jochanany','492-189-8839\r'),(1892,'Corly Chappel','703-495-4195\r'),(1893,'Leeanne Ortsmann','960-970-3668\r'),(1894,'Nicolle Starbuck','771-194-2611\r'),(1895,'Beitris Piburn','895-275-1335\r'),(1896,'Loise Baptist','458-588-4131\r'),(1897,'Belinda Ghione','117-699-3395\r'),(1898,'Jinny Beamson','762-259-4202\r'),(1899,'Juliet Saull','845-893-6820\r'),(1900,'Phyllida Gerriet','619-686-3925\r'),(1901,'Melisandra Bellard','599-318-4746\r'),(1902,'Noble Flag','912-142-7723\r'),(1903,'Fred Mabley','344-360-2669\r'),(1904,'Mabelle Farman','773-302-5480\r'),(1905,'Lydie Diviney','976-787-8273\r'),(1906,'Elysee Smewing','712-160-2702\r'),(1907,'Cinda Wingeatt','915-736-0669\r'),(1908,'Alvina Wickrath','690-972-0924\r'),(1909,'Diandra Beasant','273-715-9222\r'),(1910,'Lorry Alberts','647-793-6149\r'),(1911,'Lucien McArdle','682-850-1319\r'),(1912,'Dominique Bastide','405-932-7793\r'),(1913,'Jasper De Freyne','536-670-1663\r'),(1914,'Regan Nealey','905-595-7444\r'),(1915,'Warner Maudsley','782-267-0484\r'),(1916,'Randee Steuart','684-884-0052\r'),(1917,'Lemar Cretney','726-304-1596\r'),(1918,'Amaleta Harback','371-568-9616\r'),(1919,'Erminie Byass','460-373-5043\r'),(1920,'Upton Kernock','760-898-6589\r'),(1921,'Igor Channing','168-318-8644\r'),(1922,'Orella Gregoletti','377-435-9382\r'),(1923,'Nickolaus Ready','625-398-0763\r'),(1924,'Carolee Pecha','613-460-6721\r'),(1925,'Jedediah Heighton','310-374-7322\r'),(1926,'Brenn Christall','648-874-3676\r'),(1927,'Anne-corinne Cobby','795-524-1812\r'),(1928,'Niels Brun','435-471-7512\r'),(1929,'Jerrie Spalls','131-727-0812\r'),(1930,'Milicent Vergo','843-235-2706\r'),(1931,'Betty Gibbieson','611-356-2570\r'),(1932,'Trev Bonsey','855-253-3248\r'),(1933,'Kania Brade','980-589-3514\r'),(1934,'Wallie Swainston','752-603-5321\r'),(1935,'Doralin Redgewell','624-319-6614\r'),(1936,'Debera Isselee','374-466-4867\r'),(1937,'Gaspard Dewsnap','399-879-6019\r'),(1938,'Isobel Hubbocks','621-345-1307\r'),(1939,'Dennis Searight','495-629-6238\r'),(1940,'Leicester Morrott','517-755-5369\r'),(1941,'Lacy Cummine','563-749-8297\r'),(1942,'Terrel McCook','499-655-6682\r'),(1943,'Tamara McKall','905-289-5703\r'),(1944,'Madelaine Priestner','452-184-1610\r'),(1945,'Leonard Bottby','777-217-6603\r'),(1946,'Minnaminnie Goodswen','924-111-7593\r'),(1947,'Arturo Darkin','944-174-4002\r'),(1948,'Corinna Orrah','371-758-0638\r'),(1949,'Drucie Padbery','235-499-3827\r'),(1950,'Gerard Childs','641-319-4246\r'),(1951,'Nikolai Natt','913-915-9357\r'),(1952,'Matti Bye','513-660-3398\r'),(1953,'Terra Standingford','476-819-9172\r'),(1954,'Findley Pendred','245-730-7268\r'),(1955,'Ansell De Mattia','620-528-5999\r'),(1956,'Archibold Sayce','896-729-8557\r'),(1957,'Stafford Parysowna','914-846-6441\r'),(1958,'Kissee Boyington','780-836-9687\r'),(1959,'Benson Franklen','746-463-2427\r'),(1960,'Bibi Luberti','519-266-0430\r'),(1961,'Bink Dowle','361-884-9955\r'),(1962,'Carolin Annies','238-802-8200\r'),(1963,'Gypsy Dreger','397-574-9316\r'),(1964,'Domenico Colby','195-824-7146\r'),(1965,'Freida Springthorpe','381-570-7906\r'),(1966,'Phillis Weich','985-590-6344\r'),(1967,'Sam Leser','927-185-2823\r'),(1968,'Matthiew Crisp','279-797-4027\r'),(1969,'Clayborne Naulls','230-310-0505\r'),(1970,'Lesley Gencke','143-243-7892\r'),(1971,'Ingamar Lomasna','106-872-3790\r'),(1972,'Dorelia Castelow','279-353-8730\r'),(1973,'Elli McKinless','480-760-7148\r'),(1974,'Raychel Heaffey','767-641-5991\r'),(1975,'Barrie Stothard','133-327-2019\r'),(1976,'Ody Jovasevic','853-625-3777\r'),(1977,'Jon Leare','314-578-5233\r'),(1978,'Wit Pretty','739-651-2461\r'),(1979,'Rainer Jamson','363-949-3759\r'),(1980,'Mamie Cairns','705-870-2036\r'),(1981,'Meredeth Kelleway','535-998-2813\r'),(1982,'Fairleigh McGebenay','854-511-1395\r'),(1983,'Mahalia Risson','927-309-4397\r'),(1984,'Lebbie Linforth','857-383-8571\r'),(1985,'Pamelina Tretwell','871-900-3706\r'),(1986,'Reeba Tarver','224-627-7353\r'),(1987,'Ilene Tallent','970-325-3126\r'),(1988,'Jolee Waldrum','874-571-8099\r'),(1989,'Aldin Boult','158-741-8571\r'),(1990,'Giulietta Yantsurev','695-499-8538\r'),(1991,'Wendye Douthwaite','568-697-2832\r'),(1992,'Robinetta Mazzey','816-347-9173\r'),(1993,'Harlie Cuffe','904-560-5857\r'),(1994,'Pegeen McGifford','523-895-6352\r'),(1995,'Dewey Le febre','508-879-1563\r'),(1996,'Claribel Buchanan','633-380-7093\r'),(1997,'Loretta Ellerey','492-299-5817\r'),(1998,'Rolando Abrahart','943-131-5218\r'),(1999,'Katrine Kadd','959-318-1389\r'),(2000,'Corby Hatley','453-241-6325\r'),(2001,'Ignacio Corbet','900-217-9261\r'),(2002,'Caria Killock','700-906-3529\r'),(2003,'Granville Scrannage','477-834-5259\r'),(2004,'Barny La Croce','837-141-9647\r'),(2005,'Tome Boniface','943-401-3324\r'),(2006,'Blaine Astman','327-587-3537\r'),(2007,'Philippa Johann','750-533-4861\r'),(2008,'Sammy Rutt','523-803-0303\r'),(2009,'Julita Hamblen','109-814-1888\r'),(2010,'Concettina Searl','431-211-0255\r'),(2011,'Minetta Acock','883-608-9148\r'),(2012,'Anthiathia McGrey','404-197-8518\r'),(2013,'Richardo Roseburgh','284-810-2004\r'),(2014,'Jesse Connelly','286-217-2071\r'),(2015,'Cher Cowe','174-137-8400\r'),(2016,'Shanan Regitz','562-376-0836\r'),(2017,'Theadora Borrow','361-408-6697\r'),(2018,'Harold Manby','162-186-9202\r'),(2019,'Arlen Mallion','643-721-6257\r'),(2020,'Gail Scocroft','500-840-3355\r'),(2021,'Derrik Larby','437-888-7161\r'),(2022,'Roxanne Abson','189-356-4887\r'),(2023,'Quincey Whatling','820-839-0378\r');
/*!40000 ALTER TABLE `покупатель` ENABLE KEYS */;
UNLOCK TABLES;

--
-- Table structure for table `производитель_дисков`
--

DROP TABLE IF EXISTS `производитель_дисков`;
/*!40101 SET @saved_cs_client     = @@character_set_client */;
/*!50503 SET character_set_client = utf8mb4 */;
CREATE TABLE `производитель_дисков` (
  `id` int NOT NULL AUTO_INCREMENT,
  `Страна` varchar(50) NOT NULL,
  `Наименование` varchar(45) NOT NULL,
  PRIMARY KEY (`id`)
) ENGINE=InnoDB AUTO_INCREMENT=9 DEFAULT CHARSET=utf8mb4 COLLATE=utf8mb4_0900_ai_ci;
/*!40101 SET character_set_client = @saved_cs_client */;

--
-- Dumping data for table `производитель_дисков`
--

LOCK TABLES `производитель_дисков` WRITE;
/*!40000 ALTER TABLE `производитель_дисков` DISABLE KEYS */;
INSERT INTO `производитель_дисков` VALUES (1,'Япония','5-zigen'),(2,'Япония','Advan'),(3,'AEZ','Германия'),(4,'Alutec','Германия'),(5,'BBS','Германия'),(6,'K&K','Россия'),(7,'MAK','Италия'),(8,'Weds','Китай');
/*!40000 ALTER TABLE `производитель_дисков` ENABLE KEYS */;
UNLOCK TABLES;

--
-- Table structure for table `производитель_шин`
--

DROP TABLE IF EXISTS `производитель_шин`;
/*!40101 SET @saved_cs_client     = @@character_set_client */;
/*!50503 SET character_set_client = utf8mb4 */;
CREATE TABLE `производитель_шин` (
  `id_vendor_psh` int NOT NULL AUTO_INCREMENT,
  `Имя` varchar(40) NOT NULL,
  `Страна` varchar(40) NOT NULL,
  PRIMARY KEY (`id_vendor_psh`)
) ENGINE=InnoDB AUTO_INCREMENT=11 DEFAULT CHARSET=utf8mb4 COLLATE=utf8mb4_0900_ai_ci;
/*!40101 SET character_set_client = @saved_cs_client */;

--
-- Dumping data for table `производитель_шин`
--

LOCK TABLES `производитель_шин` WRITE;
/*!40000 ALTER TABLE `производитель_шин` DISABLE KEYS */;
INSERT INTO `производитель_шин` VALUES (1,'Toyo','Япония'),(2,'Cooper','США'),(3,'Bridgestone','Япония'),(4,'Yokohama','Япония'),(5,'Nokian','Финляндия'),(6,'Continental AG','Германия'),(7,'Hankook','Южная Корея'),(8,'Pirelli','Италия'),(9,'Goodyear','США'),(10,'Michelin','Франция');
/*!40000 ALTER TABLE `производитель_шин` ENABLE KEYS */;
UNLOCK TABLES;

--
-- Table structure for table `размер_дисков`
--

DROP TABLE IF EXISTS `размер_дисков`;
/*!40101 SET @saved_cs_client     = @@character_set_client */;
/*!50503 SET character_set_client = utf8mb4 */;
CREATE TABLE `размер_дисков` (
  `idРазмер` int NOT NULL AUTO_INCREMENT,
  `Диаметр` int NOT NULL,
  `Ширина` int NOT NULL,
  PRIMARY KEY (`idРазмер`)
) ENGINE=InnoDB AUTO_INCREMENT=24 DEFAULT CHARSET=utf8mb4 COLLATE=utf8mb4_0900_ai_ci;
/*!40101 SET character_set_client = @saved_cs_client */;

--
-- Dumping data for table `размер_дисков`
--

LOCK TABLES `размер_дисков` WRITE;
/*!40000 ALTER TABLE `размер_дисков` DISABLE KEYS */;
INSERT INTO `размер_дисков` VALUES (1,13,60),(2,13,55),(3,13,50),(4,13,45),(5,13,40),(6,14,60),(7,14,55),(8,14,50),(9,14,45),(10,14,40),(11,15,60),(12,15,55),(13,15,50),(14,15,45),(15,15,40),(16,16,55),(17,16,50),(18,16,45),(19,16,40),(20,17,55),(21,17,50),(22,17,45),(23,17,40);
/*!40000 ALTER TABLE `размер_дисков` ENABLE KEYS */;
UNLOCK TABLES;

--
-- Table structure for table `сотрудники`
--

DROP TABLE IF EXISTS `сотрудники`;
/*!40101 SET @saved_cs_client     = @@character_set_client */;
/*!50503 SET character_set_client = utf8mb4 */;
CREATE TABLE `сотрудники` (
  `id_employer` int NOT NULL AUTO_INCREMENT,
  `FIO` varchar(100) NOT NULL,
  `Work_expirience` int NOT NULL,
  `idstore` int NOT NULL,
  `id_post` int NOT NULL,
  PRIMARY KEY (`id_employer`),
  KEY `fk_post_idx` (`id_post`),
  KEY `сотрудники_ibfk_1` (`idstore`),
  CONSTRAINT `fk_post` FOREIGN KEY (`id_post`) REFERENCES `должность` (`id`),
  CONSTRAINT `сотрудники_ibfk_1` FOREIGN KEY (`idstore`) REFERENCES `магазин` (`idstore`)
) ENGINE=InnoDB AUTO_INCREMENT=1080 DEFAULT CHARSET=utf8mb4 COLLATE=utf8mb4_0900_ai_ci;
/*!40101 SET character_set_client = @saved_cs_client */;

--
-- Dumping data for table `сотрудники`
--

LOCK TABLES `сотрудники` WRITE;
/*!40000 ALTER TABLE `сотрудники` DISABLE KEYS */;
INSERT INTO `сотрудники` VALUES (49,'Иванов Иван Иванович',5,1,5),(50,'Абрамян Арам Вачаганович',10,2,6),(51,'Иваненко Денис Иванович',7,3,7),(52,'Ткачева Дарья Юрьевна',2,4,10),(53,'Гражданкин Денис Максимович',1,5,9),(54,'Сулейманов Тимур Вазгенович',3,6,5),(55,'Леус Даниил Андреевич',8,3,6),(56,'Шишкина Марина Алексеевна',7,4,6),(57,'Consuelo Millgate',4,6,7),(58,'Amargo Wibrow',3,2,7),(59,'Eustacia Mumbey',9,5,6),(60,'Elton Marco',10,3,5),(61,'Linc Beteriss',3,5,5),(62,'Sandor Gecke',9,6,6),(63,'Clark Doohey',6,5,5),(64,'Suellen Schwier',4,6,9),(65,'Kaycee Veitch',7,4,10),(66,'Kenn Mattacks',10,1,10),(67,'Zonda Krol',7,4,7),(68,'Bessy Figgins',6,5,5),(69,'Sidoney Tremayle',5,5,9),(70,'Maxie McAuslene',7,3,8),(71,'Farah Cornilli',8,1,5),(72,'Minor Rudledge',7,3,7),(73,'Janelle Brunet',6,6,6),(74,'Timotheus Luton',10,3,9),(75,'Filippo Royans',5,4,7),(76,'Gerrilee Elvins',1,5,6),(77,'Ulises Ashman',5,6,6),(78,'Eadith Hassall',2,3,9),(79,'Bibbye Gouda',6,5,8),(80,'Avrom Arter',8,5,10),(81,'Gabrila Franklen',3,3,7),(82,'Spenser Frayn',10,5,10),(83,'Arlinda Sunter',10,3,10),(84,'Tony Alwood',3,1,7),(85,'Ysabel Lemoir',9,5,10),(86,'Barny Pitchford',9,1,5),(87,'Florella Roseborough',4,4,8),(88,'Howey Ferneley',2,1,10),(89,'Barbara-anne MacArthur',8,5,9),(90,'Monroe Bigley',4,2,5),(91,'Osgood McPeeters',10,3,9),(92,'Daron Fussell',1,6,5),(93,'Glyn Grealish',10,1,5),(94,'Alexandra Harber',1,1,9),(95,'Thain Aylwin',4,1,7),(96,'Archie Fibbit',5,4,10),(97,'Bill Filyakov',10,6,5),(98,'Thatch Doman',5,5,8),(99,'Witty Baistow',9,5,7),(100,'Genia Sanderson',6,4,7),(101,'Gib Bony',5,2,10),(102,'Lyndy Gunthorp',9,3,7),(103,'Andromache Reignard',1,6,9),(104,'Wells Shurrock',7,6,10),(105,'Kalina Bettison',5,3,8),(106,'Haleigh Dikle',9,3,5),(107,'Willie Greatbach',1,2,7),(108,'Ysabel Cavey',2,3,6),(109,'Kizzie Bennell',8,5,10),(110,'Craggie Richemond',4,6,8),(111,'Viviene Ashford',3,1,10),(112,'Matty Karlqvist',7,4,5),(113,'Sergent Ludman',5,3,8),(114,'Irwin Litzmann',1,1,7),(115,'Dani Symonds',2,3,9),(116,'Franky Moncrefe',6,6,5),(117,'Yehudit Durram',1,5,5),(118,'Deeann Hurdwell',4,4,9),(119,'Felipe Edelmann',1,4,9),(120,'Sigismund Ivie',3,6,5),(121,'Philippine Cornewall',8,4,9),(122,'Arnold Chilley',2,6,8),(123,'Lyndsey Avard',9,4,8),(124,'Gabie Gravenell',5,4,5),(125,'Christian Mungan',5,2,6),(126,'Madelaine Presidey',6,2,6),(127,'Risa Stampe',9,6,6),(128,'Shelton Myers',7,6,10),(129,'Gavin Grimston',10,4,5),(130,'Trisha Packham',2,6,6),(131,'Cristen Rohan',3,3,10),(132,'Angel Blaker',4,6,7),(133,'Marijo Eliyahu',8,2,8),(134,'Luisa Evered',3,2,8),(135,'Verine Roddan',1,3,9),(136,'Hashim Hertwell',4,5,8),(137,'Andres Dike',9,1,9),(138,'Artur Wittier',3,5,10),(139,'Flori Nicholes',6,4,7),(140,'Monty Tindle',6,5,7),(141,'Ginevra Scrace',9,6,7),(142,'Weidar Bernardotti',4,4,7),(143,'Silvana Brotherhed',3,4,10),(144,'Jaymee Monget',6,3,6),(145,'Georg Crawcour',4,5,9),(146,'Rudolf Oddie',3,4,5),(147,'Maxim Arrault',8,2,6),(148,'El Trassler',5,2,8),(149,'Louisa MacCallion',8,4,10),(150,'Sabra McGarrahan',3,6,5),(151,'Mattie Wadwell',3,5,7),(152,'Francine Iannelli',7,1,9),(153,'Tobias Palser',7,2,5),(154,'Brit Jermin',3,6,7),(155,'Davey Bowkley',2,5,9),(156,'Lory Cayford',2,3,10),(157,'Kelby Goatcher',3,2,7),(158,'Huey Reedie',8,4,7),(159,'Karylin Okell',1,4,7),(160,'Mikel Trouncer',2,6,5),(161,'Rakel M\'Quharge',3,2,10),(162,'Collin Maudsley',9,6,5),(163,'Wini Lear',10,6,6),(164,'Valentijn Quant',1,3,5),(165,'Bibby Dohms',7,6,5),(166,'Norrie Mell',3,2,8),(167,'Drud Arstingall',10,3,6),(168,'Winonah Milan',3,1,5),(169,'Xymenes Jensen',4,5,8),(170,'Parsifal Farthin',3,2,5),(171,'Revkah Hailwood',2,2,8),(172,'Morganne Nadin',7,2,10),(173,'Kendre Shovell',8,4,9),(174,'Dorene Cleveley',10,4,5),(175,'Fredek Willingam',4,6,7),(176,'Hadleigh Engledow',9,6,6),(177,'Demetria Iwanowicz',10,1,9),(178,'Hasty Peterffy',5,4,5),(179,'Eberhard Francois',9,1,8),(180,'Walden Bothram',1,2,7),(181,'Larry Human',1,5,8),(182,'Cristionna Brogini',1,4,8),(183,'Murielle Wyett',2,6,6),(184,'Melody Hewins',7,6,10),(185,'Giovanna Edison',4,3,5),(186,'Janot Prendeguest',9,1,5),(187,'Ted Oscroft',5,3,8),(188,'Karalynn Larimer',2,6,7),(189,'Kendell Cowie',4,6,6),(190,'Jackelyn Arrault',8,6,8),(191,'Kass Priver',6,3,8),(192,'Hollyanne Fonteyne',1,1,7),(193,'Brenna Merigeau',6,1,7),(194,'Donnie Coraini',3,4,5),(195,'Byrle Vinas',1,3,8),(196,'Starlin Stirrup',8,3,7),(197,'Floris Ilyasov',2,2,10),(198,'Esther Langrick',1,5,5),(199,'Coralie Wadham',9,6,10),(200,'Cybill Rotchell',10,2,10),(201,'Baxter Downey',8,3,8),(202,'Dalton Pretsell',9,1,10),(203,'Jamal Potts',9,2,9),(204,'Codie Wipfler',7,4,6),(205,'Kizzee Trevers',1,2,5),(206,'Henrietta Castellaccio',5,4,7),(207,'Mitch Martugin',7,1,8),(208,'Dolorita Bellocht',6,3,6),(209,'Onfroi Meachem',1,3,5),(210,'Reed Jancik',6,4,9),(211,'Sanford Alexandrescu',3,5,5),(212,'Jonis Vasyanin',4,4,10),(213,'Bryce Oiseau',4,1,6),(214,'Shaun Vinson',9,6,6),(215,'Cortney Ogborne',2,6,5),(216,'Jared Wanka',7,5,10),(217,'Dredi Rainsbury',2,4,6),(218,'Britney Hum',2,1,9),(219,'Lucine Eilles',1,6,10),(220,'Desirae Didsbury',8,1,9),(221,'Fayette Mariotte',9,1,5),(222,'Marybeth Luis',2,3,5),(223,'Wilone Saunders',5,6,6),(224,'Elly Lerway',6,6,5),(225,'Druci Poag',3,4,10),(226,'Dayle Caruth',10,6,8),(227,'Raul McTear',4,4,5),(228,'Micheil Casier',3,4,10),(229,'Pen Muat',1,6,6),(230,'Alonzo Archer',6,4,8),(231,'Gabbie Cleyburn',8,3,8),(232,'Georgi Sink',9,4,9),(233,'Drucy Cornelis',10,4,7),(234,'Kaila Edgeler',2,5,5),(235,'Sasha Faithfull',9,1,9),(236,'Josefina Roggeman',3,3,9),(237,'Hersh Roarty',1,5,8),(238,'Shir Matei',5,6,5),(239,'Fanni Prime',9,6,6),(240,'Ashley Bartos',4,5,10),(241,'Byrom Littleproud',6,4,9),(242,'Templeton Crayke',8,5,10),(243,'Cherri Saywood',5,4,6),(244,'Ashla Lumby',10,2,8),(245,'Phineas Grishukov',1,5,7),(246,'Matelda Marsy',1,2,10),(247,'Auguste Hamsson',10,3,10),(248,'Athene MacCrossan',6,5,8),(249,'Danyette Beurich',7,4,10),(250,'Stern Garrand',8,2,7),(251,'Dannye Godmer',5,4,5),(252,'Zia Briand',3,5,5),(253,'Bowie Belone',4,3,6),(254,'Tammy Allworthy',4,4,9),(255,'Nicko Atcock',6,6,8),(256,'Felic Smieton',3,2,7),(257,'Lucky Hanna',4,3,10),(258,'Mame Layson',3,3,5),(259,'Talbot Woodcock',5,2,7),(260,'Leonid Dulson',7,1,9),(261,'Saul Mocker',5,5,10),(262,'Angelle McLoughlin',9,6,5),(263,'Chane Lambertazzi',6,5,10),(264,'Hermie Le Grove',7,4,9),(265,'Mahmoud Metherell',9,1,9),(266,'Monro Fakeley',6,3,7),(267,'Solly Counter',4,2,6),(268,'Fredericka Farnsworth',9,2,6),(269,'Shara Coundley',5,5,5),(270,'Rubin Gauford',2,2,8),(271,'Sallee Farquar',3,1,10),(272,'Mable Sayle',9,1,5),(273,'Keefer Leale',2,1,10),(274,'Marga Purkiss',5,2,7),(275,'Karie Moulster',4,5,10),(276,'Linnell MacAiline',9,3,7),(277,'Jelene McAline',4,3,10),(278,'Mill Berends',3,1,5),(279,'Darn Welband',7,3,7),(280,'Nicola Libri',2,2,6),(281,'Clint Curnnokk',9,2,6),(282,'Angelia Gainsboro',9,6,9),(283,'Samara Zappel',3,3,5),(284,'Tamqrah Moreno',10,1,8),(285,'Bryan Claye',5,3,10),(286,'Carilyn Gianolini',9,3,5),(287,'Tabbie Hinckes',1,3,8),(288,'Nicoline Gabbetis',4,2,10),(289,'Dominga Baythrop',4,3,6),(290,'Jefferey Cordeau]',1,3,5),(291,'Kipp Spurdon',4,3,6),(292,'Manfred Circuitt',6,3,9),(293,'Maggie Dressell',7,5,7),(294,'Candie Wanden',6,5,10),(295,'Bear Wynne',3,3,6),(296,'Marina Atkinson',2,1,10),(297,'Nelson Mawson',1,1,10),(298,'Dorise Rudinger',5,3,10),(299,'Milty Iapico',4,5,10),(300,'Christos Janiak',10,2,5),(301,'Amelie Chrstine',3,6,5),(302,'Cirstoforo Nutley',3,5,5),(303,'Lishe Durnell',1,4,6),(304,'Kerwinn Leile',1,5,9),(305,'Wainwright Brokenbrow',2,3,8),(306,'Ody Hargrave',10,3,7),(307,'Callie Casaro',4,2,10),(308,'Clayton Peppard',3,5,9),(309,'Omar Andreutti',2,5,7),(310,'Jolynn Bulpitt',1,4,5),(311,'Calypso Hurler',1,1,5),(312,'Paulina Kubczak',10,6,7),(313,'Dev McArdle',2,3,8),(314,'Siana Rennie',2,3,7),(315,'Colas Hurrell',5,2,6),(316,'Ruddy Goude',7,2,7),(317,'Finlay Orrom',5,3,6),(318,'Gideon McCall',1,4,10),(319,'Anabelle Scheffler',5,6,8),(320,'Sutherland Petzold',10,5,9),(321,'Clem Disley',5,1,10),(322,'Feliza Petry',8,1,6),(323,'Auberon Milan',3,6,10),(324,'Daune Heintze',2,1,9),(325,'Lynnelle Bellord',9,4,9),(326,'Shelly Franscioni',9,5,9),(327,'Reinwald Birchill',8,1,10),(328,'Jenni Burdon',7,3,10),(329,'Nikita Kenen',10,4,8),(330,'Dorotea Hollerin',2,6,8),(331,'Stillmann Grimolbie',5,2,8),(332,'Sallyann Wallach',4,2,7),(333,'Silvanus Sayburn',8,3,5),(334,'Phyllis Fishleigh',7,1,6),(335,'Shawnee Tombling',6,4,9),(336,'Nefen Flarity',5,3,10),(337,'Taddeusz Bennison',5,6,6),(338,'Bab Alabaster',5,6,8),(339,'Tracie Tullis',5,5,6),(340,'Whitaker Lynd',6,2,7),(341,'Kellby Cartmel',1,4,10),(342,'Ax Padrick',10,5,5),(343,'Dolorita Jickells',3,2,10),(344,'Nicolas Blaby',7,4,9),(345,'Ralph O\'Deegan',4,5,10),(346,'Flori Sommerville',7,2,8),(347,'Gerianne Iacovini',5,4,8),(348,'Nancee Grealish',2,6,9),(349,'Augustina Kunat',3,6,10),(350,'Arliene Foad',6,1,8),(351,'Chickie Dederich',10,4,5),(352,'Lynnett Stickel',5,6,5),(353,'Mil Nosworthy',5,4,8),(354,'Odille Grigorian',8,2,10),(355,'Cecilia Jonah',9,5,6),(356,'Celisse Boucher',4,2,9),(357,'Franzen Lardeux',1,4,9),(358,'Raff Wainman',2,2,5),(359,'Dosi Cabotto',4,4,8),(360,'Vallie Boyat',4,4,7),(361,'Emelia Quiddihy',9,2,8),(362,'Joete Faulconbridge',2,3,6),(363,'Gayler Euler',4,6,7),(364,'Debera Marnane',3,5,7),(365,'Ignaz Dissman',8,6,7),(366,'Benjy Winn',9,3,5),(367,'Pascale Brauns',1,5,5),(368,'Charleen Almon',6,4,5),(369,'Gael Wilshaw',8,2,10),(370,'Nehemiah Ledley',1,3,5),(371,'Shelden Anwyl',8,4,5),(372,'Juliane Robertsson',10,1,7),(373,'Dudley Sives',1,5,5),(374,'Roger Aindrais',9,5,6),(375,'Brannon Rozier',5,6,5),(376,'Kacy Dutnell',4,2,8),(377,'Harmon Garoghan',3,4,9),(378,'Bridgette Sawl',8,5,8),(379,'Fayre Pheasey',1,5,9),(380,'Artemis Ghioni',2,2,8),(381,'Chere Duckerin',9,1,5),(382,'Zeke Grinyakin',9,5,9),(383,'Dorise Fader',8,3,7),(384,'Beverly Colls',7,4,8),(385,'Audie Rossi',4,5,8),(386,'Adrien Barwick',9,5,7),(387,'Cammi Landers',1,2,10),(388,'Davie Skaid',8,4,9),(389,'Teodoro Murby',6,5,10),(390,'Shannan Walsom',3,1,5),(391,'Gilberta Dumingos',10,2,5),(392,'Davon Lelievre',7,3,10),(393,'Cairistiona Eminson',5,6,8),(394,'Dotty Klaus',2,2,10),(395,'Cort Groarty',2,6,7),(396,'Eadmund Newlands',1,1,9),(397,'Jecho Gullifant',6,5,7),(398,'Gan Carress',10,2,10),(399,'Milka Seth',7,1,7),(400,'Hillary Woolcocks',5,1,7),(401,'Beverly Tillman',6,2,8),(402,'Carce Walklate',6,2,5),(403,'Reginald Brechin',10,2,10),(404,'Matthias Talloe',10,1,7),(405,'Saraann Waeland',5,5,10),(406,'Cherri Brawn',3,4,5),(407,'Gideon Grosvenor',3,3,9),(408,'Stillmann Fibbings',1,1,5),(409,'Thorndike Pottie',9,6,10),(410,'Kira Claussen',6,1,10),(411,'Mychal Cicero',6,4,5),(412,'Constantina Rentz',8,2,7),(413,'Granville Olyonov',1,1,8),(414,'Mallissa Farady',7,6,9),(415,'Dulcia Sunners',8,6,6),(416,'Putnem Kobpa',10,4,9),(417,'Wilton Belson',8,2,6),(418,'Dorthy Mingardo',7,6,8),(419,'Jodie Wileman',6,5,6),(420,'Garrick Robertsen',9,6,8),(421,'Josiah Jansson',7,4,5),(422,'Sherwin Billison',1,5,8),(423,'Richart Gallop',1,5,5),(424,'Noelyn Yosevitz',1,6,6),(425,'Tommie Stallion',5,5,8),(426,'Carissa Matthewman',7,3,5),(427,'Archibald Asp',8,3,9),(428,'Wainwright Lorenzetti',4,2,5),(429,'Cherish Datte',7,3,7),(430,'Odelinda Milthorpe',7,5,9),(431,'Albertine Raun',2,6,10),(432,'Yalonda Crellin',8,3,9),(433,'Bartel Fetherstan',7,4,9),(434,'Stevy Kewish',1,2,10),(435,'Aubrey Ovell',9,3,5),(436,'Mike Isac',5,1,6),(437,'Carver Kirrage',5,4,7),(438,'Cammy Mc Menamin',9,2,9),(439,'Clem Storm',2,3,5),(440,'Garald MacFaul',4,6,8),(441,'Marie-jeanne Dimnage',5,5,6),(442,'Noah Fowkes',3,2,5),(443,'Monah Varne',10,3,8),(444,'Bernelle Chaffin',2,2,7),(445,'Loraine Flement',5,5,6),(446,'Aindrea Gallimore',3,3,7),(447,'Tish Iannazzi',3,3,5),(448,'Tobias Klemenz',6,1,8),(449,'Peyton Cogley',7,6,9),(450,'Danette Filippone',10,4,6),(451,'Ambros Gauntlett',10,1,8),(452,'Fitzgerald Jina',3,5,10),(453,'Tim Barck',5,1,9),(454,'Eben Krahl',3,3,5),(455,'Richie Bisgrove',6,6,6),(456,'Josee Farthin',9,6,5),(457,'Belita Tantum',2,6,5),(458,'Ravi Prenty',3,3,5),(459,'Iolande Jaques',4,6,9),(460,'Hadlee Jostan',7,1,5),(461,'Anny Bleythin',1,2,8),(462,'Emmie Brusby',8,2,8),(463,'Stanleigh Paike',5,1,8),(464,'Toiboid Hallihan',1,4,6),(465,'Dorree Laux',1,5,10),(466,'Brantley Sloss',7,5,8),(467,'Sherwynd Mansfield',3,5,5),(468,'Kele Leman',4,6,5),(469,'Lawrence Harsent',1,5,9),(470,'Karlens Parslow',4,1,6),(471,'Lincoln Goodger',10,6,7),(472,'Augusto Yancey',6,1,5),(473,'Ethe Adamsen',7,3,8),(474,'Fayette Benedick',3,6,7),(475,'Bambie Daniely',9,5,7),(476,'Shaughn Mattingly',7,1,8),(477,'Gard Pigden',5,1,5),(478,'Bernardina Somers',7,2,9),(479,'Henriette Onn',1,6,9),(480,'Rayshell Gostyke',2,5,7),(481,'Elysee Renshell',2,1,6),(482,'Edwin Arnaudot',1,4,9),(483,'Randene Goodings',7,2,6),(484,'Merrel Kingsly',10,3,10),(485,'Rebecka Sabberton',10,5,8),(486,'Quintina Cawdery',2,1,5),(487,'Mattias Semeniuk',3,2,10),(488,'Starlin Prangnell',10,6,10),(489,'Bartlett Flury',8,5,5),(490,'Abba Barukh',3,3,9),(491,'Dinah McGonigle',8,4,7),(492,'Shandeigh Verryan',4,6,7),(493,'Ambrosi Evitts',7,6,9),(494,'Dora Messier',7,1,5),(495,'Harvey Simeons',6,4,5),(496,'Aland Radnedge',5,6,6),(497,'Jena Simmank',3,2,6),(498,'Feodora Pymer',9,2,6),(499,'Elysha Joice',2,2,8),(500,'Cordelia Worboys',6,4,10),(501,'Catherine Ubsdell',8,2,10),(502,'Karin Etridge',9,1,7),(503,'Eugene Karlolak',3,4,10),(504,'Raddie Treneman',6,5,7),(505,'Ephraim Garoghan',5,6,6),(506,'Etta Skoyles',6,2,7),(507,'Trumann Gunningham',2,4,5),(508,'Eamon Simla',5,2,7),(509,'Kalie Witheridge',10,4,10),(510,'Averil Sisselot',9,2,10),(511,'Clemmie Bastone',4,5,7),(512,'Yolande Gipson',2,3,7),(513,'Leona Moors',3,1,10),(514,'Murdock Nerval',9,4,7),(515,'Ferdy Decroix',4,2,5),(516,'Alic Antoszczyk',2,6,6),(517,'Rani Wain',10,3,5),(518,'Wash Steptoe',1,1,9),(519,'Mireille Coping',10,3,9),(520,'Dwain Insoll',1,5,7),(521,'Daisie Fortman',8,6,5),(522,'Laina Graffham',2,3,10),(523,'Jozef Goad',10,2,7),(524,'Myrtia Inggall',8,4,7),(525,'Chalmers Lowell',3,3,5),(526,'Muire Godding',1,6,6),(527,'Austina St Ledger',5,4,10),(528,'Rozalin Grassot',5,1,10),(529,'Frank Raymen',7,2,8),(530,'Jammie McCutcheon',4,1,6),(531,'Mead Crowther',10,1,8),(532,'Tawsha Gulliford',2,2,8),(533,'Ottilie Antonijevic',5,6,7),(534,'Carlynne Junkinson',5,3,10),(535,'Nadia Gilliland',6,2,5),(536,'Nydia Stuckow',1,5,5),(537,'Sean Cheake',6,2,9),(538,'Sigmund Langwade',4,2,8),(539,'Jacquelin Lugden',7,5,7),(540,'Bald Sayles',3,5,9),(541,'Nadeen Redshaw',7,2,10),(542,'Zelma Nerheny',5,5,8),(543,'Erhard Gosby',7,3,6),(544,'Buffy Constantinou',7,2,8),(545,'Lisbeth Veillard',8,1,8),(546,'Lonny Ragborne',10,4,10),(547,'Corenda Wrankmore',8,1,10),(548,'Bibbie Willgoose',5,5,7),(549,'Florencia Rouzet',1,4,9),(550,'Dagny McEnhill',1,3,6),(551,'Nikolai Dodimead',8,3,7),(552,'Perren Gornar',6,1,9),(553,'Justus Elphinstone',10,4,7),(554,'Bertrando Nusche',1,3,8),(555,'Afton Cucinotta',3,2,5),(556,'Franni Unger',4,5,10),(557,'Viki Kurton',9,3,8),(558,'Mariska Andresen',9,1,10),(559,'Abby Bartozzi',10,4,7),(560,'Felicity Arnopp',9,3,8),(561,'Ellary Deignan',7,3,6),(562,'Cate Wilfing',8,6,8),(563,'Aviva Guyton',5,6,6),(564,'Sharia Glennie',6,6,10),(565,'Jule Mingo',5,6,5),(566,'Francisco Heakey',3,6,5),(567,'Aluin Broune',3,2,9),(568,'Brina McCall',4,5,6),(569,'Marybelle Lawson',4,6,8),(570,'Zebulon Beneix',1,2,10),(571,'Adella Dickinson',10,5,7),(572,'Saundra Ethridge',10,4,10),(573,'Kristan Greatrakes',2,4,7),(574,'Grange Colenutt',10,1,9),(575,'Malinde Fassmann',7,4,6),(576,'Dorthy Appleyard',10,4,9),(577,'Aurore Franses',2,5,10),(578,'Maddy Picard',3,3,9),(579,'Roby Clayborn',2,4,8),(580,'Robina Mathelon',9,6,8),(581,'Marianna Diss',3,4,6),(582,'Loy Clougher',1,1,9),(583,'Addie Fincher',1,2,6),(584,'Maxwell McCarrison',4,4,10),(585,'Giorgi Cantrell',1,2,10),(586,'Paquito Robbs',10,5,9),(587,'Donni Oldford',9,1,7),(588,'Meridith Burrage',6,3,8),(589,'Berty Cogley',5,5,5),(590,'Marcille Dallicoat',1,5,9),(591,'Isac Sowte',2,1,7),(592,'Hernando Joicey',6,4,9),(593,'Athene Corrett',2,6,10),(594,'Nobe Reede',2,6,9),(595,'Christin Sarton',4,6,6),(596,'Renata Bernath',3,1,9),(597,'Ted Clift',8,6,6),(598,'Heidi Basset',4,3,7),(599,'Reinwald Ead',10,2,9),(600,'Niki Beckles',10,1,10),(601,'Eulalie Thow',2,3,6),(602,'Katinka Conant',8,3,6),(603,'Carney Stammirs',4,3,9),(604,'Harlene Catford',6,2,9),(605,'Violette Perrottet',5,3,8),(606,'Killie Hamson',3,1,8),(607,'Davey Hierro',2,1,8),(608,'Jedediah Seawell',5,2,9),(609,'Nissie Foux',7,4,9),(610,'Linn Hovy',2,5,7),(611,'Garvin Jossum',5,6,7),(612,'Ginny Onyon',1,6,8),(613,'Ailbert Meins',5,2,9),(614,'Mari Cisco',1,6,9),(615,'Murdoch O\'Cahill',7,5,8),(616,'Othello Crayk',3,5,6),(617,'Kit O\'Dooghaine',2,4,10),(618,'Goober Kytter',2,1,6),(619,'Caitrin Hiley',6,1,5),(620,'Charita Warratt',4,1,5),(621,'Opaline Coulthard',4,2,9),(622,'Bentlee Overel',6,5,8),(623,'Heloise Dallin',7,1,6),(624,'Corenda Libri',5,3,7),(625,'Guenevere Kohneke',1,5,8),(626,'Jennica Attac',8,3,10),(627,'Stesha Huggard',1,3,8),(628,'Niki Peschmann',7,2,6),(629,'Alyda Ramme',4,5,10),(630,'Arney Goodere',4,3,5),(631,'Linda Verny',4,2,7),(632,'Laina Collete',7,1,5),(633,'Karlik Shipcott',3,5,7),(634,'Celka Dwine',9,6,5),(635,'Karl Forsaith',7,5,6),(636,'Hoyt Rollo',8,1,7),(637,'Marcella Dennistoun',7,2,10),(638,'Clayton Romeo',9,6,6),(639,'Tynan Eliyahu',8,5,9),(640,'Shaughn Parncutt',8,1,6),(641,'Odell Gethen',7,6,6),(642,'Packston Wimmer',10,5,6),(643,'Job Scarsbrick',6,3,10),(644,'Courtney Maude',1,5,9),(645,'Barny Rosenblatt',6,3,9),(646,'Allene Belvin',8,6,7),(647,'Giles Stentiford',7,2,5),(648,'Julietta Vasin',4,2,10),(649,'Derek Gregory',1,2,9),(650,'Nathan Stubbley',8,6,6),(651,'Giacopo Easseby',7,6,9),(652,'Regen Finlan',5,6,7),(653,'Jackie Degoe',4,1,7),(654,'Maiga Sterke',6,5,10),(655,'Midge Blouet',9,4,7),(656,'Opalina Stutt',9,1,9),(657,'Rycca Duffill',10,5,9),(658,'Jeniffer Dibling',7,1,6),(659,'Bartel Gelling',7,1,10),(660,'Hillary Vaneschi',10,1,9),(661,'Deirdre Rousel',7,1,6),(662,'Zitella Yakobovicz',6,2,6),(663,'Bran Storch',6,1,8),(664,'Marco Richarson',3,6,9),(665,'Janice Hassell',3,4,10),(666,'Cacilie Snelman',4,1,9),(667,'Ivor Mayne',7,4,8),(668,'Stanleigh MacDonough',3,2,7),(669,'Cthrine Dowtry',10,3,8),(670,'Abra Borleace',1,4,9),(671,'Reiko Swaffield',3,6,8),(672,'Zachery Gounet',5,4,9),(673,'Barbara Stoakes',5,1,7),(674,'Anjanette Davioud',9,3,10),(675,'Wynn Jenks',6,3,7),(676,'Madalena Cotta',4,3,5),(677,'Rory Keitch',3,3,7),(678,'Concettina Lanfear',7,1,6),(679,'Nevile Kovacs',1,1,10),(680,'Arnoldo Gellibrand',5,6,8),(681,'Alyce Aitken',1,3,6),(682,'Glennie Guidera',1,6,8),(683,'Daron Tennant',10,4,7),(684,'Birgitta Sarginson',10,2,7),(685,'Olwen Bolt',2,2,10),(686,'Yelena Soden',3,1,6),(687,'Velvet Beccera',4,6,6),(688,'Kinna Abelovitz',2,2,6),(689,'Staffard Jirka',8,5,9),(690,'Adey Gero',2,4,7),(691,'Jacquenette Croxley',2,1,10),(692,'Brear Lindman',8,2,6),(693,'Ethan Rembrandt',8,4,8),(694,'Ramon Cannicott',2,3,7),(695,'Flint Soonhouse',5,4,10),(696,'Eric Greves',9,5,8),(697,'Vivie Du Hamel',4,1,9),(698,'Mackenzie Lovitt',7,1,6),(699,'Niccolo Haddeston',4,4,6),(700,'Berte Mowbury',5,2,8),(701,'Trey Bly',6,2,7),(702,'Worden Dureden',3,1,8),(703,'Tallie Nairy',1,3,8),(704,'Pennie Wingar',1,6,7),(705,'Lorant Burgwin',10,5,9),(706,'Josi Cordero',9,1,9),(707,'Orrin Riep',3,5,10),(708,'Godfree McDirmid',2,1,6),(709,'Ted Oppy',5,5,8),(710,'Madella Gremain',6,2,7),(711,'Antone Ommundsen',1,2,9),(712,'Beverlee Slavin',1,2,8),(713,'Gradeigh Kilgallen',6,5,7),(714,'Randie Fison',9,4,5),(715,'Renaldo Cuming',8,1,8),(716,'Clyve Tolussi',8,6,9),(717,'Gertrud Whiley',1,4,6),(718,'Con Bomfield',5,4,8),(719,'Kimmy Tours',8,3,9),(720,'Ardith Linskey',4,6,8),(721,'Lloyd Pettet',2,6,9),(722,'Maynord Supple',10,1,6),(723,'Manolo de Copeman',2,5,10),(724,'Averil Pearman',3,2,7),(725,'Marla Presswell',8,6,9),(726,'Aleksandr Rabier',6,2,9),(727,'Timi Aleksankin',1,6,10),(728,'Findley Dredge',2,1,10),(729,'Fawn De Hooch',2,5,8),(730,'Anstice Truse',7,4,6),(731,'Dare Paunton',10,2,7),(732,'Dene Storton',8,5,5),(733,'Wolf Croson',3,2,9),(734,'Ezri Debling',1,5,5),(735,'Buck Rannells',4,4,8),(736,'Lyndel Hardwich',3,3,8),(737,'Ilka Yendall',6,1,7),(738,'Kameko Hallet',5,3,7),(739,'Morly Gibbie',1,2,8),(740,'Alexandr Castelletti',5,3,9),(741,'Tori Thornborrow',2,3,7),(742,'Christoper d\'Escoffier',8,5,9),(743,'Shelby Heersema',9,6,10),(744,'Gayler Oller',5,2,9),(745,'Phyllys Flooks',5,5,7),(746,'Fielding Cran',4,5,9),(747,'Sandy Divina',7,5,9),(748,'Carlo Piletic',6,5,6),(749,'Constancia Duffrie',3,5,8),(750,'Marie Kellen',6,5,9),(751,'Abel Pepineaux',8,4,5),(752,'Lacie Beddingham',1,6,6),(753,'Laryssa MacKnocker',1,4,10),(754,'Dorotea Wasielewski',5,2,5),(755,'Yurik Spittle',10,2,10),(756,'Fran Galer',7,2,7),(757,'Dante Bisco',9,5,10),(758,'Norma Brumpton',5,5,9),(759,'Norbie Arendsen',9,4,8),(760,'Roosevelt MacKim',1,2,5),(761,'Ruby Spinks',5,2,6),(762,'Reinhard Fashion',7,5,5),(763,'Waneta Goulstone',5,2,8),(764,'Alonso A\'Barrow',1,1,6),(765,'Kelcey McKomb',2,4,6),(766,'Jewelle Byrom',2,1,5),(767,'Berty Grigore',7,6,9),(768,'Clarita MacTeague',6,3,5),(769,'Avis Da Costa',1,6,6),(770,'Stanton Bourdel',9,5,5),(771,'Cyrill Burner',8,3,5),(772,'Odie Fenimore',4,6,9),(773,'Kenny Vedntyev',10,4,7),(774,'Steffie Gilkes',10,5,8),(775,'Cass Marchent',9,1,9),(776,'Leigh Raden',8,3,6),(777,'Shoshanna Penner',7,4,8),(778,'Brandais Doding',9,4,8),(779,'Nye Castelletto',8,1,10),(780,'Iver Zorn',7,6,7),(781,'Elke Guage',1,5,10),(782,'Osmond Coate',1,5,8),(783,'Miner Dyka',7,1,9),(784,'Ryley Lygoe',10,3,7),(785,'Ingeberg Cutress',4,5,8),(786,'Vinita Lattimer',3,1,10),(787,'Birch Wilmington',1,5,5),(788,'Hardy Jephson',1,1,10),(789,'Sherie Checketts',4,6,5),(790,'Simmonds Vinnick',7,4,6),(791,'Anthia Buckthorp',7,3,6),(792,'Nappie Papes',7,2,10),(793,'Clarey Stainburn',3,6,5),(794,'Petrina Cunnah',5,5,7),(795,'Horatia Skippon',6,4,8),(796,'Judye Fosdike',9,4,7),(797,'Sonnie Lidell',7,6,6),(798,'Jeanette Fricker',10,5,9),(799,'Blane Boller',5,6,8),(800,'Merlina Beadman',7,2,9),(801,'Michal Whithorn',1,5,10),(802,'Andreas Alexandrescu',4,6,5),(803,'Cinnamon Horsefield',2,5,8),(804,'Hank Stangroom',1,3,9),(805,'Rickie Jaggi',2,3,5),(806,'Trevar Lebarree',6,6,8),(807,'Dorri Tamsett',10,5,9),(808,'Farrah Bleythin',1,1,7),(809,'Celka Hallagan',7,1,9),(810,'Red Dalby',4,4,10),(811,'Henka Beardwood',4,4,9),(812,'Leena Champneys',3,5,5),(813,'Temp Fishly',8,3,8),(814,'Kara Hinkins',7,2,9),(815,'Ambur Bolus',5,6,10),(816,'Reese Issacov',3,5,5),(817,'Stoddard Babinski',9,6,5),(818,'Umeko Mousby',3,4,7),(819,'Brigida Anmore',6,5,5),(820,'Victoir Hayhurst',3,1,9),(821,'Juli Torra',8,2,6),(822,'Meriel Truce',7,1,5),(823,'Kaia Levey',7,5,8),(824,'Coreen Brisker',9,2,5),(825,'Quinlan Snowsill',2,5,5),(826,'Norbert Luck',2,3,10),(827,'Locke Levens',10,5,5),(828,'Darnall Spencer',9,4,10),(829,'Iorgo Doggrell',4,3,10),(830,'Bree Exon',10,2,9),(831,'Sandi Dedney',8,5,6),(832,'Timmie Wynes',1,3,7),(833,'Shanta Mogenot',10,3,9),(834,'Kelwin Kmiec',9,1,5),(835,'Yelena Pritchitt',4,2,8),(836,'Darrel Beggio',3,5,5),(837,'Elden Villa',1,2,6),(838,'Baxie Rowlett',10,3,5),(839,'Parnell Egdal',7,4,5),(840,'Franny Luddy',7,3,6),(841,'Fee Floris',6,5,5),(842,'Marvin Huckster',1,4,7),(843,'Kristin Dorsett',9,3,9),(844,'Salmon Marciek',1,1,10),(845,'Kailey Omar',7,5,6),(846,'Morie Turfrey',9,6,5),(847,'Pearline Stodd',1,4,7),(848,'Thibaut Burkin',3,5,6),(849,'Lanny Arondel',9,3,10),(850,'Emmye Bambra',5,1,9),(851,'Neall Weagener',9,4,7),(852,'Jackie Morecombe',4,1,10),(853,'Bradford Shwalbe',5,2,10),(854,'Petronilla Georgiades',2,1,8),(855,'Finley Grassett',6,5,10),(856,'Jules O\'Fihily',2,4,9),(857,'Lyndsie Michie',3,3,7),(858,'Dorie Clynter',6,6,8),(859,'Corabelle Cruce',7,5,8),(860,'Vernen Kime',2,2,8),(861,'D\'arcy Giacobo',3,2,9),(862,'Tamiko McNeilly',4,3,7),(863,'Brockie Goodey',8,1,8),(864,'Mahmud Inkster',7,5,9),(865,'Armando Jacob',10,2,5),(866,'Alvin Glasson',8,5,8),(867,'Nicoline Juara',9,3,10),(868,'Rowena Moyne',8,1,7),(869,'Care Allin',2,5,7),(870,'Aline Hecks',9,2,7),(871,'Loreen Bramble',1,3,10),(872,'Philly Mussotti',9,3,10),(873,'Berty Pulver',8,5,6),(874,'Cleve Smalecombe',9,6,8),(875,'Rosalind Fidell',3,2,10),(876,'Jodee Laden',9,4,5),(877,'Julina McArt',7,5,9),(878,'Abbot McDavitt',9,3,8),(879,'Audrey Maleck',7,1,10),(880,'Brew Maplethorp',2,4,7),(881,'Alli Klicher',10,5,7),(882,'Emili Pollastrino',4,2,8),(883,'Cash Element',2,2,7),(884,'Gasparo MacBean',6,6,6),(885,'Base Dancey',7,4,10),(886,'Skye Alcott',2,2,9),(887,'Smitty Bulfield',10,2,7),(888,'Broddie Bowsher',2,6,8),(889,'Malory Charge',6,4,9),(890,'Michelle Charlick',3,1,9),(891,'Rene Ingerfield',2,2,6),(892,'Beryl Breissan',4,6,9),(893,'Neville Hirth',2,1,7),(894,'Karel Ashfold',5,4,6),(895,'Eliza Beecker',1,4,8),(896,'Nari Johnke',6,5,10),(897,'Jillie Konmann',2,5,8),(898,'Bat Sotham',7,1,9),(899,'Holly Shorey',1,5,5),(900,'Cullan Gantz',7,1,6),(901,'Garrot Espinoza',9,2,9),(902,'Carola Orchard',6,1,9),(903,'Willard McDade',3,4,7),(904,'Wash Houchin',9,2,7),(905,'Benedicta Cornejo',10,3,8),(906,'Aggi MacCaffery',7,6,8),(907,'Bail Ekless',7,6,5),(908,'Evvie Ianni',2,1,6),(909,'Fae McCloughlin',7,6,5),(910,'Juieta Brehault',1,4,5),(911,'Lesly Skryne',2,2,6),(912,'Sauncho Dury',10,1,6),(913,'Kyle Vivian',4,4,9),(914,'Romonda Cremin',8,5,7),(915,'Nerta Shepheard',2,5,8),(916,'Andonis Kuhnhardt',8,1,10),(917,'Isak Gertz',6,5,10),(918,'Aleksandr Mattecot',8,5,6),(919,'Jordana Taye',8,2,5),(920,'Ardella Andreone',8,3,9),(921,'Isacco Rastall',4,4,8),(922,'Edgar Doby',1,5,10),(923,'Editha Hallatt',7,2,10),(924,'Titos Wadge',2,6,6),(925,'Constantine Beards',3,4,7),(926,'Lily Feely',2,5,8),(927,'Fredra Huster',6,4,9),(928,'Joyan Eagleton',7,1,6),(929,'Joy Smithin',7,5,6),(930,'Deloris Izon',8,4,9),(931,'Gideon Hallewell',3,4,6),(932,'Phyllida Nortunen',9,4,7),(933,'Gizela Witt',3,5,8),(934,'George Haliburton',7,2,8),(935,'Ranice Gribbins',3,3,7),(936,'Kimberlee Braithwait',6,1,10),(937,'Chan Bitten',2,2,9),(938,'Barri Tejada',4,3,7),(939,'Mel Suff',6,6,6),(940,'Cecilio Sweetenham',6,4,9),(941,'Patty Torre',1,5,10),(942,'Carlye Toulson',4,6,10),(943,'Trisha Swainger',1,4,10),(944,'Neils Cleveley',7,1,8),(945,'Justin Kefford',2,6,9),(946,'Ernaline Cosser',10,4,5),(947,'Serge Cay',6,5,9),(948,'Cordelia Ravel',9,3,8),(949,'Anderea Burnsides',4,4,6),(950,'Claresta Dayborne',8,6,5),(951,'Levin Britcher',8,3,9),(952,'Grazia Bignal',10,1,6),(953,'Steffie Tye',3,5,9),(954,'Torie Edes',1,3,6),(955,'Bibbye Tudbald',10,4,9),(956,'Keven Haily',9,1,9),(957,'Carmel Lummus',2,5,5),(958,'Lenette Rosenfeld',1,4,7),(959,'Odille MacDermid',5,2,9),(960,'Pamela Vashchenko',2,4,7),(961,'Livvie Wharram',1,1,5),(962,'Mandy Chillingworth',3,6,7),(963,'Cornall Gaitskill',3,5,10),(964,'Sharyl Clayworth',4,6,8),(965,'Sile O\'Sculley',6,3,5),(966,'Emilia Minnock',3,4,6),(967,'Morton Houlworth',9,2,8),(968,'Sam Pelfer',2,5,6),(969,'Ernesta Byres',9,2,8),(970,'Ashely Yantsev',4,1,9),(971,'Emeline Golland',7,5,9),(972,'Lucais Whickman',4,4,8),(973,'Lindi Creevy',8,3,9),(974,'Seumas Rosenbusch',10,2,8),(975,'Konrad Tresler',2,2,5),(976,'Jenine Agdahl',7,5,10),(977,'Octavius Harmes',8,5,8),(978,'Farleigh Camings',3,2,8),(979,'Clayson Puttick',1,5,5),(980,'Linda Revington',4,3,8),(981,'Elvis Mattheis',3,6,9),(982,'Wyatan Cubberley',7,5,6),(983,'Charlean Telega',10,2,6),(984,'Alfonso Simkovich',7,1,5),(985,'Alon Harral',6,6,8),(986,'Moritz McBrier',8,4,10),(987,'Correy Micka',8,4,8),(988,'Mirelle Vedenichev',8,3,10),(989,'Stan Haker',4,2,5),(990,'Maure Tattershall',8,6,6),(991,'Cilka Nowakowska',5,3,5),(992,'Fidel Seleway',6,1,7),(993,'Immanuel Mursell',5,1,5),(994,'Michell Janczewski',7,3,5),(995,'Fitzgerald Whitnall',1,3,6),(996,'Drew Chorley',7,3,7),(997,'Ted Baulcombe',3,6,9),(998,'Cass Linder',2,4,7),(999,'Murdock Caley',3,4,8),(1000,'Aldo Vango',1,3,7),(1001,'Teena Marchi',4,4,9),(1002,'Wren Wotherspoon',3,4,8),(1003,'Dallis McClaurie',5,4,9),(1004,'Corenda Josilevich',9,1,5),(1005,'Justin Rennock',2,5,9),(1006,'Cathie Richardes',9,2,7),(1007,'Wilhelmina Packington',8,6,5),(1008,'Lurleen Stowell',6,2,6),(1009,'Shermy Josskoviz',4,5,10),(1010,'Flemming Klulicek',9,1,6),(1011,'Madeleine O\' Timony',1,3,8),(1012,'Portia Mansfield',7,2,6),(1013,'Hayley Bowdler',2,2,10),(1014,'Madelena Duffell',4,4,9),(1015,'Guntar Hamnett',7,5,8),(1016,'Neilla Baack',8,4,9),(1017,'Lenore Garrat',6,1,9),(1018,'Giuditta Daykin',4,1,6),(1019,'Jobie Haucke',3,2,10),(1020,'Lenard Tumbridge',8,1,5),(1021,'Shawnee Barnardo',10,6,5),(1022,'Janos Janousek',9,3,10),(1023,'Jimmie Fever',10,5,6),(1024,'Asia Olliff',5,2,8),(1025,'Say Halpen',8,4,5),(1026,'Lorne Hallworth',7,6,5),(1027,'Saundra Van Arsdalen',1,4,9),(1028,'Tania MacGilrewy',5,5,9),(1029,'Donnie McKenny',8,4,8),(1030,'Tiphani Pentycost',3,5,5),(1031,'Stearne MacDonagh',10,6,9),(1032,'Sosanna Garbott',4,3,5),(1033,'Bjorn Joseph',9,2,8),(1034,'Sonni Critoph',3,2,9),(1035,'Sib Borthe',4,2,7),(1036,'Madelaine MacHostie',10,2,9),(1037,'Hew McChesney',9,5,10),(1038,'Ruthann Whyler',2,2,7),(1039,'Audy Boodle',2,6,8),(1040,'Arnold Giabucci',7,6,10),(1041,'Louise Waddington',1,2,6),(1042,'Madalyn Erley',6,2,10),(1043,'Sophey Peppett',5,6,8),(1044,'Lana McPhelimy',2,2,7),(1045,'Sutherland Keysall',8,6,5),(1046,'Rhiamon Edlyne',4,3,8),(1047,'Gilly Winkell',2,3,9),(1048,'Nicholle Scryne',4,3,5),(1049,'Gearalt Holmyard',10,5,6),(1050,'Elianora Berzon',5,5,7),(1051,'Beau Robe',1,3,8),(1052,'Margarita Giacomuzzi',2,5,9),(1053,'Baird Pozzi',1,6,9),(1054,'Fanny Pizzey',5,4,8),(1055,'Tasha Hamblen',9,4,10),(1056,'Shannan Stickings',10,6,10);
/*!40000 ALTER TABLE `сотрудники` ENABLE KEYS */;
UNLOCK TABLES;

--
-- Table structure for table `тип_резины`
--

DROP TABLE IF EXISTS `тип_резины`;
/*!40101 SET @saved_cs_client     = @@character_set_client */;
/*!50503 SET character_set_client = utf8mb4 */;
CREATE TABLE `тип_резины` (
  `idРезины` int NOT NULL AUTO_INCREMENT,
  `Сезон` enum('лето','зима','всесезонные') NOT NULL,
  `Наименование` varchar(30) NOT NULL,
  PRIMARY KEY (`idРезины`)
) ENGINE=InnoDB AUTO_INCREMENT=11 DEFAULT CHARSET=utf8mb4 COLLATE=utf8mb4_0900_ai_ci;
/*!40101 SET character_set_client = @saved_cs_client */;

--
-- Dumping data for table `тип_резины`
--

LOCK TABLES `тип_резины` WRITE;
/*!40000 ALTER TABLE `тип_резины` DISABLE KEYS */;
INSERT INTO `тип_резины` VALUES (1,'лето','обычные'),(2,'зима','шипы'),(3,'зима','липучка'),(4,'всесезонные','обычные'),(5,'лето','спортивные'),(6,'зима','смешаннные'),(7,'лето','симметричный протектор'),(8,'лето','ассимметричный протектор'),(9,'всесезонные','узкий профиль'),(10,'всесезонные','широкий профиль');
/*!40000 ALTER TABLE `тип_резины` ENABLE KEYS */;
UNLOCK TABLES;

--
-- Table structure for table `товар`
--

DROP TABLE IF EXISTS `товар`;
/*!40101 SET @saved_cs_client     = @@character_set_client */;
/*!50503 SET character_set_client = utf8mb4 */;
CREATE TABLE `товар` (
  `idТовар` int NOT NULL AUTO_INCREMENT,
  `стоимость` int NOT NULL,
  `описание` varchar(45) DEFAULT NULL,
  `id_магазина` int NOT NULL,
  `id_шины` int DEFAULT NULL,
  `id_диски` int DEFAULT NULL,
  PRIMARY KEY (`idТовар`),
  KEY `fk_products_idx` (`id_магазина`),
  KEY `fk_pr_tires_idx` (`id_шины`),
  KEY `fk_pr_disk_idx` (`id_диски`),
  CONSTRAINT `fk_pr_disk` FOREIGN KEY (`id_диски`) REFERENCES `диски` (`idДиски`),
  CONSTRAINT `fk_pr_tires` FOREIGN KEY (`id_шины`) REFERENCES `шины` (`idшины`),
  CONSTRAINT `fk_products` FOREIGN KEY (`id_магазина`) REFERENCES `магазин` (`idstore`)
) ENGINE=InnoDB AUTO_INCREMENT=1038 DEFAULT CHARSET=utf8mb4 COLLATE=utf8mb4_0900_ai_ci;
/*!40101 SET character_set_client = @saved_cs_client */;

--
-- Dumping data for table `товар`
--

LOCK TABLES `товар` WRITE;
/*!40000 ALTER TABLE `товар` DISABLE KEYS */;
INSERT INTO `товар` VALUES (1,16000,'хорошие летние шины',1,1,NULL),(3,15000,'отличные диски',2,NULL,35),(4,22507,'литые диски',3,NULL,45),(5,43349,'литые диски',6,NULL,42),(6,46616,'матовые диски',6,NULL,44),(7,47401,'диски ',5,NULL,45),(8,42264,'диски',2,NULL,38),(9,25132,'классные диски',6,NULL,43),(10,9356,'диски, которые оценят все',1,NULL,40),(11,30508,'шины',2,10,NULL),(12,20367,'удобные шины',5,1,NULL),(13,16329,'хорошие шины',1,2,NULL),(14,25185,'классные шины, хорошие диски',6,9,43),(15,19832,'супер шины',1,2,NULL),(16,49917,'шины класс',5,5,NULL),(17,11701,'шины',1,1,NULL),(18,25387,'диски',1,NULL,38),(19,8651,'диски',4,NULL,35),(20,22143,'диски',5,NULL,37),(21,37008,'диски',3,NULL,47),(22,25176,NULL,5,NULL,49),(23,25079,NULL,6,9,NULL),(24,9174,NULL,4,NULL,48),(25,13199,NULL,3,NULL,44),(26,49338,NULL,5,NULL,42),(27,7530,NULL,4,10,NULL),(28,38059,NULL,5,9,NULL),(29,36963,NULL,2,11,NULL),(30,46070,NULL,6,8,NULL),(31,10218,NULL,2,NULL,41),(32,28021,NULL,5,3,NULL),(33,21316,NULL,3,8,NULL),(34,37512,NULL,4,NULL,39),(35,37163,NULL,3,7,NULL),(36,40068,NULL,2,NULL,48),(37,12565,NULL,1,NULL,46),(38,17110,NULL,2,NULL,48),(39,16996,NULL,2,3,NULL),(40,34539,NULL,4,3,NULL),(41,28719,NULL,2,NULL,36),(42,11790,NULL,4,NULL,43),(43,5308,NULL,1,3,NULL),(44,26882,NULL,1,11,NULL),(45,46666,NULL,4,1,NULL),(46,29476,NULL,2,6,NULL),(47,42487,NULL,6,6,NULL),(48,38177,NULL,5,1,NULL),(49,33369,NULL,1,NULL,38),(50,23461,NULL,3,1,NULL),(51,10745,NULL,5,8,NULL),(52,30227,NULL,1,NULL,40),(53,36185,NULL,3,1,35),(54,17438,NULL,4,3,49),(55,14911,NULL,4,10,42),(56,14719,NULL,2,11,41),(57,21799,NULL,4,1,49),(58,23245,NULL,2,8,37),(59,44831,NULL,3,8,35),(60,45500,NULL,1,8,39),(61,42316,NULL,4,11,45),(62,26146,NULL,5,10,39),(63,27000,NULL,2,2,42),(64,8292,NULL,1,5,41),(65,11433,NULL,6,9,45),(66,37141,NULL,1,9,43),(67,37783,NULL,1,2,47),(68,33787,NULL,6,11,38),(69,28117,NULL,5,2,43),(70,36892,NULL,3,10,40),(71,39486,NULL,5,6,35),(72,29059,NULL,1,7,49),(73,22405,NULL,6,11,36),(74,21845,NULL,1,8,42),(75,11111,NULL,4,7,48),(76,8618,NULL,3,9,39),(77,30921,NULL,4,11,48),(78,10041,NULL,5,6,46),(79,36863,NULL,5,2,37),(80,10924,NULL,3,9,39),(81,42786,NULL,5,7,37),(82,49236,NULL,4,1,48),(83,18582,NULL,6,2,42),(84,40914,NULL,3,3,43),(85,43687,NULL,2,6,39),(86,43511,NULL,4,6,47),(87,23469,NULL,2,1,42),(88,40512,NULL,2,1,40),(89,23586,NULL,1,10,43),(90,45966,NULL,5,1,39),(91,23992,NULL,6,11,47),(92,48977,NULL,1,6,39),(93,18766,NULL,3,3,47),(94,28079,NULL,3,1,40),(95,31412,NULL,6,2,46),(96,32949,NULL,6,8,44),(97,49354,NULL,3,3,49),(98,42834,NULL,4,6,49),(99,18664,NULL,1,2,46),(100,10907,NULL,4,3,42),(101,14889,NULL,5,8,42),(102,35778,NULL,3,4,49),(103,47689,NULL,3,4,49),(104,19490,NULL,1,8,35),(105,19187,NULL,2,1,37),(106,38169,NULL,5,8,38),(107,16058,NULL,5,5,39),(108,29690,NULL,5,10,40),(109,30225,NULL,6,2,37),(110,24241,NULL,5,9,49),(111,42871,NULL,5,5,37),(112,41885,NULL,4,1,42),(113,9695,NULL,4,8,37),(114,5083,NULL,1,7,42),(115,30011,NULL,5,10,40),(116,45538,NULL,2,3,37),(117,23509,NULL,5,4,42),(118,7560,NULL,1,1,41),(119,44627,NULL,2,10,42),(120,36498,NULL,4,5,46),(121,46835,NULL,5,7,47),(122,49690,NULL,5,5,39),(123,33493,NULL,6,4,41),(124,28682,NULL,1,3,37),(125,49032,NULL,4,10,35),(126,40039,NULL,3,11,42),(127,29389,NULL,4,7,44),(128,10838,NULL,2,5,39),(129,34807,NULL,2,4,43),(130,39635,NULL,6,10,46),(131,41800,NULL,4,11,47),(132,28492,NULL,4,10,46),(133,27081,NULL,3,9,36),(134,9555,NULL,2,3,35),(135,39692,NULL,1,7,40),(136,35118,NULL,2,5,41),(137,5700,NULL,1,11,44),(138,29281,NULL,5,4,39),(139,23772,NULL,2,6,42),(140,41774,NULL,1,11,44),(141,32852,NULL,4,11,42),(142,26756,NULL,1,9,40),(143,19636,NULL,2,11,38),(144,16357,NULL,1,8,44),(145,33660,NULL,6,9,35),(146,18580,NULL,4,7,39),(147,7597,NULL,6,10,46),(148,18413,NULL,4,1,44),(149,6405,NULL,4,7,36),(150,11448,NULL,3,4,37),(151,15814,NULL,4,9,49),(152,37987,NULL,1,3,42),(153,47187,NULL,4,7,42),(154,20210,NULL,6,7,36),(155,11582,NULL,1,7,39),(156,27452,NULL,5,7,38),(157,13091,NULL,2,4,48),(158,33947,NULL,5,11,43),(159,20029,NULL,4,4,42),(160,22190,NULL,6,11,44),(161,43308,NULL,4,9,49),(162,18817,NULL,6,6,45),(163,8540,NULL,1,4,41),(164,34052,NULL,4,4,47),(165,33866,NULL,1,5,38),(166,28424,NULL,4,10,42),(167,18800,NULL,1,6,36),(168,21277,NULL,2,1,37),(169,26898,NULL,3,5,48),(170,10054,NULL,1,3,45),(171,7813,NULL,4,11,36),(172,37513,NULL,6,8,39),(173,16744,NULL,3,6,39),(174,37584,NULL,6,3,39),(175,17800,NULL,1,5,43),(176,13136,NULL,3,3,41),(177,25181,NULL,5,5,43),(178,20680,NULL,4,6,39),(179,6506,NULL,4,5,49),(180,19865,NULL,5,9,46),(181,6441,NULL,5,7,44),(182,48115,NULL,4,5,45),(183,17024,NULL,5,10,41),(184,31355,NULL,5,8,49),(185,45516,NULL,5,9,44),(186,19295,NULL,2,9,45),(187,39997,NULL,1,2,45),(188,24421,NULL,1,7,48),(189,18348,NULL,6,11,48),(190,6477,NULL,5,3,35),(191,33537,NULL,1,9,36),(192,15116,NULL,1,8,43),(193,46335,NULL,4,1,38),(194,22592,NULL,6,7,42),(195,47696,NULL,3,8,45),(196,38445,NULL,2,3,40),(197,46819,NULL,4,5,37),(198,33899,NULL,5,7,45),(199,25931,NULL,4,8,36),(200,34025,NULL,4,1,40),(201,27334,NULL,6,1,47),(202,7375,NULL,3,5,46),(203,45314,NULL,6,6,37),(204,29067,NULL,6,5,37),(205,34835,NULL,4,3,49),(206,14248,NULL,4,6,43),(207,41357,NULL,2,4,49),(208,11537,NULL,6,2,42),(209,43882,NULL,4,4,36),(210,48391,NULL,4,3,49),(211,33941,NULL,6,3,38),(212,28965,NULL,2,8,38),(213,20602,NULL,4,8,48),(214,12416,NULL,6,3,37),(215,15681,NULL,1,2,42),(216,6526,NULL,2,4,44),(217,44504,NULL,3,2,49),(218,33349,NULL,6,7,47),(219,15578,NULL,1,8,38),(220,18207,NULL,3,2,43),(221,41245,NULL,5,2,49),(222,19261,NULL,6,2,48),(223,22441,NULL,6,9,36),(224,33092,NULL,2,4,39),(225,38258,NULL,1,4,40),(226,16974,NULL,4,8,40),(227,27912,NULL,6,5,36),(228,39828,NULL,5,6,42),(229,28975,NULL,1,1,35),(230,36542,NULL,3,1,39),(231,15368,NULL,4,1,42),(232,29804,NULL,6,11,36),(233,45717,NULL,6,2,47),(234,10104,NULL,1,5,44),(235,11563,NULL,3,11,42),(236,25426,NULL,6,2,38),(237,8412,NULL,1,11,37),(238,8955,NULL,4,7,44),(239,7479,NULL,4,2,39),(240,48995,NULL,4,4,38),(241,41487,NULL,4,5,45),(242,18285,NULL,2,3,49),(243,8297,NULL,2,2,44),(244,37976,NULL,4,9,43),(245,48216,NULL,3,5,35),(246,6328,NULL,3,7,40),(247,23966,NULL,6,2,42),(248,9190,NULL,4,6,36),(249,17511,NULL,2,5,38),(250,23317,NULL,6,7,37),(251,37161,NULL,4,10,41),(252,7949,NULL,3,3,38),(253,9981,NULL,2,2,49),(254,7632,NULL,4,9,39),(255,31578,NULL,3,8,35),(256,22079,NULL,5,9,49),(257,18030,NULL,1,3,39),(258,10459,NULL,2,6,47),(259,29256,NULL,5,1,36),(260,37796,NULL,1,7,45),(261,35929,NULL,4,5,41),(262,29352,NULL,2,2,37),(263,49392,NULL,2,11,39),(264,18818,NULL,5,6,36),(265,49898,NULL,3,9,37),(266,39526,NULL,4,9,39),(267,6236,NULL,5,8,40),(268,28639,NULL,3,2,45),(269,32140,NULL,4,11,45),(270,44290,NULL,6,2,37),(271,13176,NULL,3,6,48),(272,47905,NULL,5,3,44),(273,24610,NULL,1,5,49),(274,33696,NULL,3,9,45),(275,28500,NULL,5,11,48),(276,37213,NULL,3,11,38),(277,47327,NULL,6,8,43),(278,46384,NULL,3,8,35),(279,43854,NULL,2,5,49),(280,31112,NULL,2,1,40),(281,32718,NULL,3,1,43),(282,43141,NULL,5,4,37),(283,35323,NULL,5,10,36),(284,49387,NULL,5,2,47),(285,26866,NULL,2,5,47),(286,27758,NULL,6,2,39),(287,37491,NULL,6,5,44),(288,29722,NULL,2,2,38),(289,20701,NULL,6,7,43),(290,49895,NULL,5,7,42),(291,5479,NULL,4,9,48),(292,35181,NULL,5,2,38),(293,8453,NULL,6,7,44),(294,24033,NULL,6,10,45),(295,25705,NULL,4,11,44),(296,31098,NULL,4,8,41),(297,21106,NULL,3,2,49),(298,8534,NULL,3,11,48),(299,30236,NULL,5,11,46),(300,12433,NULL,1,3,48),(301,29938,NULL,5,6,46),(302,36575,NULL,2,10,40),(303,38383,NULL,1,1,39),(304,40721,NULL,6,7,44),(305,31398,NULL,4,9,41),(306,7807,NULL,5,9,46),(307,36588,NULL,1,9,48),(308,8505,NULL,4,3,39),(309,21498,NULL,1,3,38),(310,34321,NULL,6,9,37),(311,13558,NULL,5,10,35),(312,49242,NULL,3,1,46),(313,19091,NULL,3,9,49),(314,22463,NULL,5,2,38),(315,34521,NULL,1,8,46),(316,25199,NULL,3,7,44),(317,6571,NULL,5,1,36),(318,6139,NULL,6,7,45),(319,41661,NULL,6,9,42),(320,48174,NULL,5,6,36),(321,47643,NULL,4,8,41),(322,17339,NULL,1,3,46),(323,40464,NULL,4,11,35),(324,47834,NULL,6,8,43),(325,46602,NULL,3,10,36),(326,48657,NULL,1,9,37),(327,18870,NULL,3,8,44),(328,17130,NULL,6,2,41),(329,43829,NULL,5,9,45),(330,46602,NULL,5,4,35),(331,19398,NULL,4,1,41),(332,14203,NULL,3,8,45),(333,18817,NULL,3,6,49),(334,17875,NULL,6,1,49),(335,34838,NULL,4,8,49),(336,24850,NULL,6,3,45),(337,21419,NULL,3,2,41),(338,10189,NULL,2,3,35),(339,8291,NULL,6,6,46),(340,12108,NULL,6,9,47),(341,21485,NULL,4,4,46),(342,30443,NULL,2,11,37),(343,11391,NULL,6,7,47),(344,45594,NULL,4,11,46),(345,30387,NULL,1,1,46),(346,35077,NULL,4,1,44),(347,24032,NULL,1,6,41),(348,43061,NULL,1,1,40),(349,29309,NULL,3,6,41),(350,11526,NULL,5,1,42),(351,46178,NULL,3,8,46),(352,41521,NULL,5,5,44),(353,41035,NULL,3,4,47),(354,44923,NULL,5,5,48),(355,6914,NULL,1,8,49),(356,10683,NULL,5,8,35),(357,24794,NULL,2,3,41),(358,32102,NULL,4,4,45),(359,48427,NULL,3,5,39),(360,10875,NULL,4,7,49),(361,35144,NULL,6,9,47),(362,47574,NULL,6,9,39),(363,6152,NULL,1,9,44),(364,24349,NULL,3,2,44),(365,21165,NULL,6,6,44),(366,10634,NULL,3,9,40),(367,15513,NULL,1,10,40),(368,23944,NULL,2,2,49),(369,20946,NULL,1,7,40),(370,9681,NULL,1,1,36),(371,44605,NULL,4,9,38),(372,17496,NULL,2,7,46),(373,45662,NULL,1,8,43),(374,27680,NULL,2,8,35),(375,35086,NULL,3,6,43),(376,5012,NULL,5,5,48),(377,22717,NULL,6,11,35),(378,42405,NULL,1,5,40),(379,10765,NULL,4,7,39),(380,22621,NULL,4,10,36),(381,5935,NULL,3,10,47),(382,18972,NULL,6,1,42),(383,47039,NULL,6,11,38),(384,17515,NULL,3,6,35),(385,5461,NULL,1,2,39),(386,25524,NULL,1,6,37),(387,15477,NULL,5,1,40),(388,48850,NULL,2,9,45),(389,14479,NULL,1,3,44),(390,6312,NULL,3,4,43),(391,19547,NULL,4,9,38),(392,17899,NULL,4,4,49),(393,49895,NULL,1,4,40),(394,20909,NULL,3,5,44),(395,13159,NULL,6,3,43),(396,43061,NULL,4,5,47),(397,14274,NULL,1,4,41),(398,23783,NULL,4,4,35),(399,31700,NULL,6,11,38),(400,26701,NULL,1,5,43),(401,8591,NULL,6,5,49),(402,28408,NULL,4,10,44),(403,37736,NULL,4,11,44),(404,21917,NULL,2,3,36),(405,32017,NULL,3,10,49),(406,17951,NULL,4,6,45),(407,15492,NULL,5,10,46),(408,18339,NULL,6,7,37),(409,39798,NULL,6,9,38),(410,42354,NULL,6,9,38),(411,40050,NULL,1,7,40),(412,24935,NULL,1,5,43),(413,33046,NULL,6,4,35),(414,30445,NULL,3,10,38),(415,41827,NULL,6,6,47),(416,5854,NULL,5,5,43),(417,7790,NULL,3,9,47),(418,34766,NULL,5,9,35),(419,38827,NULL,6,10,43),(420,41546,NULL,3,8,36),(421,8410,NULL,3,6,36),(422,5817,NULL,6,3,48),(423,5432,NULL,1,10,43),(424,37836,NULL,1,7,49),(425,48025,NULL,2,4,37),(426,42083,NULL,5,4,37),(427,32579,NULL,5,10,36),(428,31867,NULL,6,10,39),(429,41884,NULL,5,8,49),(430,40323,NULL,4,3,39),(431,23222,NULL,2,11,48),(432,45552,NULL,4,2,38),(433,29410,NULL,2,3,35),(434,41866,NULL,3,2,48),(435,15120,NULL,3,9,49),(436,19330,NULL,4,1,49),(437,27148,NULL,1,2,42),(438,12781,NULL,5,1,36),(439,39188,NULL,2,11,41),(440,24824,NULL,1,8,46),(441,40905,NULL,1,5,40),(442,39826,NULL,4,7,36),(443,47431,NULL,6,10,41),(444,22199,NULL,5,6,48),(445,6054,NULL,5,9,41),(446,48603,NULL,5,3,47),(447,45542,NULL,6,5,43),(448,15632,NULL,4,9,40),(449,25947,NULL,6,1,46),(450,15685,NULL,5,7,43),(451,17364,NULL,5,1,48),(452,42374,NULL,3,1,45),(453,26845,NULL,1,9,49),(454,27605,NULL,2,11,41),(455,5758,NULL,1,6,46),(456,33699,NULL,3,2,40),(457,35312,NULL,6,2,40),(458,46434,NULL,6,7,39),(459,33105,NULL,5,6,40),(460,25028,NULL,4,8,46),(461,5894,NULL,2,7,38),(462,45934,NULL,3,11,43),(463,38838,NULL,4,9,45),(464,48982,NULL,2,4,43),(465,29634,NULL,4,10,43),(466,35764,NULL,6,5,40),(467,8435,NULL,3,9,41),(468,24192,NULL,5,8,44),(469,12830,NULL,6,4,40),(470,42001,NULL,3,1,35),(471,28343,NULL,2,3,43),(472,19369,NULL,4,3,44),(473,44333,NULL,3,5,45),(474,28311,NULL,5,5,47),(475,28273,NULL,1,3,45),(476,15538,NULL,3,3,45),(477,32607,NULL,4,4,45),(478,23935,NULL,1,5,38),(479,22536,NULL,1,9,42),(480,48929,NULL,4,8,48),(481,29879,NULL,6,1,37),(482,28183,NULL,3,6,46),(483,40004,NULL,2,11,49),(484,13789,NULL,2,2,39),(485,35837,NULL,6,9,36),(486,18048,NULL,5,8,47),(487,40246,NULL,5,4,42),(488,45877,NULL,6,2,35),(489,44987,NULL,1,6,43),(490,48409,NULL,5,8,37),(491,23002,NULL,5,6,40),(492,36177,NULL,6,9,47),(493,14086,NULL,4,11,43),(494,8829,NULL,5,7,48),(495,29967,NULL,2,8,48),(496,9537,NULL,5,8,40),(497,29953,NULL,6,8,45),(498,6945,NULL,6,2,38),(499,8044,NULL,1,8,44),(500,28864,NULL,1,7,39),(501,39392,NULL,4,5,35),(502,30880,NULL,5,10,35),(503,29245,NULL,1,2,43),(504,12068,NULL,3,1,38),(505,15522,NULL,1,2,43),(506,9628,NULL,2,8,36),(507,30518,NULL,1,10,38),(508,25592,NULL,4,9,40),(509,7439,NULL,2,2,40),(510,45774,NULL,6,11,40),(511,35774,NULL,4,7,38),(512,11579,NULL,6,10,37),(513,7463,NULL,2,6,45),(514,28819,NULL,2,5,40),(515,35150,NULL,5,6,46),(516,22986,NULL,4,7,39),(517,17456,NULL,2,5,35),(518,32589,NULL,3,3,36),(519,48008,NULL,2,4,47),(520,40062,NULL,4,10,40),(521,24286,NULL,4,6,46),(522,9913,NULL,4,9,37),(523,11142,NULL,4,5,41),(524,37350,NULL,2,2,46),(525,24639,NULL,5,3,43),(526,32178,NULL,6,10,38),(527,19428,NULL,3,10,37),(528,20396,NULL,3,10,43),(529,21916,NULL,6,4,47),(530,19229,NULL,6,11,47),(531,45968,NULL,5,7,35),(532,32826,NULL,3,5,39),(533,30455,NULL,3,8,44),(534,15359,NULL,1,11,43),(535,8660,NULL,6,2,39),(536,23646,NULL,2,4,45),(537,42991,NULL,1,6,47),(538,22431,NULL,3,6,38),(539,17019,NULL,2,10,35),(540,20154,NULL,2,3,48),(541,8002,NULL,5,2,42),(542,16753,NULL,5,8,46),(543,7597,NULL,5,10,49),(544,7885,NULL,4,5,37),(545,39348,NULL,6,2,44),(546,27279,NULL,5,6,39),(547,7507,NULL,5,5,40),(548,19759,NULL,6,7,49),(549,30231,NULL,4,2,40),(550,15446,NULL,2,1,48),(551,28941,NULL,6,7,43),(552,7281,NULL,4,7,36),(553,31924,NULL,5,10,46),(554,39984,NULL,5,10,42),(555,37781,NULL,2,10,37),(556,47504,NULL,4,7,41),(557,40200,NULL,3,7,47),(558,38984,NULL,2,6,42),(559,29856,NULL,5,3,44),(560,49386,NULL,5,5,36),(561,9226,NULL,1,8,40),(562,38416,NULL,1,5,41),(563,35485,NULL,3,10,42),(564,17749,NULL,6,1,48),(565,22599,NULL,3,8,39),(566,40661,NULL,4,9,47),(567,5779,NULL,2,1,38),(568,48610,NULL,3,1,41),(569,8338,NULL,3,2,40),(570,38214,NULL,3,11,43),(571,23711,NULL,5,11,43),(572,24796,NULL,3,11,46),(573,30434,NULL,6,7,41),(574,9740,NULL,4,10,36),(575,43971,NULL,1,10,35),(576,16639,NULL,4,7,35),(577,14922,NULL,6,8,35),(578,22942,NULL,3,4,49),(579,28124,NULL,5,2,36),(580,22767,NULL,4,10,35),(581,25501,NULL,6,10,49),(582,18906,NULL,3,6,46),(583,48299,NULL,3,11,40),(584,35496,NULL,1,9,39),(585,45558,NULL,2,2,47),(586,25544,NULL,4,5,42),(587,14584,NULL,2,1,41),(588,44823,NULL,6,6,43),(589,46063,NULL,1,1,39),(590,16892,NULL,4,9,38),(591,45842,NULL,4,5,47),(592,31062,NULL,5,2,35),(593,16826,NULL,2,3,47),(594,36227,NULL,6,6,36),(595,6649,NULL,6,11,48),(596,11092,NULL,6,7,47),(597,8089,NULL,5,9,37),(598,6383,NULL,4,3,44),(599,14787,NULL,5,11,38),(600,32100,NULL,1,7,46),(601,38932,NULL,1,1,45),(602,6465,NULL,3,5,46),(603,24051,NULL,2,3,41),(604,29387,NULL,2,9,49),(605,35261,NULL,4,6,48),(606,37697,NULL,1,10,46),(607,30638,NULL,1,11,36),(608,31118,NULL,1,6,46),(609,15734,NULL,1,4,42),(610,34455,NULL,6,3,48),(611,49991,NULL,3,3,46),(612,9066,NULL,4,4,35),(613,10842,NULL,6,4,48),(614,20216,NULL,6,8,38),(615,34698,NULL,5,9,49),(616,34400,NULL,4,4,35),(617,22311,NULL,6,8,46),(618,30255,NULL,5,2,39),(619,19660,NULL,5,2,39),(620,39144,NULL,4,1,42),(621,42927,NULL,1,6,47),(622,49996,NULL,6,10,46),(623,14389,NULL,4,11,42),(624,10204,NULL,1,1,36),(625,10272,NULL,6,8,46),(626,29699,NULL,4,7,41),(627,9328,NULL,6,9,39),(628,8328,NULL,1,2,48),(629,28597,NULL,6,1,38),(630,15464,NULL,2,1,45),(631,12364,NULL,6,1,49),(632,17704,NULL,3,4,43),(633,8518,NULL,3,1,47),(634,38830,NULL,6,4,37),(635,34370,NULL,6,2,43),(636,40289,NULL,5,2,40),(637,34028,NULL,1,4,42),(638,47381,NULL,3,2,45),(639,49208,NULL,4,10,45),(640,14851,NULL,3,9,37),(641,25510,NULL,5,7,42),(642,9161,NULL,1,9,35),(643,38722,NULL,5,1,40),(644,10371,NULL,6,10,45),(645,23776,NULL,4,4,43),(646,5296,NULL,3,9,45),(647,34246,NULL,3,3,47),(648,44485,NULL,4,4,37),(649,27586,NULL,1,7,44),(650,16310,NULL,3,7,45),(651,18826,NULL,1,2,38),(652,36073,NULL,1,1,41),(653,26143,NULL,5,4,49),(654,14007,NULL,1,3,39),(655,15791,NULL,1,10,35),(656,13760,NULL,4,11,46),(657,24788,NULL,1,9,39),(658,10077,NULL,4,5,41),(659,18793,NULL,3,2,41),(660,43370,NULL,5,2,47),(661,21559,NULL,5,8,40),(662,36556,NULL,1,1,39),(663,17635,NULL,3,10,45),(664,33296,NULL,4,3,41),(665,33121,NULL,5,11,35),(666,30890,NULL,2,5,37),(667,23607,NULL,4,5,47),(668,25171,NULL,2,4,46),(669,40214,NULL,6,4,46),(670,45861,NULL,4,3,36),(671,20813,NULL,6,3,46),(672,35825,NULL,2,8,46),(673,31754,NULL,4,5,37),(674,47961,NULL,1,2,36),(675,6831,NULL,3,1,47),(676,40116,NULL,6,5,49),(677,44205,NULL,1,5,41),(678,33888,NULL,2,6,43),(679,34251,NULL,5,9,47),(680,15654,NULL,3,6,45),(681,43832,NULL,2,10,45),(682,38711,NULL,2,4,42),(683,9856,NULL,6,3,44),(684,15022,NULL,2,9,45),(685,46988,NULL,4,3,49),(686,13409,NULL,5,10,42),(687,38465,NULL,2,10,43),(688,33865,NULL,3,5,36),(689,15930,NULL,2,1,43),(690,37205,NULL,3,11,46),(691,27474,NULL,5,7,36),(692,27227,NULL,4,5,46),(693,6545,NULL,4,8,46),(694,34056,NULL,3,5,44),(695,29199,NULL,1,5,46),(696,27240,NULL,6,3,36),(697,41754,NULL,5,6,39),(698,48174,NULL,5,3,43),(699,7136,NULL,1,7,37),(700,15897,NULL,1,4,42),(701,18166,NULL,6,2,48),(702,48081,NULL,2,9,36),(703,34600,NULL,3,4,36),(704,7528,NULL,3,5,43),(705,27293,NULL,5,6,46),(706,40495,NULL,3,2,46),(707,47675,NULL,1,4,41),(708,20672,NULL,1,8,40),(709,26434,NULL,3,3,47),(710,39117,NULL,4,8,35),(711,47364,NULL,5,9,37),(712,16380,NULL,5,8,44),(713,15721,NULL,1,5,47),(714,37597,NULL,2,2,47),(715,29039,NULL,3,6,38),(716,6807,NULL,6,1,46),(717,22083,NULL,6,10,39),(718,20254,NULL,2,3,42),(719,48396,NULL,3,2,44),(720,29089,NULL,3,5,43),(721,39642,NULL,6,3,48),(722,42802,NULL,5,8,37),(723,42028,NULL,2,8,46),(724,24775,NULL,3,4,48),(725,31725,NULL,1,5,46),(726,8279,NULL,4,4,40),(727,17332,NULL,1,1,46),(728,22771,NULL,4,2,39),(729,41372,NULL,4,7,41),(730,37036,NULL,3,8,37),(731,43050,NULL,1,10,45),(732,31162,NULL,3,10,47),(733,24539,NULL,5,11,45),(734,30370,NULL,5,10,42),(735,18529,NULL,6,6,48),(736,35585,NULL,2,9,48),(737,30477,NULL,4,5,38),(738,44844,NULL,2,1,39),(739,7098,NULL,4,7,46),(740,31833,NULL,4,6,48),(741,5419,NULL,4,11,46),(742,10720,NULL,1,11,47),(743,27465,NULL,2,7,48),(744,18545,NULL,5,6,49),(745,30284,NULL,2,4,35),(746,12799,NULL,6,4,43),(747,28443,NULL,6,2,49),(748,7183,NULL,2,7,35),(749,47281,NULL,1,9,36),(750,33187,NULL,4,6,49),(751,6213,NULL,6,3,37),(752,46300,NULL,3,11,40),(753,39456,NULL,3,1,45),(754,19503,NULL,3,4,41),(755,5550,NULL,5,9,41),(756,11494,NULL,4,7,49),(757,19418,NULL,6,9,44),(758,5743,NULL,6,9,46),(759,11079,NULL,3,1,38),(760,5642,NULL,1,2,41),(761,17710,NULL,5,8,48),(762,37253,NULL,2,8,35),(763,12277,NULL,4,9,41),(764,14043,NULL,3,9,45),(765,8791,NULL,3,9,41),(766,18446,NULL,1,9,49),(767,39729,NULL,4,11,43),(768,12455,NULL,5,8,36),(769,44220,NULL,2,4,39),(770,40632,NULL,3,9,45),(771,5966,NULL,3,2,41),(772,19844,NULL,6,8,37),(773,21079,NULL,4,1,47),(774,31461,NULL,1,3,49),(775,23159,NULL,5,5,40),(776,14091,NULL,3,11,36),(777,14791,NULL,3,8,49),(778,8930,NULL,6,8,46),(779,37567,NULL,5,5,35),(780,43279,NULL,2,10,42),(781,15284,NULL,5,7,49),(782,47546,NULL,2,3,36),(783,12413,NULL,4,5,36),(784,42337,NULL,3,3,48),(785,39091,NULL,6,5,47),(786,12778,NULL,3,3,48),(787,28270,NULL,4,3,42),(788,20471,NULL,3,11,44),(789,19345,NULL,3,10,35),(790,29383,NULL,6,10,39),(791,27222,NULL,5,6,40),(792,16729,NULL,4,9,39),(793,28598,NULL,4,9,37),(794,7178,NULL,3,8,35),(795,40329,NULL,2,4,42),(796,45400,NULL,1,4,44),(797,43678,NULL,4,7,45),(798,29770,NULL,1,5,38),(799,44260,NULL,1,5,49),(800,19082,NULL,4,6,42),(801,10971,NULL,1,8,36),(802,29632,NULL,3,5,41),(803,30285,NULL,2,8,43),(804,20632,NULL,1,9,39),(805,49802,NULL,2,6,35),(806,43379,NULL,3,2,45),(807,41628,NULL,2,10,42),(808,43380,NULL,3,7,45),(809,24812,NULL,2,4,41),(810,29370,NULL,2,10,44),(811,5103,NULL,1,6,45),(812,46160,NULL,2,10,39),(813,19041,NULL,2,1,38),(814,16384,NULL,4,5,41),(815,41302,NULL,2,11,40),(816,29740,NULL,6,10,43),(817,8812,NULL,1,8,41),(818,24538,NULL,5,6,37),(819,48135,NULL,5,4,47),(820,27718,NULL,3,5,45),(821,33436,NULL,3,6,46),(822,30153,NULL,3,7,46),(823,6391,NULL,6,11,45),(824,45713,NULL,2,8,49),(825,38179,NULL,5,4,48),(826,42980,NULL,4,5,44),(827,42348,NULL,1,10,35),(828,7681,NULL,2,1,39),(829,14640,NULL,5,4,48),(830,36183,NULL,1,8,48),(831,43122,NULL,2,10,41),(832,28970,NULL,1,4,36),(833,27486,NULL,6,1,46),(834,25566,NULL,2,10,44),(835,47263,NULL,5,3,38),(836,33659,NULL,2,3,46),(837,6527,NULL,2,6,45),(838,44440,NULL,3,10,49),(839,35217,NULL,6,6,44),(840,21947,NULL,6,6,47),(841,17526,NULL,5,9,39),(842,40773,NULL,6,11,44),(843,18798,NULL,4,8,49),(844,31937,NULL,3,3,36),(845,11764,NULL,5,8,45),(846,8038,NULL,1,9,41),(847,9471,NULL,6,2,44),(848,34065,NULL,6,9,43),(849,36952,NULL,1,7,45),(850,46364,NULL,1,2,45),(851,21166,NULL,6,11,41),(852,34538,NULL,2,10,35),(853,28257,NULL,1,7,38),(854,10012,NULL,5,6,38),(855,9635,NULL,3,9,35),(856,18286,NULL,5,3,36),(857,30648,NULL,2,7,45),(858,41576,NULL,6,3,39),(859,32422,NULL,2,4,39),(860,25970,NULL,3,1,37),(861,37395,NULL,3,7,40),(862,46243,NULL,1,4,45),(863,25821,NULL,5,2,45),(864,44067,NULL,5,5,48),(865,37611,NULL,6,3,46),(866,14504,NULL,5,10,43),(867,46344,NULL,3,7,48),(868,48587,NULL,3,2,47),(869,40585,NULL,3,6,49),(870,27369,NULL,1,8,35),(871,5991,NULL,1,2,41),(872,10868,NULL,3,5,38),(873,49798,NULL,2,2,46),(874,44690,NULL,1,7,42),(875,11816,NULL,6,10,42),(876,22148,NULL,3,11,46),(877,8022,NULL,2,8,44),(878,42544,NULL,6,10,46),(879,19512,NULL,6,5,36),(880,38484,NULL,4,10,37),(881,30416,NULL,2,1,35),(882,34298,NULL,4,1,39),(883,11592,NULL,1,10,39),(884,45040,NULL,5,5,40),(885,25638,NULL,1,3,49),(886,35107,NULL,4,4,37),(887,7679,NULL,4,6,44),(888,8678,NULL,4,2,42),(889,28009,NULL,1,11,44),(890,44130,NULL,6,1,41),(891,9714,NULL,4,5,38),(892,35446,NULL,6,4,38),(893,37118,NULL,5,1,43),(894,27683,NULL,4,2,35),(895,19991,NULL,4,1,41),(896,36584,NULL,5,11,40),(897,21724,NULL,2,5,38),(898,8103,NULL,5,9,39),(899,10042,NULL,2,6,35),(900,37106,NULL,1,3,37),(901,12070,NULL,4,5,42),(902,6155,NULL,4,3,47),(903,27508,NULL,2,4,49),(904,30163,NULL,6,10,49),(905,28360,NULL,3,9,40),(906,15605,NULL,3,1,46),(907,16696,NULL,3,4,49),(908,45837,NULL,6,2,48),(909,26306,NULL,2,8,48),(910,39187,NULL,6,8,36),(911,37065,NULL,6,11,48),(912,17387,NULL,5,2,38),(913,23094,NULL,4,3,38),(914,17259,NULL,4,8,40),(915,15564,NULL,5,6,42),(916,21088,NULL,3,7,41),(917,45879,NULL,1,10,37),(918,37602,NULL,1,2,39),(919,22804,NULL,1,8,39),(920,39288,NULL,1,5,38),(921,30682,NULL,3,5,37),(922,20261,NULL,1,11,45),(923,17340,NULL,3,2,47),(924,14535,NULL,4,5,47),(925,21357,NULL,2,11,37),(926,37434,NULL,6,2,38),(927,11824,NULL,1,1,47),(928,39753,NULL,1,8,36),(929,11476,NULL,1,4,40),(930,27841,NULL,4,6,36),(931,16841,NULL,2,7,45),(932,40969,NULL,4,8,40),(933,20837,NULL,4,6,47),(934,6029,NULL,6,4,47),(935,9388,NULL,2,11,36),(936,8606,NULL,5,11,41),(937,24078,NULL,2,9,46),(938,36532,NULL,5,10,39),(939,16252,NULL,4,8,37),(940,26589,NULL,5,7,40),(941,18077,NULL,4,3,47),(942,19418,NULL,1,11,47),(943,24409,NULL,2,3,43),(944,46888,NULL,5,2,49),(945,42062,NULL,6,6,37),(946,46946,NULL,2,7,43),(947,26217,NULL,2,3,41),(948,16048,NULL,6,6,35),(949,10844,NULL,6,4,39),(950,15951,NULL,1,5,39),(951,40205,NULL,6,8,46),(952,12207,NULL,2,4,40),(953,43644,NULL,3,2,35),(954,34985,NULL,1,10,48),(955,49752,NULL,2,7,46),(956,29400,NULL,1,4,45),(957,31933,NULL,3,4,48),(958,43894,NULL,4,5,39),(959,10405,NULL,3,5,41),(960,25854,NULL,4,4,35),(961,13202,NULL,1,1,36),(962,14148,NULL,3,3,45),(963,48301,NULL,1,8,44),(964,33686,NULL,6,1,38),(965,22871,NULL,4,6,44),(966,11808,NULL,2,7,45),(967,33955,NULL,3,3,39),(968,27881,NULL,1,4,43),(969,45334,NULL,6,4,47),(970,10411,NULL,2,11,35),(971,22965,NULL,2,5,43),(972,8568,NULL,3,5,47),(973,48280,NULL,2,1,35),(974,10752,NULL,2,7,46),(975,25216,NULL,4,10,40),(976,20842,NULL,5,7,37),(977,31218,NULL,6,9,40),(978,9631,NULL,6,5,36),(979,34282,NULL,4,11,47),(980,22324,NULL,4,7,40),(981,30725,NULL,5,1,38),(982,14217,NULL,6,5,42),(983,29746,NULL,4,9,45),(984,10551,NULL,2,10,38),(985,24952,NULL,2,3,41),(986,24782,NULL,4,9,36),(987,38664,NULL,6,9,39),(988,12042,NULL,5,9,47),(989,49165,NULL,4,1,38),(990,12587,NULL,5,10,48),(991,9414,NULL,6,7,43),(992,14669,NULL,1,1,41),(993,24982,NULL,1,8,36),(994,41377,NULL,3,2,39),(995,12339,NULL,1,1,46),(996,36959,NULL,2,8,38),(997,18550,NULL,1,2,41),(998,38885,NULL,2,3,43),(999,39855,NULL,6,8,42),(1000,35232,NULL,3,3,44),(1001,9413,NULL,5,9,46),(1002,22724,NULL,5,4,47),(1003,39604,NULL,3,3,41);
/*!40000 ALTER TABLE `товар` ENABLE KEYS */;
UNLOCK TABLES;

--
-- Table structure for table `услуга_запись`
--

DROP TABLE IF EXISTS `услуга_запись`;
/*!40101 SET @saved_cs_client     = @@character_set_client */;
/*!50503 SET character_set_client = utf8mb4 */;
CREATE TABLE `услуга_запись` (
  `id_record` int NOT NULL,
  `id_service` int NOT NULL,
  PRIMARY KEY (`id_record`,`id_service`),
  KEY `id_service` (`id_service`),
  CONSTRAINT `услуга_запись_ibfk_1` FOREIGN KEY (`id_record`) REFERENCES `запись` (`id_record`),
  CONSTRAINT `услуга_запись_ibfk_2` FOREIGN KEY (`id_service`) REFERENCES `услуги_автосервиса` (`id_service`)
) ENGINE=InnoDB DEFAULT CHARSET=utf8mb4 COLLATE=utf8mb4_0900_ai_ci;
/*!40101 SET character_set_client = @saved_cs_client */;

--
-- Dumping data for table `услуга_запись`
--

LOCK TABLES `услуга_запись` WRITE;
/*!40000 ALTER TABLE `услуга_запись` DISABLE KEYS */;
INSERT INTO `услуга_запись` VALUES (1,1),(39,1),(41,1),(43,1),(57,1),(64,1),(76,1),(102,1),(103,1),(136,1),(143,1),(149,1),(160,1),(171,1),(186,1),(199,1),(213,1),(215,1),(227,1),(234,1),(245,1),(252,1),(253,1),(258,1),(262,1),(268,1),(312,1),(314,1),(320,1),(323,1),(325,1),(344,1),(345,1),(354,1),(361,1),(392,1),(394,1),(397,1),(411,1),(425,1),(459,1),(464,1),(485,1),(488,1),(495,1),(500,1),(502,1),(528,1),(530,1),(534,1),(561,1),(562,1),(565,1),(566,1),(579,1),(581,1),(598,1),(599,1),(602,1),(603,1),(618,1),(619,1),(623,1),(630,1),(649,1),(651,1),(655,1),(657,1),(664,1),(674,1),(682,1),(722,1),(733,1),(735,1),(804,1),(811,1),(812,1),(814,1),(842,1),(844,1),(848,1),(858,1),(867,1),(880,1),(897,1),(901,1),(908,1),(923,1),(933,1),(936,1),(938,1),(943,1),(944,1),(955,1),(959,1),(976,1),(982,1),(983,1),(3,2),(14,2),(17,2),(26,2),(31,2),(50,2),(60,2),(73,2),(75,2),(98,2),(113,2),(116,2),(117,2),(119,2),(141,2),(155,2),(164,2),(185,2),(189,2),(204,2),(205,2),(209,2),(229,2),(240,2),(241,2),(247,2),(254,2),(270,2),(293,2),(300,2),(316,2),(328,2),(329,2),(335,2),(375,2),(378,2),(388,2),(403,2),(410,2),(414,2),(415,2),(417,2),(420,2),(429,2),(445,2),(448,2),(452,2),(455,2),(457,2),(468,2),(475,2),(489,2),(490,2),(508,2),(514,2),(525,2),(533,2),(537,2),(541,2),(542,2),(543,2),(547,2),(555,2),(558,2),(591,2),(607,2),(610,2),(620,2),(625,2),(650,2),(654,2),(668,2),(670,2),(671,2),(672,2),(675,2),(684,2),(694,2),(697,2),(698,2),(700,2),(701,2),(713,2),(714,2),(724,2),(729,2),(732,2),(737,2),(741,2),(749,2),(764,2),(770,2),(772,2),(785,2),(786,2),(787,2),(808,2),(834,2),(836,2),(857,2),(876,2),(896,2),(903,2),(939,2),(942,2),(953,2),(957,2),(958,2),(961,2),(968,2),(972,2),(984,2),(990,2),(7,3),(15,3),(23,3),(29,3),(37,3),(49,3),(51,3),(53,3),(66,3),(99,3),(108,3),(130,3),(137,3),(145,3),(150,3),(156,3),(157,3),(167,3),(184,3),(188,3),(194,3),(203,3),(212,3),(218,3),(219,3),(223,3),(236,3),(238,3),(239,3),(257,3),(267,3),(273,3),(276,3),(279,3),(281,3),(286,3),(290,3),(298,3),(315,3),(317,3),(326,3),(331,3),(342,3),(349,3),(350,3),(352,3),(356,3),(360,3),(363,3),(366,3),(368,3),(371,3),(372,3),(382,3),(398,3),(406,3),(407,3),(413,3),(430,3),(444,3),(451,3),(456,3),(491,3),(492,3),(506,3),(512,3),(519,3),(529,3),(538,3),(539,3),(551,3),(569,3),(600,3),(614,3),(645,3),(648,3),(656,3),(685,3),(691,3),(703,3),(718,3),(723,3),(728,3),(738,3),(744,3),(760,3),(773,3),(774,3),(775,3),(776,3),(797,3),(820,3),(821,3),(823,3),(831,3),(839,3),(847,3),(849,3),(859,3),(862,3),(881,3),(888,3),(904,3),(920,3),(925,3),(931,3),(937,3),(956,3),(960,3),(962,3),(966,3),(971,3),(988,3),(991,3),(13,4),(27,4),(40,4),(42,4),(44,4),(46,4),(56,4),(63,4),(79,4),(82,4),(85,4),(90,4),(95,4),(101,4),(110,4),(122,4),(126,4),(139,4),(161,4),(162,4),(173,4),(183,4),(195,4),(220,4),(222,4),(225,4),(233,4),(264,4),(265,4),(269,4),(277,4),(282,4),(284,4),(302,4),(327,4),(333,4),(337,4),(343,4),(348,4),(376,4),(377,4),(381,4),(404,4),(432,4),(434,4),(437,4),(449,4),(453,4),(454,4),(460,4),(463,4),(471,4),(479,4),(484,4),(510,4),(522,4),(554,4),(563,4),(571,4),(573,4),(576,4),(578,4),(584,4),(595,4),(597,4),(608,4),(613,4),(624,4),(626,4),(629,4),(632,4),(633,4),(653,4),(661,4),(667,4),(676,4),(686,4),(709,4),(711,4),(716,4),(717,4),(719,4),(742,4),(746,4),(752,4),(753,4),(757,4),(761,4),(763,4),(781,4),(784,4),(794,4),(795,4),(800,4),(822,4),(829,4),(833,4),(851,4),(855,4),(856,4),(866,4),(892,4),(893,4),(894,4),(905,4),(910,4),(912,4),(940,4),(949,4),(975,4),(977,4),(999,4),(8,5),(10,5),(45,5),(54,5),(59,5),(69,5),(70,5),(71,5),(78,5),(80,5),(83,5),(87,5),(92,5),(93,5),(115,5),(120,5),(121,5),(123,5),(125,5),(146,5),(174,5),(176,5),(192,5),(196,5),(198,5),(201,5),(202,5),(206,5),(207,5),(214,5),(228,5),(243,5),(244,5),(246,5),(251,5),(260,5),(271,5),(285,5),(295,5),(296,5),(301,5),(303,5),(310,5),(322,5),(332,5),(336,5),(338,5),(351,5),(353,5),(357,5),(358,5),(367,5),(380,5),(387,5),(405,5),(409,5),(412,5),(431,5),(433,5),(472,5),(483,5),(486,5),(504,5),(515,5),(517,5),(520,5),(527,5),(531,5),(556,5),(567,5),(572,5),(574,5),(580,5),(588,5),(592,5),(593,5),(596,5),(615,5),(627,5),(641,5),(660,5),(677,5),(689,5),(707,5),(725,5),(727,5),(734,5),(745,5),(755,5),(766,5),(771,5),(780,5),(792,5),(805,5),(809,5),(816,5),(818,5),(827,5),(864,5),(865,5),(871,5),(873,5),(875,5),(878,5),(891,5),(898,5),(900,5),(918,5),(921,5),(922,5),(928,5),(932,5),(946,5),(947,5),(952,5),(954,5),(963,5),(970,5),(973,5),(979,5),(986,5),(996,5),(6,6),(18,6),(30,6),(33,6),(36,6),(47,6),(48,6),(52,6),(55,6),(65,6),(72,6),(86,6),(91,6),(100,6),(118,6),(131,6),(147,6),(153,6),(159,6),(165,6),(179,6),(180,6),(182,6),(197,6),(208,6),(217,6),(230,6),(231,6),(242,6),(249,6),(256,6),(266,6),(278,6),(280,6),(294,6),(311,6),(319,6),(340,6),(341,6),(362,6),(386,6),(389,6),(390,6),(400,6),(408,6),(416,6),(419,6),(421,6),(443,6),(446,6),(450,6),(458,6),(461,6),(478,6),(480,6),(481,6),(487,6),(498,6),(509,6),(513,6),(516,6),(518,6),(546,6),(557,6),(560,6),(594,6),(605,6),(616,6),(617,6),(622,6),(631,6),(635,6),(637,6),(652,6),(666,6),(669,6),(695,6),(705,6),(731,6),(739,6),(740,6),(756,6),(759,6),(765,6),(769,6),(777,6),(782,6),(783,6),(791,6),(807,6),(824,6),(840,6),(853,6),(860,6),(861,6),(869,6),(870,6),(889,6),(895,6),(899,6),(914,6),(924,6),(945,6),(951,6),(1000,6),(12,7),(19,7),(20,7),(22,7),(32,7),(34,7),(74,7),(84,7),(88,7),(106,7),(107,7),(127,7),(128,7),(129,7),(132,7),(138,7),(152,7),(166,7),(168,7),(170,7),(175,7),(177,7),(187,7),(193,7),(200,7),(211,7),(224,7),(226,7),(237,7),(248,7),(275,7),(299,7),(304,7),(307,7),(308,7),(309,7),(330,7),(346,7),(347,7),(383,7),(384,7),(385,7),(396,7),(422,7),(424,7),(427,7),(438,7),(466,7),(469,7),(474,7),(494,7),(497,7),(505,7),(544,7),(545,7),(550,7),(552,7),(564,7),(568,7),(582,7),(589,7),(611,7),(636,7),(643,7),(644,7),(646,7),(662,7),(663,7),(665,7),(673,7),(681,7),(683,7),(688,7),(702,7),(704,7),(720,7),(726,7),(751,7),(768,7),(778,7),(779,7),(788,7),(789,7),(796,7),(799,7),(803,7),(815,7),(817,7),(826,7),(835,7),(837,7),(843,7),(846,7),(874,7),(877,7),(886,7),(907,7),(911,7),(915,7),(930,7),(934,7),(967,7),(980,7),(981,7),(987,7),(993,7),(994,7),(4,8),(9,8),(16,8),(24,8),(28,8),(58,8),(67,8),(68,8),(81,8),(94,8),(97,8),(104,8),(111,8),(114,8),(124,8),(135,8),(140,8),(142,8),(151,8),(169,8),(178,8),(181,8),(190,8),(191,8),(232,8),(250,8),(255,8),(259,8),(261,8),(283,8),(291,8),(297,8),(305,8),(306,8),(324,8),(334,8),(339,8),(369,8),(370,8),(373,8),(379,8),(391,8),(399,8),(401,8),(418,8),(428,8),(435,8),(436,8),(439,8),(440,8),(441,8),(442,8),(465,8),(467,8),(473,8),(493,8),(496,8),(523,8),(524,8),(526,8),(535,8),(540,8),(549,8),(553,8),(570,8),(575,8),(577,8),(590,8),(604,8),(609,8),(621,8),(628,8),(639,8),(640,8),(647,8),(658,8),(659,8),(687,8),(699,8),(708,8),(712,8),(715,8),(736,8),(743,8),(754,8),(758,8),(762,8),(767,8),(793,8),(810,8),(813,8),(825,8),(828,8),(841,8),(854,8),(863,8),(868,8),(883,8),(887,8),(913,8),(916,8),(917,8),(919,8),(926,8),(927,8),(935,8),(941,8),(950,8),(964,8),(965,8),(974,8),(985,8),(989,8),(995,8),(998,8),(5,9),(11,9),(21,9),(25,9),(35,9),(38,9),(61,9),(62,9),(77,9),(89,9),(96,9),(105,9),(109,9),(112,9),(133,9),(134,9),(144,9),(148,9),(154,9),(158,9),(163,9),(172,9),(210,9),(216,9),(221,9),(235,9),(263,9),(272,9),(274,9),(287,9),(288,9),(289,9),(292,9),(313,9),(318,9),(321,9),(355,9),(359,9),(364,9),(365,9),(374,9),(393,9),(395,9),(402,9),(423,9),(426,9),(447,9),(462,9),(470,9),(476,9),(477,9),(482,9),(499,9),(501,9),(503,9),(507,9),(511,9),(521,9),(532,9),(536,9),(548,9),(559,9),(583,9),(585,9),(586,9),(587,9),(601,9),(606,9),(612,9),(634,9),(638,9),(642,9),(678,9),(679,9),(680,9),(690,9),(692,9),(693,9),(696,9),(706,9),(710,9),(721,9),(730,9),(747,9),(748,9),(750,9),(790,9),(798,9),(801,9),(802,9),(806,9),(819,9),(830,9),(832,9),(838,9),(845,9),(850,9),(852,9),(872,9),(879,9),(882,9),(884,9),(885,9),(890,9),(902,9),(906,9),(909,9),(929,9),(948,9),(969,9),(978,9),(992,9),(997,9);
/*!40000 ALTER TABLE `услуга_запись` ENABLE KEYS */;
UNLOCK TABLES;

--
-- Table structure for table `услуга_магазин`
--

DROP TABLE IF EXISTS `услуга_магазин`;
/*!40101 SET @saved_cs_client     = @@character_set_client */;
/*!50503 SET character_set_client = utf8mb4 */;
CREATE TABLE `услуга_магазин` (
  `id_store` int NOT NULL,
  `id_service` int NOT NULL,
  PRIMARY KEY (`id_store`,`id_service`)
) ENGINE=InnoDB DEFAULT CHARSET=utf8mb4 COLLATE=utf8mb4_0900_ai_ci;
/*!40101 SET character_set_client = @saved_cs_client */;

--
-- Dumping data for table `услуга_магазин`
--

LOCK TABLES `услуга_магазин` WRITE;
/*!40000 ALTER TABLE `услуга_магазин` DISABLE KEYS */;
INSERT INTO `услуга_магазин` VALUES (1,1),(1,2),(1,8),(2,3),(2,5),(3,4),(4,1),(5,7),(6,6),(6,9);
/*!40000 ALTER TABLE `услуга_магазин` ENABLE KEYS */;
UNLOCK TABLES;

--
-- Table structure for table `услуги_автосервиса`
--

DROP TABLE IF EXISTS `услуги_автосервиса`;
/*!40101 SET @saved_cs_client     = @@character_set_client */;
/*!50503 SET character_set_client = utf8mb4 */;
CREATE TABLE `услуги_автосервиса` (
  `id_service` int NOT NULL AUTO_INCREMENT,
  `Name_` varchar(40) NOT NULL,
  `cost` int NOT NULL,
  PRIMARY KEY (`id_service`)
) ENGINE=InnoDB AUTO_INCREMENT=10 DEFAULT CHARSET=utf8mb4 COLLATE=utf8mb4_0900_ai_ci;
/*!40101 SET character_set_client = @saved_cs_client */;

--
-- Dumping data for table `услуги_автосервиса`
--

LOCK TABLES `услуги_автосервиса` WRITE;
/*!40000 ALTER TABLE `услуги_автосервиса` DISABLE KEYS */;
INSERT INTO `услуги_автосервиса` VALUES (1,'Чистка салона',2000),(2,'Смена шин',1500),(3,'Замена стекла',3000),(4,'Хранение шин',2000),(5,'Замена автомобильного масла',3000),(6,'ТО',10000),(7,'Диагностика',2000),(8,'Компьютерная диагностика',1500),(9,'Правка дисков ',1000);
/*!40000 ALTER TABLE `услуги_автосервиса` ENABLE KEYS */;
UNLOCK TABLES;

--
-- Table structure for table `шины`
--

DROP TABLE IF EXISTS `шины`;
/*!40101 SET @saved_cs_client     = @@character_set_client */;
/*!50503 SET character_set_client = utf8mb4 */;
CREATE TABLE `шины` (
  `id_размеры` int NOT NULL,
  `id_производителя` int NOT NULL,
  `id_резины` int NOT NULL,
  `idшины` int NOT NULL AUTO_INCREMENT,
  PRIMARY KEY (`idшины`),
  KEY `fk_tires_rubber_idx` (`id_резины`),
  KEY `fk_tires_worker_idx` (`id_производителя`),
  KEY `fk_tires_size_idx` (`id_размеры`),
  CONSTRAINT `fk_tires_rubber` FOREIGN KEY (`id_резины`) REFERENCES `тип_резины` (`idРезины`),
  CONSTRAINT `fk_tires_size` FOREIGN KEY (`id_размеры`) REFERENCES `параметры_шин` (`id_параметров`),
  CONSTRAINT `fk_tires_worker` FOREIGN KEY (`id_производителя`) REFERENCES `производитель_шин` (`id_vendor_psh`)
) ENGINE=InnoDB AUTO_INCREMENT=12 DEFAULT CHARSET=utf8mb4 COLLATE=utf8mb4_0900_ai_ci;
/*!40101 SET character_set_client = @saved_cs_client */;

--
-- Dumping data for table `шины`
--

LOCK TABLES `шины` WRITE;
/*!40000 ALTER TABLE `шины` DISABLE KEYS */;
INSERT INTO `шины` VALUES (1,1,1,1),(2,2,2,2),(3,3,3,3),(4,4,4,4),(5,5,5,5),(6,6,6,6),(7,8,7,7),(8,7,8,8),(9,10,9,9),(10,9,10,10),(11,2,6,11);
/*!40000 ALTER TABLE `шины` ENABLE KEYS */;
UNLOCK TABLES;
/*!40103 SET TIME_ZONE=@OLD_TIME_ZONE */;

/*!40101 SET SQL_MODE=@OLD_SQL_MODE */;
/*!40014 SET FOREIGN_KEY_CHECKS=@OLD_FOREIGN_KEY_CHECKS */;
/*!40014 SET UNIQUE_CHECKS=@OLD_UNIQUE_CHECKS */;
/*!40101 SET CHARACTER_SET_CLIENT=@OLD_CHARACTER_SET_CLIENT */;
/*!40101 SET CHARACTER_SET_RESULTS=@OLD_CHARACTER_SET_RESULTS */;
/*!40101 SET COLLATION_CONNECTION=@OLD_COLLATION_CONNECTION */;
/*!40111 SET SQL_NOTES=@OLD_SQL_NOTES */;

-- Dump completed on 2021-06-09 14:53:19
